-- phpMyAdmin SQL Dump
-- version 5.2.1
-- https://www.phpmyadmin.net/
--
-- Host: 127.0.0.1
-- Generation Time: May 08, 2026 at 05:57 AM
-- Server version: 10.4.32-MariaDB
-- PHP Version: 8.0.30

SET SQL_MODE = "NO_AUTO_VALUE_ON_ZERO";
START TRANSACTION;
SET time_zone = "+00:00";


/*!40101 SET @OLD_CHARACTER_SET_CLIENT=@@CHARACTER_SET_CLIENT */;
/*!40101 SET @OLD_CHARACTER_SET_RESULTS=@@CHARACTER_SET_RESULTS */;
/*!40101 SET @OLD_COLLATION_CONNECTION=@@COLLATION_CONNECTION */;
/*!40101 SET NAMES utf8mb4 */;

--
-- Database: `maison_sakura`
--

-- --------------------------------------------------------

--
-- Table structure for table `audit_logs`
--

CREATE TABLE `audit_logs` (
  `log_id` int(11) NOT NULL,
  `action` varchar(255) NOT NULL,
  `table_name` varchar(100) DEFAULT NULL,
  `record_id` int(11) DEFAULT NULL,
  `ip_address` varchar(45) DEFAULT NULL,
  `created_at` datetime DEFAULT current_timestamp()
) ENGINE=InnoDB DEFAULT CHARSET=utf8mb4 COLLATE=utf8mb4_general_ci;

--
-- Dumping data for table `audit_logs`
--

INSERT INTO `audit_logs` (`log_id`, `action`, `table_name`, `record_id`, `ip_address`, `created_at`) VALUES
(24, 'Deleted admin ID: 107', 'users', 107, '::1', '2025-10-13 16:27:26'),
(25, 'Added new admin: Chen Lu Yu', 'users', 108, '::1', '2025-10-13 16:27:41'),
(26, 'Added new admin: Ya Han', 'users', 109, '::1', '2025-10-13 16:30:38'),
(27, 'Updated admin: Ya Han', 'users', 109, '::1', '2025-10-13 16:35:11'),
(28, 'Deleted admin ID: 108', 'users', 108, '::1', '2025-10-13 20:34:26'),
(29, 'Deleted admin ID: 89', 'users', 89, '::1', '2025-10-13 20:34:32'),
(30, 'Deleted admin ID: 82', 'users', 82, '::1', '2025-10-28 15:01:43'),
(31, 'Deleted admin ID: 84', 'users', 84, '::1', '2025-10-28 15:01:46'),
(32, 'Updated admin: Mona Ooi ', 'users', 114, '::1', '2025-11-01 23:44:31'),
(33, 'Added new admin: Marcus Ng', 'users', 116, '::1', '2025-11-03 13:17:33'),
(34, 'Updated admin: Marcus ', 'users', 116, '::1', '2025-11-03 13:18:32'),
(35, 'Deleted admin ID: 116', 'users', 116, '::1', '2025-11-03 13:19:01'),
(36, 'Added new admin: 123', 'users', 126, '::1', '2025-11-25 12:28:21'),
(37, 'Updated admin: 123', 'users', 126, '::1', '2025-11-25 12:28:25'),
(38, 'Updated admin: 123', 'users', 126, '::1', '2025-11-25 12:28:30'),
(39, 'Updated admin: 123', 'users', 126, '::1', '2025-11-25 12:28:37'),
(40, 'Added new admin: 123', 'users', 127, '::1', '2025-11-25 12:35:34'),
(41, 'Deleted admin ID: 126', 'users', 126, '::1', '2025-11-25 12:39:40'),
(42, 'Deleted admin ID: 127', 'users', 127, '::1', '2025-11-25 12:39:44'),
(43, 'Added new admin: 123', 'users', 128, '::1', '2025-11-25 12:42:59'),
(44, 'Deleted admin ID: 128', 'users', 128, '::1', '2025-11-25 14:22:14'),
(45, 'Added new admin: Harry Ho', 'users', 134, '::1', '2026-01-23 00:12:28'),
(46, 'Added new admin: Xia Cheng Nan', 'users', 137, '::1', '2026-03-28 01:04:10'),
(47, 'Deleted admin ID: 137', 'users', 137, '::1', '2026-03-28 22:26:16'),
(48, 'Added new admin: Xia Zheng Nan', 'users', 138, '::1', '2026-03-28 22:29:25'),
(49, 'Deleted admin ID: 2', 'users', 2, '::1', '2026-05-02 17:24:21'),
(50, 'Deleted admin ID: 3', 'users', 3, '::1', '2026-05-02 17:24:23'),
(51, 'Deleted admin ID: 5', 'users', 5, '::1', '2026-05-02 17:24:27');

-- --------------------------------------------------------

--
-- Table structure for table `cart`
--

CREATE TABLE `cart` (
  `cart_id` int(11) NOT NULL,
  `users_id` int(11) NOT NULL,
  `products_id` int(11) NOT NULL,
  `quantity` int(11) NOT NULL,
  `created_at` timestamp NOT NULL DEFAULT current_timestamp(),
  `discount_percent` decimal(5,2) DEFAULT 0.00
) ENGINE=InnoDB DEFAULT CHARSET=utf8mb4 COLLATE=utf8mb4_general_ci;

-- --------------------------------------------------------

--
-- Table structure for table `customer_payments`
--

CREATE TABLE `customer_payments` (
  `payment_id` int(11) NOT NULL,
  `order_id` int(11) NOT NULL,
  `users_id` int(11) NOT NULL,
  `payment_method` varchar(50) DEFAULT NULL,
  `amount` decimal(10,2) NOT NULL,
  `payment_status` enum('Payment Success','Received','Cancelled & Refunded') NOT NULL DEFAULT 'Payment Success',
  `ewallet_phone` varchar(20) DEFAULT NULL,
  `ewallet_otp` int(11) DEFAULT NULL,
  `card_number` varchar(20) DEFAULT NULL,
  `card_name` varchar(100) DEFAULT NULL,
  `expiry_month` int(11) DEFAULT NULL,
  `expiry_year` int(11) DEFAULT NULL,
  `cvv` int(11) DEFAULT NULL,
  `created_at` timestamp NOT NULL DEFAULT current_timestamp()
) ENGINE=InnoDB DEFAULT CHARSET=utf8mb4 COLLATE=utf8mb4_general_ci;

--
-- Dumping data for table `customer_payments`
--

INSERT INTO `customer_payments` (`payment_id`, `order_id`, `users_id`, `payment_method`, `amount`, `payment_status`, `ewallet_phone`, `ewallet_otp`, `card_number`, `card_name`, `expiry_month`, `expiry_year`, `cvv`, `created_at`) VALUES
(237, 383, 133, 'TouchNGo', 48.00, 'Received', NULL, NULL, NULL, NULL, NULL, NULL, NULL, '2026-03-06 08:16:35'),
(238, 384, 133, 'TouchNGo', 12.00, 'Received', NULL, NULL, NULL, NULL, NULL, NULL, NULL, '2026-03-15 15:18:48'),
(239, 385, 135, 'Card', 24.88, 'Received', NULL, NULL, NULL, NULL, NULL, NULL, NULL, '2026-03-27 13:21:54'),
(240, 386, 124, 'TouchNGo', 136.56, 'Received', NULL, NULL, NULL, NULL, NULL, NULL, NULL, '2026-03-27 15:34:03'),
(241, 387, 130, 'Boost', 112.80, 'Received', NULL, NULL, NULL, NULL, NULL, NULL, NULL, '2026-03-27 15:35:46'),
(242, 388, 132, 'Card', 27.92, 'Received', NULL, NULL, NULL, NULL, NULL, NULL, NULL, '2026-03-27 15:37:38'),
(243, 389, 136, 'GrabPay', 62.64, 'Received', NULL, NULL, NULL, NULL, NULL, NULL, NULL, '2026-03-27 16:59:42'),
(244, 390, 136, 'GrabPay', 160.32, 'Received', NULL, NULL, NULL, NULL, NULL, NULL, NULL, '2026-03-28 14:37:25'),
(245, 391, 135, 'GrabPay', 38.96, 'Received', NULL, NULL, NULL, NULL, NULL, NULL, NULL, '2026-03-28 14:40:15'),
(246, 392, 132, 'Card', 153.60, 'Received', NULL, NULL, NULL, NULL, NULL, NULL, NULL, '2026-03-28 15:43:13'),
(247, 393, 139, 'TouchNGo', 114.32, 'Received', NULL, NULL, NULL, NULL, NULL, NULL, NULL, '2026-03-28 15:50:02'),
(248, 394, 135, 'TouchNGo', 144.00, 'Received', NULL, NULL, NULL, NULL, NULL, NULL, NULL, '2026-03-29 13:37:45'),
(249, 395, 136, 'TouchNGo', 55.60, 'Received', NULL, NULL, NULL, NULL, NULL, NULL, NULL, '2026-03-29 13:43:33'),
(250, 396, 124, 'TouchNGo', 110.24, 'Received', NULL, NULL, NULL, NULL, NULL, NULL, NULL, '2026-03-29 13:51:58'),
(251, 398, 139, 'TouchNGo', 122.24, 'Received', NULL, NULL, NULL, NULL, NULL, NULL, NULL, '2026-03-29 13:58:54'),
(252, 399, 139, 'TouchNGo', 12.00, 'Received', NULL, NULL, NULL, NULL, NULL, NULL, NULL, '2026-03-29 14:05:11'),
(253, 400, 130, 'TouchNGo', 48.64, 'Received', NULL, NULL, NULL, NULL, NULL, NULL, NULL, '2026-03-29 14:07:50'),
(254, 401, 130, 'TouchNGo', 7.12, 'Received', NULL, NULL, NULL, NULL, NULL, NULL, NULL, '2026-03-29 14:09:03'),
(255, 402, 130, 'TouchNGo', 7.12, 'Received', NULL, NULL, NULL, NULL, NULL, NULL, NULL, '2026-03-29 14:09:48'),
(256, 403, 132, 'TouchNGo', 40.48, 'Received', NULL, NULL, NULL, NULL, NULL, NULL, NULL, '2026-03-29 14:16:12'),
(257, 404, 133, 'TouchNGo', 65.20, 'Received', NULL, NULL, NULL, NULL, NULL, NULL, NULL, '2026-03-29 14:17:55'),
(258, 405, 135, 'TouchNGo', 178.64, 'Received', NULL, NULL, NULL, NULL, NULL, NULL, NULL, '2026-03-30 15:11:18'),
(259, 406, 139, 'TouchNGo', 119.12, 'Received', NULL, NULL, NULL, NULL, NULL, NULL, NULL, '2026-03-30 15:18:29'),
(260, 407, 139, 'TouchNGo', 8.80, 'Received', NULL, NULL, NULL, NULL, NULL, NULL, NULL, '2026-03-30 15:30:57'),
(261, 408, 136, 'TouchNGo', 7.12, 'Received', NULL, NULL, NULL, NULL, NULL, NULL, NULL, '2026-03-30 15:32:42'),
(262, 409, 136, 'TouchNGo', 10.40, 'Received', NULL, NULL, NULL, NULL, NULL, NULL, NULL, '2026-03-30 15:37:36'),
(263, 410, 130, 'TouchNGo', 100.64, 'Received', NULL, NULL, NULL, NULL, NULL, NULL, NULL, '2026-03-30 15:41:43'),
(264, 411, 132, 'TouchNGo', 65.36, 'Received', NULL, NULL, NULL, NULL, NULL, NULL, NULL, '2026-03-30 15:45:09'),
(265, 412, 141, 'TouchNGo', 12.00, 'Received', NULL, NULL, NULL, NULL, NULL, NULL, NULL, '2026-04-01 02:32:03'),
(266, 413, 135, 'TouchNGo', 12.00, 'Received', NULL, NULL, NULL, NULL, NULL, NULL, NULL, '2026-04-01 02:33:09'),
(267, 414, 136, 'TouchNGo', 12.00, 'Received', NULL, NULL, NULL, NULL, NULL, NULL, NULL, '2026-04-01 02:54:14'),
(268, 415, 142, 'Card', 3.60, 'Received', NULL, NULL, NULL, NULL, NULL, NULL, NULL, '2026-04-01 05:35:36'),
(269, 416, 135, 'GrabPay', 33.00, 'Received', NULL, NULL, NULL, NULL, NULL, NULL, NULL, '2026-04-01 06:10:56'),
(270, 417, 135, 'Card', 130.90, 'Received', NULL, NULL, NULL, NULL, NULL, NULL, NULL, '2026-04-03 13:06:11'),
(271, 418, 135, 'Card', 148.50, 'Received', NULL, NULL, NULL, NULL, NULL, NULL, NULL, '2026-04-10 12:26:16'),
(272, 419, 143, 'Card', 63.12, 'Received', NULL, NULL, NULL, NULL, NULL, NULL, NULL, '2026-04-10 12:48:39'),
(273, 420, 136, 'TouchNGo', 203.67, 'Received', NULL, NULL, NULL, NULL, NULL, NULL, NULL, '2026-04-10 12:58:50'),
(274, 421, 144, 'Card', 138.70, 'Received', NULL, NULL, NULL, NULL, NULL, NULL, NULL, '2026-04-10 13:23:39'),
(275, 422, 139, 'TouchNGo', 165.96, 'Received', NULL, NULL, NULL, NULL, NULL, NULL, NULL, '2026-04-10 13:52:45'),
(276, 423, 135, 'TouchNGo', 119.46, 'Received', NULL, NULL, NULL, NULL, NULL, NULL, NULL, '2026-04-17 13:17:47'),
(277, 424, 136, 'TouchNGo', 133.30, 'Received', NULL, NULL, NULL, NULL, NULL, NULL, NULL, '2026-04-17 13:28:36'),
(278, 425, 139, 'TouchNGo', 49.08, 'Received', NULL, NULL, NULL, NULL, NULL, NULL, NULL, '2026-04-17 13:33:31'),
(279, 426, 133, 'TouchNGo', 122.85, 'Received', NULL, NULL, NULL, NULL, NULL, NULL, NULL, '2026-04-17 13:36:18'),
(280, 427, 142, 'TouchNGo', 39.15, 'Received', NULL, NULL, NULL, NULL, NULL, NULL, NULL, '2026-04-17 13:38:38'),
(281, 428, 141, 'TouchNGo', 106.50, 'Received', NULL, NULL, NULL, NULL, NULL, NULL, NULL, '2026-04-17 13:40:34'),
(282, 429, 130, 'GrabPay', 97.92, 'Received', NULL, NULL, NULL, NULL, NULL, NULL, NULL, '2026-04-17 13:43:19'),
(283, 431, 144, 'Card', 48.24, 'Received', NULL, NULL, NULL, NULL, NULL, NULL, NULL, '2026-04-17 13:50:05'),
(284, 432, 143, 'Card', 56.73, 'Received', NULL, NULL, NULL, NULL, NULL, NULL, NULL, '2026-04-17 13:54:09'),
(285, 433, 124, 'Boost', 242.92, 'Received', NULL, NULL, NULL, NULL, NULL, NULL, NULL, '2026-04-17 13:59:14'),
(286, 434, 136, 'TouchNGo', 16.02, 'Received', NULL, NULL, NULL, NULL, NULL, NULL, NULL, '2026-04-25 15:51:29'),
(287, 435, 135, 'GrabPay', 26.28, 'Received', NULL, NULL, NULL, NULL, NULL, NULL, NULL, '2026-04-26 06:34:45'),
(288, 437, 145, 'GrabPay', 24.03, 'Received', NULL, NULL, NULL, NULL, NULL, NULL, NULL, '2026-04-26 06:38:52'),
(289, 438, 124, 'TouchNGo', 8.01, 'Received', NULL, NULL, NULL, NULL, NULL, NULL, NULL, '2026-04-26 06:44:14'),
(290, 439, 135, 'TouchNGo', 74.61, 'Cancelled & Refunded', NULL, NULL, NULL, NULL, NULL, NULL, NULL, '2026-04-30 03:53:28'),
(291, 440, 139, 'TouchNGo', 79.03, 'Received', NULL, NULL, NULL, NULL, NULL, NULL, NULL, '2026-04-30 04:33:32'),
(292, 441, 136, 'Boost', 87.66, 'Received', NULL, NULL, NULL, NULL, NULL, NULL, NULL, '2026-04-30 04:41:37'),
(293, 442, 135, 'GrabPay', 18.36, 'Received', NULL, NULL, NULL, NULL, NULL, NULL, NULL, '2026-04-30 11:48:47'),
(294, 443, 136, 'Card', 52.00, 'Received', NULL, NULL, NULL, NULL, NULL, NULL, NULL, '2026-05-02 09:13:49'),
(295, 444, 135, 'TouchNGo', 71.12, 'Received', NULL, NULL, NULL, NULL, NULL, NULL, NULL, '2026-05-02 09:17:02'),
(296, 445, 133, 'TouchNGo', 110.40, 'Received', NULL, NULL, NULL, NULL, NULL, NULL, NULL, '2026-05-02 09:19:36'),
(297, 446, 142, 'TouchNGo', 7.20, 'Received', NULL, NULL, NULL, NULL, NULL, NULL, NULL, '2026-05-02 09:31:37'),
(298, 447, 146, 'Card', 33.36, 'Received', NULL, NULL, NULL, NULL, NULL, NULL, NULL, '2026-05-02 09:38:07'),
(299, 448, 124, 'TouchNGo', 17.12, 'Payment Success', NULL, NULL, NULL, NULL, NULL, NULL, NULL, '2026-05-04 12:36:41');

-- --------------------------------------------------------

--
-- Table structure for table `messages`
--

CREATE TABLE `messages` (
  `users_id` int(11) NOT NULL,
  `name` varchar(100) NOT NULL,
  `email` varchar(150) NOT NULL,
  `message` text NOT NULL,
  `created_at` timestamp NOT NULL DEFAULT current_timestamp()
) ENGINE=InnoDB DEFAULT CHARSET=utf8mb4 COLLATE=utf8mb4_general_ci;

--
-- Dumping data for table `messages`
--

INSERT INTO `messages` (`users_id`, `name`, `email`, `message`, `created_at`) VALUES
(43, 'Ronny Lee', 'ronnylee@gmail.com', 'I will collect the product by 6pm', '2026-03-06 08:18:23'),
(44, 'Chen Yi Pu', 'chenyipu@gmail.com', 'I will collect the product now', '2026-03-29 13:38:29'),
(45, 'Xu Dan Ping', 'danping@gmail.com', 'I will collect the product now', '2026-03-29 13:44:36'),
(46, 'Chen Yi Pu', 'rngkxxx@gmail.com', 'I will collect the product by tomorrow 9am', '2026-04-17 13:20:39'),
(47, 'Chen Yi Pu', 'rngkxxx@gmail.com', 'I will collect your product on tomorrow 10AM', '2026-04-30 11:50:21');

-- --------------------------------------------------------

--
-- Table structure for table `orders`
--

CREATE TABLE `orders` (
  `order_id` int(11) NOT NULL,
  `users_id` int(11) NOT NULL,
  `total_price` decimal(10,2) NOT NULL,
  `payment_method` varchar(50) DEFAULT NULL,
  `payment_status` enum('Payment Success','Received','Cancelled & Refunded') NOT NULL DEFAULT 'Payment Success',
  `pickup_date` date NOT NULL,
  `pickup_time` time NOT NULL,
  `created_at` datetime DEFAULT current_timestamp(),
  `cancelled_by` varchar(50) DEFAULT NULL,
  `cancelled_at` datetime DEFAULT NULL
) ENGINE=InnoDB DEFAULT CHARSET=utf8mb4 COLLATE=utf8mb4_general_ci;

--
-- Dumping data for table `orders`
--

INSERT INTO `orders` (`order_id`, `users_id`, `total_price`, `payment_method`, `payment_status`, `pickup_date`, `pickup_time`, `created_at`, `cancelled_by`, `cancelled_at`) VALUES
(383, 133, 48.00, 'TouchNGo', 'Received', '2026-03-06', '18:00:00', '2026-03-06 16:16:35', NULL, NULL),
(384, 133, 12.00, 'TouchNGo', 'Received', '2026-03-16', '11:18:00', '2026-03-15 23:18:48', NULL, NULL),
(385, 135, 24.88, 'Card', 'Received', '2026-03-28', '11:00:00', '2026-03-27 21:21:54', NULL, NULL),
(386, 124, 136.56, 'TouchNGo', 'Received', '2026-03-28', '12:00:00', '2026-03-27 23:34:03', NULL, NULL),
(387, 130, 112.80, 'Boost', 'Received', '2026-03-28', '12:00:00', '2026-03-27 23:35:46', NULL, NULL),
(388, 132, 27.92, 'Card', 'Received', '2026-03-28', '12:00:00', '2026-03-27 23:37:38', NULL, NULL),
(389, 136, 62.64, 'GrabPay', 'Received', '2026-03-28', '12:00:00', '2026-03-28 00:59:42', NULL, NULL),
(390, 136, 160.32, 'GrabPay', 'Received', '2026-03-29', '10:00:00', '2026-03-28 22:37:25', NULL, NULL),
(391, 135, 38.96, 'GrabPay', 'Received', '2026-03-29', '12:00:00', '2026-03-28 22:40:14', NULL, NULL),
(392, 132, 153.60, 'Card', 'Received', '2026-03-29', '11:00:00', '2026-03-28 23:43:13', NULL, NULL),
(393, 139, 114.32, 'TouchNGo', 'Received', '2026-03-29', '11:00:00', '2026-03-28 23:50:02', NULL, NULL),
(394, 135, 144.00, 'TouchNGo', 'Received', '2026-03-29', '21:38:00', '2026-03-29 21:37:45', NULL, NULL),
(395, 136, 55.60, 'TouchNGo', 'Received', '2026-03-29', '21:45:00', '2026-03-29 21:43:33', NULL, NULL),
(396, 124, 110.24, 'TouchNGo', 'Received', '2026-03-29', '21:52:00', '2026-03-29 21:51:58', NULL, NULL),
(398, 139, 122.24, 'TouchNGo', 'Received', '2026-03-29', '21:59:00', '2026-03-29 21:58:54', NULL, NULL),
(399, 139, 12.00, 'TouchNGo', 'Received', '2026-03-30', '10:00:00', '2026-03-29 22:05:11', NULL, NULL),
(400, 130, 48.64, 'TouchNGo', 'Received', '2026-03-30', '22:00:00', '2026-03-29 22:07:50', NULL, NULL),
(401, 130, 7.12, 'TouchNGo', 'Received', '2026-03-30', '10:01:00', '2026-03-29 22:09:03', NULL, NULL),
(402, 130, 7.12, 'TouchNGo', 'Received', '2026-03-30', '10:00:00', '2026-03-29 22:09:48', NULL, NULL),
(403, 132, 40.48, 'TouchNGo', 'Received', '2026-03-30', '10:00:00', '2026-03-29 22:16:12', NULL, NULL),
(404, 133, 65.20, 'TouchNGo', 'Received', '2026-03-30', '22:00:00', '2026-03-29 22:17:55', NULL, NULL),
(405, 135, 178.64, 'TouchNGo', 'Received', '2026-03-31', '10:00:00', '2026-03-30 23:11:18', NULL, NULL),
(406, 139, 119.12, 'TouchNGo', 'Received', '2026-03-31', '10:00:00', '2026-03-30 23:18:29', NULL, NULL),
(407, 139, 8.80, 'TouchNGo', 'Received', '2026-03-30', '23:34:00', '2026-03-30 23:30:57', NULL, NULL),
(408, 136, 7.12, 'TouchNGo', 'Received', '2026-03-30', '23:33:00', '2026-03-30 23:32:42', NULL, NULL),
(409, 136, 10.40, 'TouchNGo', 'Received', '2026-03-30', '23:38:00', '2026-03-30 23:37:36', NULL, NULL),
(410, 130, 100.64, 'TouchNGo', 'Received', '2026-03-30', '23:42:00', '2026-03-30 23:41:43', NULL, NULL),
(411, 132, 65.36, 'TouchNGo', 'Received', '2026-03-31', '21:59:00', '2026-03-30 23:45:09', NULL, NULL),
(412, 141, 12.00, 'TouchNGo', 'Received', '2026-04-01', '11:00:00', '2026-04-01 10:32:03', NULL, NULL),
(413, 135, 12.00, 'TouchNGo', 'Received', '2026-04-01', '21:59:00', '2026-04-01 10:33:09', NULL, NULL),
(414, 136, 12.00, 'TouchNGo', 'Received', '2026-04-01', '10:55:00', '2026-04-01 10:54:14', NULL, NULL),
(415, 142, 3.60, 'Card', 'Received', '2026-04-01', '14:00:00', '2026-04-01 13:35:36', NULL, NULL),
(416, 135, 33.00, 'GrabPay', 'Received', '2026-04-01', '14:11:00', '2026-04-01 14:10:56', NULL, NULL),
(417, 135, 130.90, 'Card', 'Received', '2026-04-05', '15:00:00', '2026-04-03 21:06:11', NULL, NULL),
(418, 135, 148.50, 'Card', 'Received', '2026-04-11', '11:00:00', '2026-04-10 20:26:16', NULL, NULL),
(419, 143, 63.12, 'Card', 'Received', '2026-04-12', '11:00:00', '2026-04-10 20:48:39', NULL, NULL),
(420, 136, 203.67, 'TouchNGo', 'Received', '2026-04-11', '09:00:00', '2026-04-10 20:58:50', NULL, NULL),
(421, 144, 138.70, 'Card', 'Received', '2026-04-12', '12:00:00', '2026-04-10 21:23:39', NULL, NULL),
(422, 139, 165.96, 'TouchNGo', 'Received', '2026-04-13', '10:00:00', '2026-04-10 21:52:45', NULL, NULL),
(423, 135, 119.46, 'TouchNGo', 'Received', '2026-04-18', '09:00:00', '2026-04-17 21:17:47', NULL, NULL),
(424, 136, 133.30, 'TouchNGo', 'Received', '2026-04-18', '09:00:00', '2026-04-17 21:28:36', NULL, NULL),
(425, 139, 49.08, 'TouchNGo', 'Received', '2026-04-18', '09:00:00', '2026-04-17 21:33:31', NULL, NULL),
(426, 133, 122.85, 'TouchNGo', 'Received', '2026-04-18', '11:00:00', '2026-04-17 21:36:18', NULL, NULL),
(427, 142, 39.15, 'TouchNGo', 'Received', '2026-04-18', '12:00:00', '2026-04-17 21:38:38', NULL, NULL),
(428, 141, 106.50, 'TouchNGo', 'Received', '2026-04-18', '11:30:00', '2026-04-17 21:40:34', NULL, NULL),
(429, 130, 97.92, 'GrabPay', 'Received', '2026-04-18', '10:30:00', '2026-04-17 21:43:19', NULL, NULL),
(431, 144, 48.24, 'Card', 'Received', '2026-04-19', '12:30:00', '2026-04-17 21:50:05', NULL, NULL),
(432, 143, 56.73, 'Card', 'Received', '2026-04-20', '14:00:00', '2026-04-17 21:54:09', NULL, NULL),
(433, 124, 242.92, 'Boost', 'Received', '2026-04-18', '15:00:00', '2026-04-17 21:59:14', NULL, NULL),
(434, 136, 16.02, 'TouchNGo', 'Received', '2026-04-26', '12:51:00', '2026-04-25 23:51:29', NULL, NULL),
(435, 135, 26.28, 'GrabPay', 'Received', '2026-04-26', '15:00:00', '2026-04-26 14:34:45', NULL, NULL),
(437, 145, 24.03, 'GrabPay', 'Received', '2026-04-26', '16:00:00', '2026-04-26 14:38:52', NULL, NULL),
(438, 124, 8.01, 'TouchNGo', 'Received', '2026-04-26', '18:44:00', '2026-04-26 14:44:14', NULL, NULL),
(439, 135, 74.61, 'TouchNGo', 'Cancelled & Refunded', '2026-04-30', '12:00:00', '2026-04-30 11:53:28', 'Xia Zheng Nan', '2026-04-30 05:56:18'),
(440, 139, 79.03, 'TouchNGo', 'Received', '2026-04-30', '13:00:00', '2026-04-30 12:33:32', NULL, NULL),
(441, 136, 87.66, 'Boost', 'Received', '2026-04-30', '13:00:00', '2026-04-30 12:41:37', NULL, NULL),
(442, 135, 18.36, 'GrabPay', 'Received', '2026-05-01', '10:00:00', '2026-04-30 19:48:47', NULL, NULL),
(443, 136, 52.00, 'Card', 'Received', '2026-05-02', '17:30:00', '2026-05-02 17:13:49', NULL, NULL),
(444, 135, 71.12, 'TouchNGo', 'Received', '2026-05-02', '17:30:00', '2026-05-02 17:17:02', NULL, NULL),
(445, 133, 110.40, 'TouchNGo', 'Received', '2026-05-02', '18:30:00', '2026-05-02 17:19:36', NULL, NULL),
(446, 142, 7.20, 'TouchNGo', 'Received', '2026-05-02', '18:00:00', '2026-05-02 17:31:37', NULL, NULL),
(447, 146, 33.36, 'Card', 'Received', '2026-05-02', '18:00:00', '2026-05-02 17:38:07', NULL, NULL),
(448, 124, 17.12, 'TouchNGo', 'Payment Success', '2026-05-04', '20:45:00', '2026-05-04 20:36:41', NULL, NULL);

-- --------------------------------------------------------

--
-- Table structure for table `order_items`
--

CREATE TABLE `order_items` (
  `order_item_id` int(11) NOT NULL,
  `order_id` int(11) NOT NULL,
  `products_id` int(11) NOT NULL,
  `price_original` decimal(10,2) NOT NULL,
  `price_after_discount` decimal(10,2) NOT NULL,
  `quantity` int(11) NOT NULL,
  `price` decimal(10,2) NOT NULL,
  `discount_percent` decimal(5,2) NOT NULL
) ENGINE=InnoDB DEFAULT CHARSET=utf8mb4 COLLATE=utf8mb4_general_ci;

--
-- Dumping data for table `order_items`
--

INSERT INTO `order_items` (`order_item_id`, `order_id`, `products_id`, `price_original`, `price_after_discount`, `quantity`, `price`, `discount_percent`) VALUES
(559, 383, 42, 15.00, 12.00, 4, 0.00, 20.00),
(560, 384, 42, 15.00, 12.00, 1, 0.00, 20.00),
(561, 385, 80, 3.60, 2.88, 1, 0.00, 20.00),
(562, 385, 56, 4.50, 3.60, 1, 0.00, 20.00),
(563, 385, 29, 5.50, 4.40, 1, 0.00, 20.00),
(564, 385, 85, 12.00, 12.00, 1, 0.00, 0.00),
(565, 385, 3, 2.50, 2.00, 1, 0.00, 20.00),
(566, 386, 73, 55.00, 44.00, 1, 0.00, 20.00),
(567, 386, 71, 8.90, 7.12, 1, 0.00, 20.00),
(568, 386, 16, 8.90, 7.12, 1, 0.00, 20.00),
(569, 386, 14, 8.90, 7.12, 1, 0.00, 20.00),
(570, 386, 44, 8.90, 7.12, 1, 0.00, 20.00),
(571, 386, 49, 8.90, 7.12, 1, 0.00, 20.00),
(572, 386, 48, 8.90, 7.12, 1, 0.00, 20.00),
(573, 386, 47, 8.90, 7.12, 1, 0.00, 20.00),
(574, 386, 46, 8.90, 7.12, 1, 0.00, 20.00),
(575, 386, 53, 8.90, 7.12, 1, 0.00, 20.00),
(576, 386, 50, 8.90, 7.12, 1, 0.00, 20.00),
(577, 386, 57, 8.90, 7.12, 1, 0.00, 20.00),
(578, 386, 45, 8.90, 7.12, 1, 0.00, 20.00),
(579, 386, 84, 8.90, 7.12, 1, 0.00, 20.00),
(580, 387, 70, 4.50, 3.60, 1, 0.00, 20.00),
(581, 387, 42, 15.00, 12.00, 1, 0.00, 20.00),
(582, 387, 43, 15.00, 12.00, 1, 0.00, 20.00),
(583, 387, 41, 15.00, 12.00, 1, 0.00, 20.00),
(584, 387, 40, 15.00, 12.00, 1, 0.00, 20.00),
(585, 387, 36, 55.00, 44.00, 1, 0.00, 20.00),
(586, 387, 33, 6.50, 5.20, 1, 0.00, 20.00),
(587, 387, 5, 15.00, 12.00, 1, 0.00, 20.00),
(588, 388, 39, 6.50, 5.20, 1, 0.00, 20.00),
(589, 388, 32, 2.50, 2.00, 1, 0.00, 20.00),
(590, 388, 34, 4.50, 3.60, 1, 0.00, 20.00),
(591, 388, 28, 3.00, 2.40, 1, 0.00, 20.00),
(592, 388, 6, 6.50, 5.20, 1, 0.00, 20.00),
(593, 388, 10, 5.90, 4.72, 1, 0.00, 20.00),
(594, 388, 3, 2.50, 2.00, 1, 0.00, 20.00),
(595, 388, 2, 3.50, 2.80, 1, 0.00, 20.00),
(596, 389, 32, 2.50, 2.00, 1, 0.00, 20.00),
(597, 389, 31, 4.00, 3.20, 1, 0.00, 20.00),
(598, 389, 30, 5.50, 4.40, 1, 0.00, 20.00),
(599, 389, 29, 5.50, 4.40, 1, 0.00, 20.00),
(600, 389, 23, 7.00, 5.60, 1, 0.00, 20.00),
(601, 389, 22, 5.50, 4.40, 1, 0.00, 20.00),
(602, 389, 21, 6.50, 5.20, 1, 0.00, 20.00),
(603, 389, 20, 4.00, 3.20, 1, 0.00, 20.00),
(604, 389, 19, 3.80, 3.04, 1, 0.00, 20.00),
(605, 389, 18, 4.50, 3.60, 1, 0.00, 20.00),
(606, 389, 17, 6.50, 5.20, 1, 0.00, 20.00),
(607, 389, 9, 7.50, 6.00, 1, 0.00, 20.00),
(608, 389, 8, 5.00, 4.00, 1, 0.00, 20.00),
(609, 389, 2, 3.50, 2.80, 1, 0.00, 20.00),
(610, 389, 3, 2.50, 2.00, 1, 0.00, 20.00),
(611, 389, 11, 4.50, 3.60, 1, 0.00, 20.00),
(612, 390, 4, 55.00, 44.00, 2, 0.00, 20.00),
(613, 390, 2, 3.50, 2.80, 1, 0.00, 20.00),
(614, 390, 3, 2.50, 2.00, 1, 0.00, 20.00),
(615, 390, 8, 5.00, 4.00, 1, 0.00, 20.00),
(616, 390, 9, 7.50, 6.00, 1, 0.00, 20.00),
(617, 390, 18, 4.50, 3.60, 1, 0.00, 20.00),
(618, 390, 19, 3.80, 3.04, 1, 0.00, 20.00),
(619, 390, 20, 4.00, 3.20, 1, 0.00, 20.00),
(620, 390, 21, 6.50, 5.20, 1, 0.00, 20.00),
(621, 390, 22, 5.50, 4.40, 1, 0.00, 20.00),
(622, 390, 23, 7.00, 5.60, 1, 0.00, 20.00),
(623, 390, 29, 5.50, 4.40, 1, 0.00, 20.00),
(624, 390, 30, 5.50, 4.40, 1, 0.00, 20.00),
(625, 390, 31, 4.00, 3.20, 1, 0.00, 20.00),
(626, 390, 32, 2.50, 2.00, 1, 0.00, 20.00),
(627, 390, 56, 4.50, 3.60, 1, 0.00, 20.00),
(628, 390, 85, 12.00, 12.00, 1, 0.00, 0.00),
(629, 390, 80, 3.60, 2.88, 1, 0.00, 20.00),
(630, 391, 39, 6.50, 5.20, 1, 0.00, 20.00),
(631, 391, 34, 4.50, 3.60, 1, 0.00, 20.00),
(632, 391, 6, 6.50, 5.20, 1, 0.00, 20.00),
(633, 391, 11, 4.50, 3.60, 1, 0.00, 20.00),
(634, 391, 10, 5.90, 4.72, 1, 0.00, 20.00),
(635, 391, 28, 3.00, 2.40, 1, 0.00, 20.00),
(636, 391, 46, 8.90, 7.12, 2, 0.00, 20.00),
(637, 392, 73, 55.00, 44.00, 1, 0.00, 20.00),
(638, 392, 72, 55.00, 44.00, 1, 0.00, 20.00),
(639, 392, 4, 55.00, 44.00, 1, 0.00, 20.00),
(640, 392, 70, 4.50, 3.60, 6, 0.00, 20.00),
(641, 393, 70, 4.50, 3.60, 2, 0.00, 20.00),
(642, 393, 73, 55.00, 44.00, 1, 0.00, 20.00),
(643, 393, 56, 4.50, 3.60, 1, 0.00, 20.00),
(644, 393, 10, 5.90, 4.72, 6, 0.00, 20.00),
(645, 393, 6, 6.50, 5.20, 6, 0.00, 20.00),
(646, 394, 6, 6.50, 5.20, 2, 0.00, 20.00),
(647, 394, 1, 55.00, 44.00, 1, 0.00, 20.00),
(648, 394, 36, 55.00, 44.00, 1, 0.00, 20.00),
(649, 394, 39, 6.50, 5.20, 6, 0.00, 20.00),
(650, 394, 34, 4.50, 3.60, 4, 0.00, 20.00),
(651, 395, 85, 12.00, 12.00, 1, 0.00, 0.00),
(652, 395, 56, 4.50, 3.60, 3, 0.00, 20.00),
(653, 395, 32, 2.50, 2.00, 6, 0.00, 20.00),
(654, 395, 20, 4.00, 3.20, 2, 0.00, 20.00),
(655, 395, 28, 3.00, 2.40, 6, 0.00, 20.00),
(656, 396, 32, 2.50, 2.00, 1, 0.00, 20.00),
(657, 396, 69, 8.90, 7.12, 5, 0.00, 20.00),
(658, 396, 56, 4.50, 3.60, 1, 0.00, 20.00),
(659, 396, 3, 2.50, 2.00, 1, 0.00, 20.00),
(660, 396, 80, 3.60, 2.88, 1, 0.00, 20.00),
(661, 396, 28, 3.00, 2.40, 2, 0.00, 20.00),
(662, 396, 10, 5.90, 4.72, 8, 0.00, 20.00),
(663, 396, 11, 4.50, 3.60, 6, 0.00, 20.00),
(664, 398, 56, 4.50, 3.60, 3, 0.00, 20.00),
(665, 398, 10, 5.90, 4.72, 4, 0.00, 20.00),
(666, 398, 14, 8.90, 7.12, 1, 0.00, 20.00),
(667, 398, 16, 8.90, 7.12, 1, 0.00, 20.00),
(668, 398, 44, 8.90, 7.12, 1, 0.00, 20.00),
(669, 398, 45, 8.90, 7.12, 1, 0.00, 20.00),
(670, 398, 46, 8.90, 7.12, 1, 0.00, 20.00),
(671, 398, 47, 8.90, 7.12, 1, 0.00, 20.00),
(672, 398, 48, 8.90, 7.12, 1, 0.00, 20.00),
(673, 398, 49, 8.90, 7.12, 1, 0.00, 20.00),
(674, 398, 50, 8.90, 7.12, 1, 0.00, 20.00),
(675, 398, 53, 8.90, 7.12, 1, 0.00, 20.00),
(676, 398, 57, 8.90, 7.12, 1, 0.00, 20.00),
(677, 398, 84, 8.90, 7.12, 1, 0.00, 20.00),
(678, 398, 71, 8.90, 7.12, 1, 0.00, 20.00),
(679, 399, 85, 12.00, 12.00, 1, 0.00, 0.00),
(680, 400, 84, 8.90, 7.12, 2, 0.00, 20.00),
(681, 400, 85, 12.00, 12.00, 2, 0.00, 0.00),
(682, 400, 9, 7.50, 6.00, 1, 0.00, 20.00),
(683, 400, 30, 5.50, 4.40, 1, 0.00, 20.00),
(684, 401, 50, 8.90, 7.12, 1, 0.00, 20.00),
(685, 402, 71, 8.90, 7.12, 1, 0.00, 20.00),
(686, 403, 84, 8.90, 7.12, 1, 0.00, 20.00),
(687, 403, 16, 8.90, 7.12, 1, 0.00, 20.00),
(688, 403, 14, 8.90, 7.12, 1, 0.00, 20.00),
(689, 403, 44, 8.90, 7.12, 1, 0.00, 20.00),
(690, 403, 40, 15.00, 12.00, 1, 0.00, 20.00),
(691, 404, 43, 15.00, 12.00, 1, 0.00, 20.00),
(692, 404, 42, 15.00, 12.00, 1, 0.00, 20.00),
(693, 404, 41, 15.00, 12.00, 1, 0.00, 20.00),
(694, 404, 40, 15.00, 12.00, 1, 0.00, 20.00),
(695, 404, 33, 6.50, 5.20, 1, 0.00, 20.00),
(696, 404, 5, 15.00, 12.00, 1, 0.00, 20.00),
(697, 405, 81, 55.00, 44.00, 3, 0.00, 20.00),
(698, 405, 80, 3.60, 2.88, 3, 0.00, 20.00),
(699, 405, 2, 3.50, 2.80, 2, 0.00, 20.00),
(700, 405, 11, 4.50, 3.60, 6, 0.00, 20.00),
(701, 405, 34, 4.50, 3.60, 3, 0.00, 20.00),
(702, 406, 1, 55.00, 44.00, 2, 0.00, 20.00),
(703, 406, 9, 7.50, 6.00, 2, 0.00, 20.00),
(704, 406, 43, 15.00, 12.00, 1, 0.00, 20.00),
(705, 406, 57, 8.90, 7.12, 1, 0.00, 20.00),
(706, 407, 22, 5.50, 4.40, 2, 0.00, 20.00),
(707, 408, 71, 8.90, 7.12, 1, 0.00, 20.00),
(708, 409, 21, 6.50, 5.20, 2, 0.00, 20.00),
(709, 410, 8, 5.00, 4.00, 1, 0.00, 20.00),
(710, 410, 19, 3.80, 3.04, 1, 0.00, 20.00),
(711, 410, 23, 7.00, 5.60, 1, 0.00, 20.00),
(712, 410, 24, 55.00, 44.00, 2, 0.00, 20.00),
(713, 411, 48, 8.90, 7.12, 1, 0.00, 20.00),
(714, 411, 44, 8.90, 7.12, 1, 0.00, 20.00),
(715, 411, 27, 55.00, 44.00, 1, 0.00, 20.00),
(716, 411, 45, 8.90, 7.12, 1, 0.00, 20.00),
(717, 412, 42, 15.00, 12.00, 1, 0.00, 20.00),
(718, 413, 42, 15.00, 12.00, 1, 0.00, 20.00),
(719, 414, 42, 15.00, 12.00, 1, 0.00, 20.00),
(720, 415, 18, 4.50, 3.60, 1, 0.00, 20.00),
(721, 416, 4, 55.00, 16.50, 1, 0.00, 70.00),
(722, 416, 24, 55.00, 16.50, 1, 0.00, 70.00),
(723, 417, 87, 55.00, 55.00, 1, 0.00, 0.00),
(724, 417, 85, 12.00, 12.00, 1, 0.00, 0.00),
(725, 417, 73, 55.00, 49.50, 1, 0.00, 10.00),
(726, 417, 20, 4.00, 3.60, 4, 0.00, 10.00),
(727, 418, 35, 55.00, 49.50, 1, 0.00, 10.00),
(728, 418, 31, 4.00, 3.60, 5, 0.00, 10.00),
(729, 418, 30, 5.50, 4.95, 5, 0.00, 10.00),
(730, 418, 29, 5.50, 4.95, 5, 0.00, 10.00),
(731, 418, 56, 4.50, 4.05, 5, 0.00, 10.00),
(732, 418, 32, 2.50, 2.25, 5, 0.00, 10.00),
(733, 419, 85, 12.00, 12.00, 1, 0.00, 0.00),
(734, 419, 34, 4.50, 4.05, 2, 0.00, 10.00),
(735, 419, 20, 4.00, 3.60, 4, 0.00, 10.00),
(736, 419, 23, 7.00, 6.30, 2, 0.00, 10.00),
(737, 419, 16, 8.90, 8.01, 2, 0.00, 10.00),
(738, 420, 47, 8.90, 8.01, 4, 0.00, 10.00),
(739, 420, 80, 3.60, 3.24, 4, 0.00, 10.00),
(740, 420, 40, 15.00, 13.50, 2, 0.00, 10.00),
(741, 420, 33, 6.50, 5.85, 2, 0.00, 10.00),
(742, 420, 2, 3.50, 3.15, 2, 0.00, 10.00),
(743, 420, 81, 55.00, 49.50, 1, 0.00, 10.00),
(744, 420, 70, 4.50, 4.05, 2, 0.00, 10.00),
(745, 420, 14, 8.90, 8.01, 3, 0.00, 10.00),
(746, 420, 50, 8.90, 8.01, 4, 0.00, 10.00),
(747, 421, 87, 55.00, 55.00, 1, 0.00, 0.00),
(748, 421, 39, 6.50, 5.85, 4, 0.00, 10.00),
(749, 421, 28, 3.00, 2.70, 4, 0.00, 10.00),
(750, 421, 22, 5.50, 4.95, 4, 0.00, 10.00),
(751, 421, 18, 4.50, 4.05, 4, 0.00, 10.00),
(752, 421, 9, 7.50, 6.75, 2, 0.00, 10.00),
(753, 422, 89, 10.00, 9.00, 1, 0.00, 10.00),
(754, 422, 57, 8.90, 8.01, 2, 0.00, 10.00),
(755, 422, 71, 8.90, 8.01, 2, 0.00, 10.00),
(756, 422, 69, 8.90, 8.01, 2, 0.00, 10.00),
(757, 422, 11, 4.50, 4.05, 6, 0.00, 10.00),
(758, 422, 6, 6.50, 5.85, 6, 0.00, 10.00),
(759, 422, 1, 55.00, 49.50, 1, 0.00, 10.00),
(760, 423, 89, 10.00, 9.00, 2, 0.00, 10.00),
(761, 423, 85, 12.00, 12.00, 1, 0.00, 0.00),
(762, 423, 50, 8.90, 8.01, 1, 0.00, 10.00),
(763, 423, 47, 8.90, 8.01, 1, 0.00, 10.00),
(764, 423, 22, 5.50, 4.95, 1, 0.00, 10.00),
(765, 423, 80, 3.60, 3.24, 1, 0.00, 10.00),
(766, 423, 70, 4.50, 4.05, 1, 0.00, 10.00),
(767, 423, 58, 55.00, 49.50, 1, 0.00, 10.00),
(768, 423, 6, 6.50, 5.85, 2, 0.00, 10.00),
(769, 424, 87, 55.00, 55.00, 1, 0.00, 0.00),
(770, 424, 71, 8.90, 8.01, 1, 0.00, 10.00),
(771, 424, 49, 8.90, 8.01, 1, 0.00, 10.00),
(772, 424, 48, 8.90, 8.01, 1, 0.00, 10.00),
(773, 424, 45, 8.90, 8.01, 1, 0.00, 10.00),
(774, 424, 44, 8.90, 8.01, 1, 0.00, 10.00),
(775, 424, 39, 6.50, 5.85, 6, 0.00, 10.00),
(776, 424, 2, 3.50, 3.15, 1, 0.00, 10.00),
(777, 425, 69, 8.90, 8.01, 1, 0.00, 10.00),
(778, 425, 3, 2.50, 2.25, 1, 0.00, 10.00),
(779, 425, 8, 5.00, 4.50, 1, 0.00, 10.00),
(780, 425, 9, 7.50, 6.75, 1, 0.00, 10.00),
(781, 425, 19, 3.80, 3.42, 1, 0.00, 10.00),
(782, 425, 18, 4.50, 4.05, 1, 0.00, 10.00),
(783, 425, 33, 6.50, 5.85, 1, 0.00, 10.00),
(784, 425, 32, 2.50, 2.25, 1, 0.00, 10.00),
(785, 425, 85, 12.00, 12.00, 1, 0.00, 0.00),
(786, 426, 43, 15.00, 13.50, 1, 0.00, 10.00),
(787, 426, 42, 15.00, 13.50, 1, 0.00, 10.00),
(788, 426, 41, 15.00, 13.50, 1, 0.00, 10.00),
(789, 426, 40, 15.00, 13.50, 1, 0.00, 10.00),
(790, 426, 33, 6.50, 5.85, 1, 0.00, 10.00),
(791, 426, 5, 15.00, 13.50, 1, 0.00, 10.00),
(792, 426, 26, 55.00, 49.50, 1, 0.00, 10.00),
(793, 427, 34, 4.50, 4.05, 1, 0.00, 10.00),
(794, 427, 31, 4.00, 3.60, 1, 0.00, 10.00),
(795, 427, 30, 5.50, 4.95, 1, 0.00, 10.00),
(796, 427, 29, 5.50, 4.95, 1, 0.00, 10.00),
(797, 427, 32, 2.50, 2.25, 1, 0.00, 10.00),
(798, 427, 23, 7.00, 6.30, 1, 0.00, 10.00),
(799, 427, 18, 4.50, 4.05, 1, 0.00, 10.00),
(800, 427, 3, 2.50, 2.25, 1, 0.00, 10.00),
(801, 427, 9, 7.50, 6.75, 1, 0.00, 10.00),
(802, 428, 85, 12.00, 12.00, 1, 0.00, 0.00),
(803, 428, 71, 8.90, 8.01, 1, 0.00, 10.00),
(804, 428, 57, 8.90, 8.01, 1, 0.00, 10.00),
(805, 428, 48, 8.90, 8.01, 1, 0.00, 10.00),
(806, 428, 20, 4.00, 3.60, 1, 0.00, 10.00),
(807, 428, 21, 6.50, 5.85, 1, 0.00, 10.00),
(808, 428, 19, 3.80, 3.42, 1, 0.00, 10.00),
(809, 428, 22, 5.50, 4.95, 1, 0.00, 10.00),
(810, 428, 2, 3.50, 3.15, 1, 0.00, 10.00),
(811, 428, 1, 55.00, 49.50, 1, 0.00, 10.00),
(812, 429, 4, 55.00, 49.50, 1, 0.00, 10.00),
(813, 429, 14, 8.90, 8.01, 2, 0.00, 10.00),
(814, 429, 39, 6.50, 5.85, 4, 0.00, 10.00),
(815, 429, 3, 2.50, 2.25, 1, 0.00, 10.00),
(816, 429, 9, 7.50, 6.75, 1, 0.00, 10.00),
(817, 431, 71, 8.90, 8.01, 1, 0.00, 10.00),
(818, 431, 57, 8.90, 8.01, 1, 0.00, 10.00),
(819, 431, 53, 8.90, 8.01, 1, 0.00, 10.00),
(820, 431, 17, 6.50, 5.85, 2, 0.00, 10.00),
(821, 431, 8, 5.00, 4.50, 1, 0.00, 10.00),
(822, 431, 69, 8.90, 8.01, 1, 0.00, 10.00),
(823, 432, 85, 12.00, 12.00, 1, 0.00, 0.00),
(824, 432, 84, 8.90, 8.01, 1, 0.00, 10.00),
(825, 432, 46, 8.90, 8.01, 1, 0.00, 10.00),
(826, 432, 40, 15.00, 13.50, 1, 0.00, 10.00),
(827, 432, 31, 4.00, 3.60, 2, 0.00, 10.00),
(828, 432, 44, 8.90, 8.01, 1, 0.00, 10.00),
(829, 433, 87, 55.00, 55.00, 1, 0.00, 0.00),
(830, 433, 69, 8.90, 8.01, 1, 0.00, 10.00),
(831, 433, 57, 8.90, 8.01, 1, 0.00, 10.00),
(832, 433, 40, 15.00, 13.50, 1, 0.00, 10.00),
(833, 433, 6, 6.50, 5.85, 2, 0.00, 10.00),
(834, 433, 39, 6.50, 5.85, 6, 0.00, 10.00),
(835, 433, 33, 6.50, 5.85, 1, 0.00, 10.00),
(836, 433, 20, 4.00, 3.60, 1, 0.00, 10.00),
(837, 433, 1, 55.00, 49.50, 1, 0.00, 10.00),
(838, 433, 4, 55.00, 49.50, 1, 0.00, 10.00),
(839, 433, 2, 3.50, 3.15, 1, 0.00, 10.00),
(840, 434, 16, 8.90, 8.01, 1, 0.00, 10.00),
(841, 434, 44, 8.90, 8.01, 1, 0.00, 10.00),
(842, 435, 32, 2.50, 2.25, 1, 0.00, 10.00),
(843, 435, 49, 8.90, 8.01, 1, 0.00, 10.00),
(844, 435, 84, 8.90, 8.01, 1, 0.00, 10.00),
(845, 435, 48, 8.90, 8.01, 1, 0.00, 10.00),
(846, 437, 84, 8.90, 8.01, 3, 0.00, 10.00),
(847, 438, 44, 8.90, 8.01, 1, 0.00, 10.00),
(848, 439, 70, 4.50, 4.05, 1, 0.00, 10.00),
(849, 439, 49, 8.90, 8.01, 1, 0.00, 10.00),
(850, 439, 56, 4.50, 4.05, 1, 0.00, 10.00),
(851, 439, 89, 10.00, 9.00, 1, 0.00, 10.00),
(852, 439, 25, 55.00, 49.50, 1, 0.00, 10.00),
(853, 440, 87, 55.00, 55.00, 1, 0.00, 0.00),
(854, 440, 16, 8.90, 8.01, 1, 0.00, 10.00),
(855, 440, 44, 8.90, 8.01, 1, 0.00, 10.00),
(856, 440, 46, 8.90, 8.01, 1, 0.00, 10.00),
(857, 441, 71, 8.90, 8.01, 1, 0.00, 10.00),
(858, 441, 47, 8.90, 8.01, 1, 0.00, 10.00),
(859, 441, 2, 3.50, 3.15, 1, 0.00, 10.00),
(860, 441, 6, 6.50, 5.85, 6, 0.00, 10.00),
(861, 441, 11, 4.50, 4.05, 6, 0.00, 10.00),
(862, 441, 17, 6.50, 5.85, 1, 0.00, 10.00),
(863, 441, 80, 3.60, 3.24, 1, 0.00, 10.00),
(864, 442, 70, 4.50, 4.05, 1, 0.00, 10.00),
(865, 442, 23, 7.00, 6.30, 1, 0.00, 10.00),
(866, 442, 57, 8.90, 8.01, 1, 0.00, 10.00),
(867, 443, 4, 55.00, 44.00, 1, 0.00, 20.00),
(868, 443, 9, 7.50, 6.00, 1, 0.00, 20.00),
(869, 443, 3, 2.50, 2.00, 1, 0.00, 20.00),
(870, 444, 85, 12.00, 9.60, 1, 0.00, 20.00),
(871, 444, 56, 4.50, 3.60, 1, 0.00, 20.00),
(872, 444, 28, 3.00, 2.40, 1, 0.00, 20.00),
(873, 444, 10, 5.90, 4.72, 1, 0.00, 20.00),
(874, 444, 8, 5.00, 4.00, 1, 0.00, 20.00),
(875, 444, 2, 3.50, 2.80, 1, 0.00, 20.00),
(876, 444, 26, 55.00, 44.00, 1, 0.00, 20.00),
(877, 445, 4, 55.00, 44.00, 1, 0.00, 20.00),
(878, 445, 26, 55.00, 44.00, 1, 0.00, 20.00),
(879, 445, 17, 6.50, 5.20, 2, 0.00, 20.00),
(880, 445, 42, 15.00, 12.00, 1, 0.00, 20.00),
(881, 446, 18, 4.50, 3.60, 2, 0.00, 20.00),
(882, 447, 23, 7.00, 5.60, 1, 0.00, 20.00),
(883, 447, 20, 4.00, 3.20, 1, 0.00, 20.00),
(884, 447, 31, 4.00, 3.20, 1, 0.00, 20.00),
(885, 447, 49, 8.90, 7.12, 1, 0.00, 20.00),
(886, 447, 48, 8.90, 7.12, 1, 0.00, 20.00),
(887, 447, 53, 8.90, 7.12, 1, 0.00, 20.00),
(888, 448, 80, 3.60, 2.88, 1, 0.00, 20.00),
(889, 448, 10, 5.90, 4.72, 2, 0.00, 20.00),
(890, 448, 28, 3.00, 2.40, 2, 0.00, 20.00);

-- --------------------------------------------------------

--
-- Table structure for table `products`
--

CREATE TABLE `products` (
  `products_id` int(11) NOT NULL,
  `name` varchar(100) NOT NULL,
  `description` text DEFAULT NULL,
  `price` decimal(10,2) NOT NULL,
  `weight` decimal(6,2) NOT NULL,
  `image` varchar(255) DEFAULT NULL,
  `current_stock` int(11) DEFAULT 0,
  `calories` decimal(10,2) GENERATED ALWAYS AS (`weight` * 4.2) STORED,
  `max_stock` int(11) DEFAULT 100,
  `discount_percent` decimal(5,2) DEFAULT 0.00,
  `expiry_date` date DEFAULT NULL,
  `date_issued` timestamp NULL DEFAULT current_timestamp(),
  `expiry_duration` int(11) DEFAULT 7
) ENGINE=InnoDB DEFAULT CHARSET=utf8mb4 COLLATE=utf8mb4_general_ci;

--
-- Dumping data for table `products`
--

INSERT INTO `products` (`products_id`, `name`, `description`, `price`, `weight`, `image`, `current_stock`, `max_stock`, `discount_percent`, `expiry_date`, `date_issued`, `expiry_duration`) VALUES
(1, 'Strawberry Cream Cake (whole)', 'A delightful sponge cake layered with fresh cream and strawberries.', 55.00, 500.00, 'product_68e4c29ba07ee1.09738467.jpg', 3, 3, 20.00, '2026-05-31', '2026-04-30 04:12:36', 7),
(2, 'French Baguette', 'Crispy crust with soft interior, baked daily.', 3.50, 25.00, 'french.jpg', 3, 5, 20.00, '2026-05-31', '2026-04-30 04:12:28', 7),
(3, 'Butter Croissant', 'Flaky and buttery, baked fresh every morning.', 2.50, 25.00, 'croissant.jpg', 9, 10, 20.00, '2026-05-31', '2026-04-30 04:12:21', 7),
(4, 'Chocolate Fudge Cake (whole)', 'Rich and moist chocolate cake with fudge layers and ganache topping.', 55.00, 500.00, '1759825884_chocolate_whole_cake.jpg', 1, 3, 20.00, '2026-05-31', '2026-04-30 04:12:10', 7),
(5, 'Matcha Roll Cake', 'Soft sponge rolled with matcha cream, lightly sweet and refreshing.', 15.00, 300.00, 'matcha_roll.jpg', 5, 5, 20.00, '2026-05-31', '2026-04-30 04:12:01', 7),
(6, 'Red Velvet Cupcake', 'Moist red velvet cupcake with cream cheese frosting.', 6.50, 50.00, 'red_velvet_cupcake.jpg', 4, 10, 20.00, '2026-05-31', '2026-04-30 04:11:54', 7),
(8, 'Garlic Breadsticks', 'Crispy on the outside, soft inside, brushed with garlic butter.', 5.00, 50.00, 'garlic_breadsticks.jpg', 9, 10, 20.00, '2026-05-31', '2026-04-30 04:11:47', 7),
(9, 'Almond Danish', 'Layered pastry filled with almond cream and topped with sliced almonds.', 7.50, 25.00, 'almond_danish.jpg', 9, 10, 20.00, '2026-05-31', '2026-04-30 04:11:39', 7),
(10, 'Cheese Tart', 'Buttery tart filled with rich cream cheese custard.', 5.90, 340.00, 'cheese_tart.jpg', 17, 20, 20.00, '2026-05-31', '2026-04-30 04:11:31', 7),
(11, 'Chocolate Chip Cookies', 'Classic cookies baked with chunks of chocolate chips.', 4.50, 30.00, 'choc_chip_cookies.jpg', 14, 20, 20.00, '2026-05-31', '2026-04-30 04:11:22', 7),
(14, 'Strawberry Cream Cake (slices)', 'A delightful sponge cake layered with fresh cream and strawberries.', 8.90, 37.00, 'product_1762997419_Strawberry_Shortcake_5140sq.jpg', 5, 5, 20.00, '2026-05-31', '2026-04-30 04:11:15', 7),
(16, 'Chocolate Fudge Cake (slices)', 'Rich and moist chocolate cake with fudge layers and ganache topping.', 8.90, 37.00, 'chocolate_cake.jpg', 4, 5, 20.00, '2026-05-31', '2026-04-30 04:11:07', 7),
(17, 'Pizza Slice', 'Freshly baked pizza slice with cheese and tomato topping.', 6.50, 70.00, 'pizza.jpg', 7, 10, 20.00, '2026-05-31', '2026-04-30 04:10:59', 7),
(18, 'Chicken Ham Slice Bun', 'Soft bun filled with savory chicken ham slices.', 4.50, 25.00, 'chicken_ham_bun.jpg', 8, 10, 20.00, '2026-05-31', '2026-04-30 04:10:39', 7),
(19, 'Sardine Puff', 'Golden pastry puff stuffed with spicy sardine filling.', 3.80, 25.00, 'sardine_puff.jpg', 10, 10, 20.00, '2026-05-31', '2026-04-30 04:10:28', 7),
(20, 'Curry Chicken Puff', 'Crispy puff pastry filled with curry chicken.', 4.00, 25.00, 'curry_chicken_puff.jpg', 9, 10, 20.00, '2026-05-31', '2026-04-30 04:10:16', 7),
(21, 'Chicken Pie', 'Flaky pie crust with creamy chicken filling.', 6.50, 25.00, 'chicken_pie.jpg', 10, 10, 20.00, '2026-05-31', '2026-04-30 04:10:06', 7),
(22, 'Mushroom Pie', 'Buttery pie filled with savory mushroom cream.', 5.50, 25.00, 'mushroom_pie.jpg', 5, 5, 20.00, '2026-05-31', '2026-04-30 04:09:54', 7),
(23, 'Sushi Sausage Rolls', 'Unique rolls combining sausage and sushi-style rice wrap.', 7.00, 25.00, 'sushi_sausage_rolls.jpg', 3, 5, 20.00, '2026-05-31', '2026-04-30 04:09:44', 7),
(24, 'Vanilla cheesecake (whole)', 'Classic creamy cheesecake with buttery biscuit base.', 55.00, 500.00, 'cheesecake.jpg', 3, 3, 20.00, '2026-05-31', '2026-04-30 04:09:30', 7),
(25, 'Red Velvet Cake (whole)', 'Moist red velvet sponge with cream cheese frosting.', 55.00, 500.00, 'red_velvet.jpg', 3, 3, 20.00, '2026-05-31', '2026-04-30 04:09:20', 7),
(26, 'Tiramisu Cake (whole)', 'Italian dessert cake with coffee-soaked layers and mascarpone.', 55.00, 500.00, 'tiramisu.jpg', 1, 3, 20.00, '2026-05-31', '2026-04-30 04:09:10', 7),
(27, 'Rainbow Cream Cake (whole)', 'Colorful layered sponge cake with vanilla cream.', 55.00, 500.00, 'product_1763009950_rainbow_cake.jpg', 3, 3, 20.00, '2026-05-31', '2026-04-30 04:08:59', 7),
(28, 'Egg Tart', 'Crispy pastry shell filled with smooth egg custard.', 3.00, 340.00, 'egg_tart.jpg', 7, 10, 20.00, '2026-05-31', '2026-04-30 04:08:48', 7),
(29, 'Chicken Slice Sandwich', 'Fresh sandwich with chicken slices, lettuce, and mayo.', 5.50, 25.00, 'chicken_sandwich.jpg', 5, 5, 20.00, '2026-05-31', '2026-04-30 04:08:39', 7),
(30, 'Fish Fillet Sandwich', 'Crispy fish fillet served in soft sandwich bread.', 5.50, 25.00, 'fish_fillet_sandwich.jpg', 5, 5, 20.00, '2026-05-31', '2026-04-30 04:08:20', 7),
(31, 'Cream Horn', 'Crispy pastry horn filled with fresh cream.', 4.00, 25.00, 'cream_horn.jpg', 4, 5, 20.00, '2026-05-31', '2026-04-30 04:08:10', 7),
(32, 'Doughnut', 'Classic soft doughnut coated with sugar.', 2.50, 25.00, 'doughnut.jpg', 10, 10, 20.00, '2026-05-31', '2026-04-30 04:07:18', 7),
(33, 'Hokkaido Milk Soft Cake', 'Fluffy sponge cake with rich Hokkaido milk flavor.', 6.50, 300.00, 'hokkaido_milk_cake.jpg', 5, 5, 20.00, '2026-05-31', '2026-04-30 04:07:06', 7),
(34, 'Kiwi Fruit Muffin', 'Moist muffin baked with fresh kiwi fruit pieces.', 4.50, 85.00, 'kiwi_muffin.jpg', 10, 10, 20.00, '2026-05-31', '2026-04-30 04:06:52', 7),
(35, 'Blueberry Cheesecake (whole)', 'Rich cheesecake topped with blueberry sauce.', 55.00, 500.00, '1760449624_blueberry_cheesecake.jpg', 3, 3, 20.00, '2026-05-31', '2026-04-30 04:06:20', 7),
(36, 'Oreo Cheesecake (whole)', 'Creamy cheesecake blended with Oreo crumbs.', 55.00, 500.00, 'product_1763011278_oreo_cheesecake.jpg', 3, 3, 20.00, '2026-05-31', '2026-04-30 04:05:41', 7),
(37, 'Black Forest Cake (whole)', 'Chocolate sponge layered with cream and cherries.', 55.00, 500.00, 'black_forest.jpg', 3, 3, 20.00, '2026-05-31', '2026-04-30 04:04:49', 7),
(38, 'Carrot Cream Cake (whole)', 'Moist carrot cake with cream cheese frosting.', 55.00, 500.00, 'carrot_cake.jpg', 3, 3, 20.00, '2026-05-31', '2026-04-30 04:04:39', 7),
(39, 'Chocolate Vanilla Cupcake', 'Cupcake swirled with chocolate and vanilla flavors.', 6.50, 85.00, 'choc_vanilla_cupcake.jpg', 20, 20, 20.00, '2026-05-31', '2026-04-30 04:04:30', 7),
(40, 'Chocolate Swiss Roll', 'Soft roll cake with chocolate filling.', 15.00, 300.00, 'chocolate_swiss_roll.jpg', 5, 5, 20.00, '2026-05-31', '2026-04-30 04:04:21', 7),
(41, 'Coffee Swiss Roll', 'Light roll cake with coffee cream filling.', 15.00, 300.00, 'coffee_swiss_roll.jpg', 5, 5, 20.00, '2026-05-31', '2026-04-30 04:04:14', 7),
(42, 'Pandan Swiss Roll', 'Fragrant pandan sponge rolled with cream.', 15.00, 300.00, 'pandan_swiss_roll.jpg', 4, 5, 20.00, '2026-05-31', '2026-04-30 04:04:05', 7),
(43, 'Orange Swiss Roll', 'Citrusy sponge roll with orange cream.', 15.00, 300.00, 'orange_swiss_roll.jpg', 5, 5, 20.00, '2026-05-31', '2026-04-30 04:03:56', 7),
(44, 'Vanilla cheesecake (slices)', 'Classic creamy cheesecake with buttery biscuit base.', 8.90, 37.00, 'cheesecake.jpg', 4, 5, 20.00, '2026-05-31', '2026-04-30 04:03:48', 7),
(45, 'Red Velvet Cake (slices)', 'Moist red velvet sponge with cream cheese frosting.', 8.90, 37.00, 'red_velvet.jpg', 5, 5, 20.00, '2026-05-31', '2026-04-30 04:02:57', 7),
(46, 'Tiramisu Cake (slices)', 'Italian dessert cake with coffee-soaked layers and mascarpone.', 8.90, 37.00, 'tiramisu.jpg', 4, 5, 20.00, '2026-05-31', '2026-04-30 04:02:47', 7),
(47, 'Rainbow Cake (slices)', 'Colorful layered sponge cake with vanilla cream.', 8.90, 37.00, 'product_1763009647_Rainbow-Cake-24-of-50.jpeg', 4, 5, 20.00, '2026-05-31', '2026-04-30 04:02:17', 7),
(48, 'Blueberry Cheesecake (slices)', 'Rich cheesecake topped with blueberry sauce.', 8.90, 37.00, '1759827469_delish-blueberry-cheesecake-still003-1557335639.jpg', 4, 5, 20.00, '2026-05-31', '2026-04-30 04:02:10', 7),
(49, 'Oreo Cheesecake (slices)', 'Creamy cheesecake blended with Oreo crumbs.', 8.90, 37.00, 'product_1763011154_oreo-cheesecake-recipe-SQUARE.jpg', 4, 5, 20.00, '2026-05-31', '2026-04-30 04:02:00', 7),
(50, 'Black Forest Cake (slices)', 'Chocolate sponge layered with cream and cherries.', 8.90, 37.00, 'black_forest.jpg', 5, 5, 20.00, '2026-05-31', '2026-04-30 04:01:51', 7),
(53, 'Carrot Cream Cake (slices)', 'Moist carrot cake with cream cheese frosting.', 8.90, 37.00, 'carrot_cake.jpg', 4, 5, 20.00, '2026-05-31', '2026-04-30 04:01:42', 7),
(56, 'Bread Bakua', 'Popular Penang street food consisting of a soft, plain bun stuffed with a generous amount of sweet and savory pork floss and thin, grilled bak kua.', 4.50, 25.00, '1759910151_images.jpg', 9, 10, 20.00, '2026-05-31', '2026-04-30 04:01:31', 7),
(57, 'Pistachio Cake (slices)', 'Moist, fluffy pistachio cake made with a yogurt batter base and topped with a pistachio butter glaze', 8.90, 37.00, '1759997235_Pistachio-Cake-Lead-6-Edited.jpg', 4, 5, 20.00, '2026-05-31', '2026-04-30 04:01:13', 7),
(58, 'Pistachio Cake (Whole)', 'Moist, fluffy pistachio cake made with a yogurt batter base and topped with a pistachio butter glaze', 55.00, 500.00, '1759997381_Pistachio-Cake-Lead-6-Edited.jpg', 3, 3, 20.00, '2026-05-31', '2026-04-30 04:01:04', 7),
(64, 'Mooncake', 'Available in July to September', 12.00, 100.00, 'product_1762221465_images.jpeg', 0, 60, 0.00, '2026-11-30', '2026-03-27 13:09:39', 3),
(69, 'Chocolate cheesecake (slices)', 'Indulge in the rich and creamy decadence of our Chocolate Cheesecake, crafted with smooth cream cheese blended with premium dark chocolate for a perfectly balanced flavor.', 8.90, 37.00, 'product_1762221088_No-Bake-Chocolate-Cheesecake3.jpg', 5, 5, 20.00, '2026-05-31', '2026-04-30 04:00:48', 3),
(70, 'Brownie Slice', 'Brownies are pastries with a dense texture and a chocolate flavour. Traditionally, brownies are served in small square-shaped pieces. Brownies often contain ingredients such as nuts or other ingredients that give them a special flavour to take the edge off the full chocolate taste.', 4.50, 37.00, 'product_1762997336_classic-chewy-brownie-102727-1.jpeg', 8, 9, 20.00, '2026-05-31', '2026-04-30 04:00:38', 3),
(71, 'Strawberry Cheesecake (slides)', 'This strawberry cheesecake has a graham cracker crust and creamy filling with swirls of sweetened strawberry sauce. It\'s perfect for any special occasion! This strawberry cheesecake recipe is easy, impressive, and the perfect sweet treat to make at home.', 8.90, 37.00, 'product_1763011538_Strawberry-cheesecake-recipe-6-of-8.jpg', 4, 5, 20.00, '2026-05-31', '2026-04-30 04:00:28', 3),
(72, 'Strawberry Cheesecake (whole)', 'This strawberry cheesecake has a graham cracker crust and creamy filling with swirls of sweetened strawberry sauce. It\'s perfect for any special occasion! This strawberry cheesecake recipe is easy, impressive, and the perfect sweet treat to make at home.', 55.00, 500.00, 'product_1763011997_images.jpeg', 3, 3, 20.00, '2026-05-31', '2026-04-30 04:00:22', 3),
(73, 'Chocolate Cheesecake (whole)', 'Indulge in the rich and creamy decadence of our Chocolate Cheesecake, crafted with smooth cream cheese blended with premium dark chocolate for a perfectly balanced flavor.', 55.00, 500.00, 'product_1763713634___opt__aboutcom__coeus__resources__content_migration__simply_recipes__uploads__2019__09__Chocolate-Cheesecake-LEAD-03-152eb153535b4c59b6bd1fc431365a61.webp', 3, 3, 20.00, '2026-05-31', '2026-04-30 04:00:13', 3),
(80, 'Polo Bun', 'The Polo/Bolo Bun, also known as the Pineapple Bun originated from Hong Kong and is named after its signature checkered topping said to resemble the texture of a pineapple! Polo/Bolo is Cantonese for pineapple.', 3.60, 37.00, 'product_1764042837_images.jpg', 8, 10, 20.00, '2026-05-31', '2026-04-30 03:59:19', 3),
(81, 'Marble Cheesecake (whole)', 'It\'s got all the creamy goodness of classic American cheesecake, but with a twist—chocolate and vanilla swirl together for a stunning marble effect. I mean, just like those fancy marbled bundt cakes.', 55.00, 500.00, 'product_1764121653_BHG-Chocolate-Swirl-Cheesecake-02-101454254-f906a69f75564ee4b97c4c5cc6a5e866.jpg', 3, 3, 20.00, '2026-05-31', '2026-04-30 03:59:08', 3),
(84, 'Marble Cheesecake (slices)', 'It\'s got all the creamy goodness of classic American cheesecake, but with a twist—chocolate and vanilla swirl together for a stunning marble effect. I mean, just like those fancy marbled bundt cakes.', 8.90, 37.00, 'product_1764122771_1x1-chocolate-marble-cheesecake-1.jpg', 5, 5, 20.00, '2026-05-31', '2026-04-30 03:59:02', 3),
(85, 'Sour Dough', 'Whole Meal bread using natural fermentation yeast process', 12.00, 500.00, 'product_1772805723_Easy-Sourdough-Bread-recipe-with-Starter-prozimi-scaled.jpg', 5, 6, 20.00, '2026-05-31', '2026-04-30 03:58:52', 3),
(87, 'Creamy Vanilla Fruit Cake (whole)', 'vanilla sponge cake topped with fresh whipped cream and fresh fruits (made to order)', 55.00, 500.00, 'product_1775221224_53441.jpg', 2, 3, 20.00, '2026-05-31', '2026-04-30 03:58:44', 3),
(89, 'Almond Sugee Cake (slides)', 'Topped with Almond Icing', 10.00, 37.00, 'product_1775828980_almond_sugee_cake.jpg', 10, 10, 20.00, '2026-05-31', '2026-04-30 03:58:11', 3);

-- --------------------------------------------------------

--
-- Table structure for table `product_recipes`
--

CREATE TABLE `product_recipes` (
  `recipe_id` int(11) NOT NULL,
  `products_id` int(11) NOT NULL,
  `raw_id` int(11) NOT NULL,
  `quantity` decimal(10,2) NOT NULL
) ENGINE=InnoDB DEFAULT CHARSET=utf8mb4 COLLATE=utf8mb4_general_ci;

--
-- Dumping data for table `product_recipes`
--

INSERT INTO `product_recipes` (`recipe_id`, `products_id`, `raw_id`, `quantity`) VALUES
(1, 1, 1, 2.00),
(2, 1, 2, 2.00),
(3, 1, 3, 2.00),
(4, 1, 4, 2.00),
(5, 1, 5, 2.00),
(6, 1, 6, 2.00),
(7, 1, 7, 2.00),
(8, 1, 8, 2.00),
(9, 1, 9, 2.00),
(10, 1, 10, 2.00),
(11, 14, 1, 1.00),
(12, 14, 2, 1.00),
(13, 14, 3, 1.00),
(14, 14, 4, 1.00),
(15, 14, 5, 1.00),
(16, 14, 6, 1.00),
(17, 14, 7, 1.00),
(18, 14, 8, 1.00),
(19, 14, 9, 1.00),
(20, 14, 10, 1.00),
(21, 4, 1, 2.00),
(22, 4, 11, 2.00),
(23, 4, 2, 2.00),
(24, 4, 3, 2.00),
(25, 4, 4, 2.00),
(26, 4, 5, 2.00),
(27, 4, 12, 2.00),
(28, 4, 9, 2.00),
(29, 4, 10, 2.00),
(30, 16, 1, 1.00),
(31, 16, 11, 1.00),
(32, 16, 2, 1.00),
(33, 16, 3, 1.00),
(34, 16, 4, 1.00),
(35, 16, 5, 1.00),
(36, 16, 12, 1.00),
(37, 16, 9, 1.00),
(38, 16, 10, 1.00),
(39, 24, 1, 2.00),
(40, 24, 2, 2.00),
(41, 24, 3, 2.00),
(42, 24, 4, 2.00),
(43, 24, 5, 2.00),
(44, 24, 13, 2.00),
(45, 24, 8, 2.00),
(46, 44, 1, 1.00),
(47, 44, 2, 1.00),
(48, 44, 3, 1.00),
(49, 44, 4, 1.00),
(50, 44, 5, 1.00),
(51, 44, 13, 1.00),
(52, 44, 8, 1.00),
(53, 25, 1, 2.00),
(54, 25, 2, 2.00),
(55, 25, 3, 2.00),
(56, 25, 4, 2.00),
(57, 25, 5, 2.00),
(58, 25, 11, 2.00),
(59, 25, 20, 2.00),
(60, 25, 13, 2.00),
(61, 25, 9, 2.00),
(62, 25, 10, 2.00),
(63, 45, 1, 1.00),
(64, 45, 2, 1.00),
(65, 45, 3, 1.00),
(66, 45, 4, 1.00),
(67, 45, 5, 1.00),
(68, 45, 11, 1.00),
(69, 45, 20, 1.00),
(70, 45, 13, 1.00),
(71, 37, 1, 2.00),
(72, 37, 2, 2.00),
(73, 37, 3, 2.00),
(74, 37, 4, 2.00),
(75, 37, 5, 2.00),
(76, 37, 11, 2.00),
(77, 37, 16, 2.00),
(78, 37, 6, 2.00),
(79, 50, 1, 1.00),
(80, 50, 2, 1.00),
(81, 50, 3, 1.00),
(82, 50, 4, 1.00),
(83, 50, 5, 1.00),
(84, 50, 11, 1.00),
(85, 50, 16, 1.00),
(86, 50, 6, 1.00),
(87, 26, 1, 2.00),
(88, 26, 2, 2.00),
(89, 26, 3, 2.00),
(90, 26, 4, 2.00),
(91, 26, 5, 2.00),
(92, 26, 14, 2.00),
(93, 26, 15, 2.00),
(94, 26, 11, 2.00),
(95, 46, 1, 1.00),
(96, 46, 2, 1.00),
(97, 46, 3, 1.00),
(98, 46, 4, 1.00),
(99, 46, 5, 1.00),
(100, 46, 14, 1.00),
(101, 46, 15, 1.00),
(102, 27, 1, 2.00),
(103, 27, 2, 2.00),
(104, 27, 3, 2.00),
(105, 27, 4, 2.00),
(106, 27, 5, 2.00),
(107, 27, 25, 2.00),
(108, 27, 6, 2.00),
(109, 47, 1, 1.00),
(110, 47, 2, 1.00),
(111, 47, 3, 1.00),
(112, 47, 4, 1.00),
(113, 47, 5, 1.00),
(114, 47, 25, 1.00),
(115, 47, 6, 1.00),
(116, 38, 1, 2.00),
(117, 38, 21, 2.00),
(118, 38, 2, 2.00),
(119, 38, 3, 2.00),
(120, 38, 4, 2.00),
(121, 38, 5, 2.00),
(122, 38, 22, 2.00),
(123, 38, 9, 2.00),
(124, 53, 1, 1.00),
(125, 53, 21, 1.00),
(126, 53, 2, 1.00),
(127, 53, 3, 1.00),
(128, 53, 4, 1.00),
(129, 53, 5, 1.00),
(130, 53, 22, 1.00),
(145, 58, 1, 2.00),
(146, 58, 17, 2.00),
(147, 58, 2, 2.00),
(148, 58, 3, 2.00),
(149, 58, 4, 2.00),
(150, 58, 5, 2.00),
(151, 58, 18, 2.00),
(152, 58, 8, 2.00),
(153, 57, 1, 1.00),
(154, 57, 17, 1.00),
(155, 57, 2, 1.00),
(156, 57, 3, 1.00),
(157, 57, 4, 1.00),
(158, 57, 5, 1.00),
(159, 57, 18, 1.00),
(160, 57, 8, 1.00),
(161, 35, 1, 2.00),
(162, 35, 2, 2.00),
(163, 35, 3, 2.00),
(164, 35, 4, 2.00),
(165, 35, 5, 2.00),
(166, 35, 13, 2.00),
(167, 35, 23, 2.00),
(168, 48, 1, 1.00),
(169, 48, 2, 1.00),
(170, 48, 3, 1.00),
(171, 48, 4, 1.00),
(172, 48, 5, 1.00),
(173, 48, 13, 1.00),
(174, 48, 23, 1.00),
(175, 36, 1, 2.00),
(176, 36, 2, 2.00),
(177, 36, 3, 2.00),
(178, 36, 4, 2.00),
(179, 36, 5, 2.00),
(180, 36, 13, 2.00),
(181, 36, 24, 2.00),
(182, 49, 1, 1.00),
(183, 49, 2, 1.00),
(184, 49, 3, 1.00),
(185, 49, 4, 1.00),
(186, 49, 5, 1.00),
(187, 49, 13, 1.00),
(188, 49, 24, 1.00),
(189, 56, 1, 1.00),
(190, 56, 2, 1.00),
(191, 56, 4, 1.00),
(192, 56, 5, 1.00),
(193, 56, 3, 1.00),
(194, 56, 26, 1.00),
(195, 56, 9, 1.00),
(196, 56, 10, 1.00),
(197, 43, 1, 2.00),
(198, 43, 2, 2.00),
(199, 43, 3, 2.00),
(200, 43, 4, 2.00),
(201, 43, 5, 2.00),
(202, 43, 6, 2.00),
(203, 43, 27, 2.00),
(204, 43, 9, 2.00),
(205, 42, 1, 2.00),
(206, 42, 2, 2.00),
(207, 42, 3, 2.00),
(208, 42, 4, 2.00),
(209, 42, 5, 2.00),
(210, 42, 6, 2.00),
(211, 42, 28, 2.00),
(212, 42, 9, 2.00),
(213, 41, 1, 2.00),
(214, 41, 2, 2.00),
(215, 41, 3, 2.00),
(216, 41, 4, 2.00),
(217, 41, 5, 2.00),
(218, 41, 6, 2.00),
(219, 41, 15, 2.00),
(220, 41, 9, 2.00),
(221, 40, 1, 2.00),
(222, 40, 2, 2.00),
(223, 40, 3, 2.00),
(224, 40, 4, 2.00),
(225, 40, 5, 2.00),
(226, 40, 6, 2.00),
(227, 40, 11, 2.00),
(228, 40, 9, 2.00),
(229, 39, 1, 1.00),
(230, 39, 2, 1.00),
(231, 39, 3, 1.00),
(232, 39, 4, 1.00),
(233, 39, 5, 1.00),
(234, 39, 11, 1.00),
(235, 39, 8, 1.00),
(236, 39, 9, 1.00),
(237, 34, 1, 1.00),
(238, 34, 2, 1.00),
(239, 34, 3, 1.00),
(240, 34, 4, 1.00),
(241, 34, 5, 1.00),
(242, 34, 29, 1.00),
(243, 34, 9, 1.00),
(244, 33, 1, 1.00),
(245, 33, 2, 1.00),
(246, 33, 3, 1.00),
(247, 33, 4, 1.00),
(248, 33, 5, 1.00),
(249, 33, 30, 1.00),
(250, 33, 8, 1.00),
(251, 33, 9, 1.00),
(252, 32, 1, 1.00),
(253, 32, 2, 1.00),
(254, 32, 3, 1.00),
(255, 32, 4, 1.00),
(256, 32, 5, 1.00),
(257, 32, 9, 1.00),
(258, 32, 10, 1.00),
(259, 31, 1, 1.00),
(260, 31, 2, 1.00),
(261, 31, 3, 1.00),
(262, 31, 4, 1.00),
(263, 31, 5, 1.00),
(264, 31, 6, 1.00),
(265, 30, 31, 1.00),
(266, 30, 32, 1.00),
(267, 30, 33, 1.00),
(268, 30, 34, 1.00),
(269, 29, 31, 1.00),
(270, 29, 35, 1.00),
(271, 29, 33, 1.00),
(272, 29, 36, 1.00),
(273, 28, 1, 1.00),
(274, 28, 2, 1.00),
(275, 28, 3, 1.00),
(276, 28, 4, 1.00),
(277, 28, 5, 1.00),
(278, 23, 37, 1.00),
(279, 23, 38, 1.00),
(280, 23, 39, 1.00),
(281, 23, 40, 1.00),
(282, 23, 41, 1.00),
(283, 22, 1, 1.00),
(284, 22, 2, 1.00),
(285, 22, 3, 1.00),
(286, 22, 4, 1.00),
(287, 22, 5, 1.00),
(288, 22, 42, 1.00),
(289, 22, 43, 1.00),
(290, 21, 1, 1.00),
(291, 21, 2, 1.00),
(292, 21, 3, 1.00),
(293, 21, 4, 1.00),
(294, 21, 5, 1.00),
(295, 21, 44, 1.00),
(296, 21, 43, 1.00),
(297, 20, 1, 1.00),
(298, 20, 2, 1.00),
(299, 20, 3, 1.00),
(300, 20, 4, 1.00),
(301, 20, 5, 1.00),
(302, 20, 44, 1.00),
(303, 20, 45, 1.00),
(304, 19, 1, 1.00),
(305, 19, 2, 1.00),
(306, 19, 3, 1.00),
(307, 19, 4, 1.00),
(308, 19, 5, 1.00),
(309, 19, 46, 1.00),
(310, 19, 45, 1.00),
(311, 18, 1, 1.00),
(312, 18, 2, 1.00),
(313, 18, 3, 1.00),
(314, 18, 4, 1.00),
(315, 18, 5, 1.00),
(316, 18, 47, 1.00),
(317, 17, 1, 1.00),
(318, 17, 48, 1.00),
(322, 17, 9, 1.00),
(336, 11, 1, 1.00),
(337, 11, 2, 1.00),
(338, 11, 3, 1.00),
(339, 11, 4, 1.00),
(341, 11, 8, 1.00),
(342, 11, 9, 1.00),
(343, 11, 10, 1.00),
(344, 10, 1, 1.00),
(345, 10, 2, 1.00),
(346, 10, 3, 1.00),
(347, 10, 4, 1.00),
(348, 10, 5, 1.00),
(349, 10, 13, 1.00),
(350, 9, 1, 1.00),
(351, 9, 2, 1.00),
(352, 9, 3, 1.00),
(353, 9, 4, 1.00),
(354, 9, 5, 1.00),
(356, 9, 9, 1.00),
(357, 8, 1, 1.00),
(358, 8, 4, 1.00),
(361, 8, 2, 1.00),
(362, 8, 9, 1.00),
(367, 6, 1, 1.00),
(368, 6, 2, 1.00),
(369, 6, 3, 1.00),
(370, 6, 4, 1.00),
(371, 6, 5, 1.00),
(372, 6, 20, 1.00),
(373, 6, 13, 1.00),
(374, 5, 1, 2.00),
(375, 5, 19, 2.00),
(376, 5, 2, 2.00),
(377, 5, 3, 2.00),
(378, 5, 4, 2.00),
(379, 5, 5, 2.00),
(380, 5, 6, 2.00),
(381, 3, 1, 1.00),
(382, 3, 4, 1.00),
(383, 3, 2, 1.00),
(384, 3, 3, 1.00),
(385, 3, 5, 1.00),
(386, 3, 9, 1.00),
(387, 3, 10, 1.00),
(388, 2, 1, 1.00),
(391, 2, 10, 1.00),
(410, 69, 13, 1.00),
(411, 69, 12, 1.00),
(412, 69, 3, 1.00),
(413, 69, 5, 1.00),
(414, 69, 2, 1.00),
(415, 70, 44, 1.00),
(416, 70, 3, 1.00),
(417, 70, 10, 1.00),
(418, 70, 2, 1.00),
(419, 34, 41, 1.00),
(420, 71, 29, 1.00),
(421, 71, 13, 1.00),
(422, 71, 5, 1.00),
(423, 71, 2, 1.00),
(424, 71, 8, 1.00),
(425, 72, 29, 2.00),
(426, 72, 3, 2.00),
(427, 72, 5, 2.00),
(428, 72, 7, 2.00),
(429, 72, 2, 2.00),
(430, 72, 8, 2.00),
(431, 73, 13, 2.00),
(432, 73, 12, 2.00),
(433, 73, 3, 2.00),
(434, 73, 5, 2.00),
(435, 73, 2, 2.00),
(436, 81, 44, 2.00),
(437, 81, 9, 2.00),
(438, 81, 29, 2.00),
(439, 81, 3, 2.00),
(440, 81, 5, 2.00),
(441, 81, 2, 2.00),
(442, 81, 8, 2.00),
(443, 81, 1, 2.00),
(455, 84, 44, 1.00),
(456, 84, 9, 1.00),
(457, 84, 29, 1.00),
(458, 84, 3, 1.00),
(459, 84, 5, 1.00),
(460, 84, 2, 1.00),
(461, 84, 8, 1.00),
(462, 84, 1, 1.00),
(463, 85, 26, 150.00),
(471, 87, 23, 2.00),
(472, 87, 16, 2.00),
(473, 87, 3, 2.00),
(474, 87, 41, 2.00),
(475, 87, 7, 2.00),
(476, 87, 8, 2.00),
(477, 87, 6, 1.50),
(479, 89, 18, 200.00),
(480, 89, 4, 400.00),
(481, 89, 3, 10.00),
(482, 89, 59, 200.00),
(483, 89, 61, 0.50);

-- --------------------------------------------------------

--
-- Table structure for table `product_stock`
--

CREATE TABLE `product_stock` (
  `stock_id` int(11) NOT NULL,
  `products_id` int(11) NOT NULL,
  `stock_change` int(11) NOT NULL,
  `reason` varchar(100) DEFAULT 'Manual Update',
  `created_at` timestamp NOT NULL DEFAULT current_timestamp(),
  `date_issued` timestamp NOT NULL DEFAULT current_timestamp(),
  `expiry_date` date DEFAULT NULL
) ENGINE=InnoDB DEFAULT CHARSET=utf8mb4 COLLATE=utf8mb4_general_ci;

--
-- Dumping data for table `product_stock`
--

INSERT INTO `product_stock` (`stock_id`, `products_id`, `stock_change`, `reason`, `created_at`, `date_issued`, `expiry_date`) VALUES
(12, 44, 1, 'no balance', '2025-10-08 08:02:22', '2025-10-13 16:00:00', NULL),
(13, 56, 1, 'no balance', '2025-10-08 08:02:44', '2025-10-13 16:00:00', NULL),
(14, 30, 1, 'no balance', '2025-10-08 08:02:57', '2025-10-13 16:00:00', NULL),
(15, 4, 1, 'out of stock', '2025-10-08 08:03:09', '2025-10-13 16:00:00', NULL),
(16, 49, 3, 'no balance', '2025-10-08 08:03:25', '2025-10-13 16:00:00', NULL),
(17, 1, 1, 'nil', '2025-10-09 07:15:06', '2025-10-13 16:00:00', NULL),
(18, 1, 1, 'nil', '2025-10-09 07:15:09', '2025-10-13 16:00:00', NULL),
(19, 1, 1, 'nil', '2025-10-09 07:15:14', '2025-10-13 16:00:00', NULL),
(20, 1, 1, 'nil', '2025-10-09 07:16:47', '2025-10-13 16:00:00', NULL),
(21, 1, 1, 'nil', '2025-10-09 07:17:09', '2025-10-13 16:00:00', NULL),
(22, 1, -2, 'nil', '2025-10-09 07:28:39', '2025-10-13 16:00:00', NULL),
(23, 1, -2, 'nil', '2025-10-09 07:28:42', '2025-10-13 16:00:00', NULL),
(24, 1, 1, 'out of stock', '2025-10-09 07:29:05', '2025-10-13 16:00:00', NULL),
(26, 16, 1, 'not enough', '2025-10-09 08:22:17', '2025-10-13 16:00:00', NULL),
(27, 49, 1, 'not enough', '2025-10-09 08:22:25', '2025-10-13 16:00:00', NULL),
(28, 44, 1, 'not enough', '2025-10-09 08:22:45', '2025-10-13 16:00:00', NULL),
(29, 48, 1, 'not enough', '2025-10-09 08:22:54', '2025-10-13 16:00:00', NULL),
(30, 16, 2, 'not enough', '2025-10-10 07:37:49', '2025-10-13 16:00:00', NULL),
(31, 21, 1, 'not enough', '2025-10-10 07:55:42', '2025-10-13 16:00:00', NULL),
(32, 21, 10, 'out of stock', '2025-10-10 08:03:12', '2025-10-13 16:00:00', NULL),
(33, 21, 10, 'out of stock', '2025-10-10 08:03:32', '2025-10-13 16:00:00', NULL),
(34, 58, 1, 'out of stock', '2025-10-13 12:24:01', '2025-10-13 16:00:00', NULL),
(35, 58, 1, 'out of stock', '2025-10-13 13:01:22', '2025-10-13 16:00:00', NULL),
(36, 58, 1, 'out of stock', '2025-10-13 14:53:01', '2025-10-13 16:00:00', NULL),
(37, 58, 1, 'out of stock', '2025-10-13 16:00:21', '2025-10-13 16:00:00', NULL),
(38, 58, 1, 'out of stock', '2025-10-13 16:04:41', '2025-10-13 16:00:00', NULL),
(39, 58, 1, 'out of stock', '2025-10-13 16:26:35', '2025-10-13 16:00:00', NULL),
(40, 58, 1, 'out of stock', '2025-10-14 01:04:52', '2025-10-13 16:00:00', NULL),
(41, 38, 1, 'out of stock', '2025-10-14 01:41:55', '2025-10-13 16:00:00', NULL),
(42, 58, 1, 'not enough', '2025-10-14 05:32:04', '2025-10-13 16:00:00', '2025-10-14'),
(43, 58, 1, 'not enough', '2025-10-14 05:36:06', '2025-10-13 16:00:00', '2025-10-21'),
(44, 57, 5, 'not enough', '2025-10-14 05:36:16', '2025-10-13 16:00:00', '2025-10-13'),
(45, 57, 1, 'out of stock', '2025-10-14 10:37:21', '2025-10-13 16:00:00', '2025-10-17'),
(46, 58, 1, 'not enough', '2025-10-14 10:45:50', '2025-10-13 16:00:00', '2025-10-14'),
(47, 58, 1, 'not enough', '2025-10-14 10:47:03', '2025-10-13 16:00:00', '2025-10-13'),
(48, 58, 1, 'not enough', '2025-10-14 10:47:08', '2025-10-13 16:00:00', '2025-10-13'),
(49, 58, 1, 'out of stock', '2025-10-14 10:47:33', '2025-10-13 16:00:00', '2025-10-21'),
(54, 1, 1, 'out of stock', '2025-10-14 11:33:44', '2025-10-13 16:00:00', NULL),
(55, 57, 5, 'out of stock', '2025-10-14 11:41:22', '2025-10-13 16:00:00', NULL),
(56, 57, 5, 'out of stock', '2025-10-14 11:41:41', '2025-10-13 16:00:00', NULL),
(57, 57, 5, 'out of stock', '2025-10-14 11:45:08', '2025-10-13 16:00:00', NULL),
(58, 56, 10, 'not enough', '2025-10-14 11:45:54', '2025-10-13 16:00:00', NULL),
(59, 57, 5, 'out of stock', '2025-10-14 11:49:25', '2025-10-13 16:00:00', NULL),
(60, 57, 5, 'out of stock', '2025-10-14 11:55:04', '2025-10-13 16:00:00', NULL),
(61, 58, 1, 'out of stock', '2025-10-14 11:55:16', '2025-10-13 16:00:00', NULL),
(62, 58, 1, 'out of stock', '2025-10-14 11:55:53', '2025-10-13 16:00:00', NULL),
(63, 58, 1, 'out of stock', '2025-10-14 11:56:09', '2025-10-13 16:00:00', NULL),
(64, 58, 1, 'out of stock', '2025-10-14 12:01:29', '2025-10-13 16:00:00', NULL),
(65, 57, 5, 'out of stock', '2025-10-14 12:01:41', '2025-10-13 16:00:00', NULL),
(66, 57, 5, 'out of stock', '2025-10-14 12:05:47', '2025-10-13 16:00:00', NULL),
(67, 57, 5, 'not enough', '2025-10-14 12:06:29', '2025-10-13 16:00:00', NULL),
(68, 57, 5, 'not enough', '2025-10-14 12:06:53', '2025-10-13 16:00:00', NULL),
(69, 57, 5, 'out of stock', '2025-10-14 12:07:53', '2025-10-13 16:00:00', NULL),
(70, 58, 1, 'out of stock', '2025-10-14 12:08:00', '2025-10-13 16:00:00', NULL),
(87, 46, 1, 'not enough', '2025-10-14 12:50:20', '2025-10-13 16:00:00', NULL),
(98, 42, 10, 'not enough', '2025-10-17 03:13:30', '2025-10-16 16:00:00', '2025-10-21'),
(99, 57, 5, 'restock', '2025-10-17 03:18:18', '2025-10-16 16:00:00', '2025-10-21'),
(100, 58, 1, 'out of stock', '2025-10-17 03:30:25', '2025-10-16 16:00:00', '2025-10-21'),
(101, 53, 5, 'restock', '2025-10-17 03:31:49', '2025-10-16 16:00:00', '2025-10-22'),
(102, 56, 10, 'restock', '2025-10-17 03:45:59', '2025-10-16 16:00:00', '2025-10-22'),
(103, 50, 5, 'restock', '2025-10-17 03:51:01', '2025-10-17 03:51:01', '2025-10-22'),
(104, 50, 5, 'restock', '2025-10-17 03:55:45', '2025-10-17 03:55:45', '2025-10-22'),
(105, 42, 5, 'restock', '2025-10-17 03:55:54', '2025-10-17 03:55:54', '2025-10-22'),
(106, 58, 1, 'restock', '2025-10-17 03:56:24', '2025-10-17 03:56:24', '2025-10-27'),
(107, 57, 5, 'restock', '2025-10-17 03:56:34', '2025-10-17 03:56:34', '2025-10-22'),
(108, 56, 5, 'restock', '2025-10-17 03:56:45', '2025-10-17 03:56:45', '2025-10-22'),
(109, 53, 4, 'restock', '2025-10-17 03:57:00', '2025-10-17 03:57:00', '2025-10-22'),
(110, 49, 5, 'restock', '2025-10-17 03:58:39', '2025-10-17 03:58:39', '2025-10-22'),
(111, 48, 5, 'restock', '2025-10-17 04:00:29', '2025-10-17 04:00:29', '2025-10-21'),
(112, 47, 5, 'out of stock', '2025-10-17 04:00:37', '2025-10-17 04:00:37', '2025-10-21'),
(113, 46, 5, 'restock', '2025-10-17 04:00:45', '2025-10-17 04:00:45', '2025-10-21'),
(114, 43, 5, 'restock', '2025-10-17 04:00:57', '2025-10-17 04:00:57', '2025-10-22'),
(115, 44, 5, 'restock', '2025-10-17 04:01:08', '2025-10-17 04:01:08', '2025-10-22'),
(116, 45, 5, 'restock', '2025-10-17 04:01:15', '2025-10-17 04:01:15', '2025-10-21'),
(117, 56, 1, 'restock', '2025-10-17 04:02:31', '2025-10-17 04:02:31', '2025-10-22'),
(118, 56, 2, 'restock', '2025-10-17 04:03:57', '2025-10-17 04:03:57', '2025-10-22'),
(119, 56, 2, 'restock', '2025-10-17 04:05:25', '2025-10-17 04:05:25', '2025-10-22'),
(120, 56, 1, 'restock', '2025-10-17 04:06:09', '2025-10-17 04:06:09', '2025-10-22'),
(121, 56, 1, 'restock', '2025-10-17 04:07:18', '2025-10-17 04:07:18', '2025-10-22'),
(122, 56, 3, 'restock', '2025-10-17 04:08:29', '2025-10-17 04:08:29', '2025-10-22'),
(123, 1, 1, 'restock', '2025-10-21 12:56:03', '2025-10-21 12:56:03', '2025-10-27'),
(124, 58, 1, 'restock', '2025-10-27 07:49:06', '2025-10-27 07:49:06', '2025-11-07'),
(125, 57, 5, 'restock', '2025-10-27 07:49:15', '2025-10-27 07:49:15', '2025-10-31'),
(126, 56, 10, 'restock', '2025-10-27 07:49:25', '2025-10-27 07:49:25', '2025-10-31'),
(127, 53, 5, 'restock', '2025-10-27 07:49:37', '2025-10-27 07:49:37', '2025-10-31'),
(128, 50, 5, 'restock', '2025-10-27 07:49:44', '2025-10-27 07:49:44', '2025-10-31'),
(129, 49, 5, 'restock', '2025-10-27 07:49:55', '2025-10-27 07:49:55', '2025-10-31'),
(130, 48, 5, 'restock', '2025-10-27 07:50:02', '2025-10-27 07:50:02', '2025-10-31'),
(131, 47, 5, 'restock', '2025-10-27 07:50:12', '2025-10-27 07:50:12', '2025-10-31'),
(132, 46, 5, 'restock', '2025-10-27 07:50:20', '2025-10-27 07:50:20', '2025-10-31'),
(133, 45, 5, 'restock', '2025-10-27 07:50:28', '2025-10-27 07:50:28', '2025-10-31'),
(134, 44, 5, 'restock', '2025-10-27 07:50:37', '2025-10-27 07:50:37', '2025-10-31'),
(135, 43, 5, 'restock', '2025-10-27 07:50:48', '2025-10-27 07:50:48', '2025-10-31'),
(136, 42, 5, 'restock', '2025-10-27 07:51:10', '2025-10-27 07:51:10', '2025-10-31'),
(137, 41, 5, 'restock', '2025-10-27 07:51:18', '2025-10-27 07:51:18', '2025-10-31'),
(138, 40, 5, 'restock', '2025-10-27 07:51:27', '2025-10-27 07:51:27', '2025-10-31'),
(139, 39, 20, 'restock', '2025-10-27 07:53:24', '2025-10-27 07:53:24', '2025-10-31'),
(140, 38, 1, 'restock', '2025-10-27 07:53:38', '2025-10-27 07:53:38', '2025-11-07'),
(141, 37, 1, 'restock', '2025-10-27 07:53:51', '2025-10-27 07:53:51', '2025-11-07'),
(142, 36, 1, 'restock', '2025-10-27 07:54:01', '2025-10-27 07:54:01', '2025-11-07'),
(143, 35, 1, 'restock', '2025-10-27 07:54:13', '2025-10-27 07:54:13', '2025-11-07'),
(144, 34, 10, 'restock', '2025-10-27 07:56:19', '2025-10-27 07:56:19', '2025-10-31'),
(145, 33, 5, 'restock', '2025-10-27 07:56:30', '2025-10-27 07:56:30', '2025-10-31'),
(146, 32, 10, 'restock', '2025-10-27 07:56:41', '2025-10-27 07:56:41', '2025-10-31'),
(147, 31, 5, 'restock', '2025-10-27 07:56:54', '2025-10-27 07:56:54', '2025-10-31'),
(148, 30, 5, 'restock', '2025-10-27 07:57:04', '2025-10-27 07:57:04', '2025-10-31'),
(149, 29, 5, 'restock', '2025-10-27 07:57:14', '2025-10-27 07:57:14', '2025-10-31'),
(150, 28, 10, 'restock', '2025-10-27 07:57:32', '2025-10-27 07:57:32', '2025-10-31'),
(151, 27, 1, 'restock', '2025-10-27 07:57:48', '2025-10-27 07:57:48', '2025-11-07'),
(152, 26, 1, 'restock', '2025-10-27 07:59:01', '2025-10-27 07:59:01', '2025-11-07'),
(153, 25, 1, 'restock', '2025-10-27 07:59:11', '2025-10-27 07:59:11', '2025-11-07'),
(154, 24, 1, 'restock', '2025-10-27 07:59:20', '2025-10-27 07:59:20', '2025-10-31'),
(155, 23, 5, 'restock', '2025-10-27 07:59:34', '2025-10-27 07:59:34', '2025-10-31'),
(156, 22, 5, 'restock', '2025-10-27 07:59:57', '2025-10-27 07:59:57', '2025-10-31'),
(157, 21, 10, 'restock', '2025-10-27 08:00:10', '2025-10-27 08:00:10', '2025-10-31'),
(158, 20, 10, 'restock', '2025-10-27 08:00:21', '2025-10-27 08:00:21', '2025-10-31'),
(159, 19, 10, 'restock', '2025-10-27 08:00:32', '2025-10-27 08:00:32', '2025-10-31'),
(160, 18, 10, 'restock', '2025-10-27 08:00:45', '2025-10-27 08:00:45', '2025-10-31'),
(161, 17, 10, 'restock', '2025-10-27 08:01:48', '2025-10-27 08:01:48', '2025-10-31'),
(162, 16, 5, 'restock', '2025-10-27 08:01:58', '2025-10-27 08:01:58', '2025-10-31'),
(163, 4, 1, 'restock', '2025-10-27 08:02:06', '2025-10-27 08:02:06', '2025-11-07'),
(164, 14, 5, 'restock', '2025-10-27 08:02:19', '2025-10-27 08:02:19', '2025-10-31'),
(165, 3, 10, 'restock', '2025-10-27 08:02:28', '2025-10-27 08:02:28', '2025-10-31'),
(166, 2, 5, 'restock', '2025-10-27 08:02:41', '2025-10-27 08:02:41', '2025-10-31'),
(167, 1, 1, 'restock', '2025-10-27 08:02:52', '2025-10-27 08:02:52', '2025-11-07'),
(168, 5, 5, 'restock', '2025-10-27 13:06:15', '2025-10-27 13:06:15', '2025-10-31'),
(169, 6, 10, 'restock', '2025-10-27 13:09:36', '2025-10-27 13:09:36', '2025-10-31'),
(170, 11, 20, 'restock', '2025-10-27 13:10:25', '2025-10-27 13:10:25', '2025-10-31'),
(171, 10, 20, 'restock', '2025-10-27 13:10:45', '2025-10-27 13:10:45', '2025-10-31'),
(172, 9, 10, 'restock', '2025-10-27 13:12:16', '2025-10-27 13:12:16', '2025-10-31'),
(173, 8, 10, 'restock', '2025-10-27 13:13:41', '2025-10-27 13:13:41', '2025-10-31'),
(174, 1, 1, 'restock', '2025-10-28 12:28:10', '2025-10-28 12:28:10', '2025-11-07'),
(175, 4, 1, 'restock', '2025-10-28 12:39:34', '2025-10-28 12:39:34', '2025-11-07'),
(176, 2, 5, 'restock', '2025-10-31 07:32:45', '2025-10-31 07:32:45', '2025-11-03'),
(177, 57, 5, 'expire', '2025-11-01 15:29:34', '2025-11-01 15:29:34', '2025-11-07'),
(178, 56, 10, 'expiry', '2025-11-01 15:29:46', '2025-11-01 15:29:46', '2025-11-07'),
(179, 53, 5, 'restock', '2025-11-01 15:29:57', '2025-11-01 15:29:57', '2025-11-07'),
(180, 50, 5, 'restock', '2025-11-01 15:30:06', '2025-11-01 15:30:06', '2025-11-07'),
(181, 49, 5, 'restock', '2025-11-01 15:30:15', '2025-11-01 15:30:15', '2025-11-07'),
(182, 48, 5, 'restock', '2025-11-01 15:30:30', '2025-11-01 15:30:30', '2025-11-07'),
(183, 47, 5, 'restock', '2025-11-01 15:30:40', '2025-11-01 15:30:40', '2025-11-07'),
(184, 46, 5, 'restock', '2025-11-01 15:30:48', '2025-11-01 15:30:48', '2025-11-07'),
(185, 45, 5, 'restock', '2025-11-01 15:30:57', '2025-11-01 15:30:57', '2025-11-07'),
(186, 44, 5, 'restock', '2025-11-01 15:31:04', '2025-11-01 15:31:04', '2025-11-07'),
(187, 16, 5, 'restock', '2025-11-01 15:31:17', '2025-11-01 15:31:17', '2025-11-07'),
(188, 14, 5, 'restock', '2025-11-01 15:31:28', '2025-11-01 15:31:28', '2025-11-07'),
(189, 1, 1, 'restock', '2025-11-01 15:31:37', '2025-11-01 15:31:37', '2025-11-07'),
(190, 4, 1, 'restock', '2025-11-01 15:31:54', '2025-11-01 15:31:54', '2025-11-07'),
(191, 24, 1, 'restock', '2025-11-01 15:33:41', '2025-11-01 15:33:41', '2025-11-07'),
(192, 3, 10, 'restock', '2025-11-02 02:53:48', '2025-11-02 02:53:48', '2025-11-07'),
(193, 43, 5, 'restock', '2025-11-02 02:53:59', '2025-11-02 02:53:59', '2025-11-07'),
(194, 42, 5, 'restock', '2025-11-02 02:54:10', '2025-11-02 02:54:10', '2025-11-07'),
(195, 41, 5, 'restock', '2025-11-02 02:54:18', '2025-11-02 02:54:18', '2025-11-07'),
(196, 40, 5, 'restock', '2025-11-02 02:54:27', '2025-11-02 02:54:27', '2025-11-07'),
(197, 34, 10, 'restock', '2025-11-02 02:54:35', '2025-11-02 02:54:35', '2025-11-07'),
(198, 33, 5, 'restock', '2025-11-02 02:57:27', '2025-11-02 02:57:27', '2025-11-07'),
(199, 39, 20, 'restock', '2025-11-02 02:57:36', '2025-11-02 02:57:36', '2025-11-07'),
(200, 32, 10, 'restock', '2025-11-02 02:57:46', '2025-11-02 02:57:46', '2025-11-07'),
(201, 31, 5, 'restock', '2025-11-02 02:57:54', '2025-11-02 02:57:54', '2025-11-07'),
(202, 30, 5, 'restock', '2025-11-02 02:58:06', '2025-11-02 02:58:06', '2025-11-07'),
(203, 29, 5, 'restock', '2025-11-02 02:58:14', '2025-11-02 02:58:14', '2025-11-07'),
(204, 28, 10, 'restock', '2025-11-02 02:58:22', '2025-11-02 02:58:22', '2025-11-07'),
(205, 23, 5, 'restock', '2025-11-02 02:58:30', '2025-11-02 02:58:30', '2025-11-07'),
(206, 22, 5, 'restock', '2025-11-02 02:58:40', '2025-11-02 02:58:40', '2025-11-07'),
(207, 21, 10, 'restock', '2025-11-02 02:59:44', '2025-11-02 02:59:44', '2025-11-07'),
(208, 20, 10, 'restock', '2025-11-02 02:59:54', '2025-11-02 02:59:54', '2025-11-07'),
(209, 19, 10, 'restock', '2025-11-02 03:00:02', '2025-11-02 03:00:02', '2025-11-07'),
(210, 18, 10, 'restock', '2025-11-02 03:00:27', '2025-11-02 03:00:27', '2025-11-07'),
(211, 17, 10, 'restock', '2025-11-02 03:00:37', '2025-11-02 03:00:37', '2025-11-07'),
(212, 11, 20, 'restock', '2025-11-02 03:00:53', '2025-11-02 03:00:53', '2025-11-07'),
(213, 10, 20, 'restock', '2025-11-02 03:01:05', '2025-11-02 03:01:05', '2025-11-07'),
(214, 8, 10, 'restock', '2025-11-02 03:01:53', '2025-11-02 03:01:53', '2025-11-07'),
(215, 6, 10, 'restock', '2025-11-02 03:04:35', '2025-11-02 03:04:35', '2025-11-07'),
(216, 5, 5, 'restock', '2025-11-02 03:06:09', '2025-11-02 03:06:09', '2025-11-07'),
(217, 9, 10, 'restock', '2025-11-02 03:06:20', '2025-11-02 03:06:20', '2025-11-07'),
(218, 2, 5, 'restock', '2025-11-04 01:23:14', '2025-11-04 01:23:14', '2025-11-14'),
(219, 1, 1, 'restock', '2025-11-04 01:23:36', '2025-11-04 01:23:36', '2025-11-21'),
(220, 69, 5, 'restock', '2025-11-04 01:57:50', '2025-11-04 01:57:50', '2025-11-14'),
(221, 58, 1, 'restock', '2025-11-13 01:31:06', '2025-11-13 01:31:06', '2025-11-21'),
(222, 57, 5, 'restock', '2025-11-13 01:31:21', '2025-11-13 01:31:21', '2025-11-16'),
(223, 56, 10, 'restock', '2025-11-13 01:31:33', '2025-11-13 01:31:33', '2025-11-16'),
(224, 53, 5, 'restock', '2025-11-13 01:31:42', '2025-11-13 01:31:42', '2025-11-16'),
(225, 50, 5, 'out of stock', '2025-11-13 01:31:57', '2025-11-13 01:31:57', '2025-11-16'),
(226, 49, 5, 'restock', '2025-11-13 01:32:08', '2025-11-13 01:32:08', '2025-11-16'),
(227, 48, 5, 'restock', '2025-11-13 01:32:43', '2025-11-13 01:32:43', '2025-11-17'),
(228, 47, 5, 'restock', '2025-11-13 01:33:07', '2025-11-13 01:33:07', '2025-11-17'),
(229, 46, 5, 'restock', '2025-11-13 01:33:29', '2025-11-13 01:33:29', '2025-11-17'),
(230, 45, 5, 'restock', '2025-11-13 01:33:39', '2025-11-13 01:33:39', '2025-11-17'),
(231, 44, 5, 'restock', '2025-11-13 01:33:51', '2025-11-13 01:33:51', '2025-11-17'),
(232, 43, 5, 'restock', '2025-11-13 01:34:03', '2025-11-13 01:34:03', '2025-11-17'),
(233, 42, 5, 'nil', '2025-11-13 01:34:12', '2025-11-13 01:34:12', '2025-11-17'),
(234, 41, 5, 'restock', '2025-11-13 01:34:21', '2025-11-13 01:34:21', '2025-11-17'),
(235, 40, 5, 'restock', '2025-11-13 01:34:30', '2025-11-13 01:34:30', '2025-11-17'),
(236, 39, 20, 'restock', '2025-11-13 01:34:41', '2025-11-13 01:34:41', '2025-11-17'),
(237, 38, 1, 'nil', '2025-11-13 01:35:11', '2025-11-13 01:35:11', '2025-11-21'),
(238, 37, 1, 'restock', '2025-11-13 01:35:28', '2025-11-13 01:35:28', '2025-11-21'),
(239, 36, 1, 'nil', '2025-11-13 01:35:40', '2025-11-13 01:35:40', '2025-11-21'),
(240, 35, 1, 'restock', '2025-11-13 01:35:52', '2025-11-13 01:35:52', '2025-11-21'),
(241, 34, 10, 'restock', '2025-11-13 01:36:01', '2025-11-13 01:36:01', '2025-11-17'),
(242, 33, 5, 'restock', '2025-11-13 01:36:16', '2025-11-13 01:36:16', '2025-11-17'),
(243, 32, 10, 'restock', '2025-11-13 01:36:25', '2025-11-13 01:36:25', '2025-11-17'),
(244, 31, 5, 'restock', '2025-11-13 01:36:38', '2025-11-13 01:36:38', '2025-11-17'),
(245, 30, 5, 'restock', '2025-11-13 01:36:49', '2025-11-13 01:36:49', '2025-11-17'),
(246, 3, 10, 'restock', '2025-11-13 01:37:01', '2025-11-13 01:37:01', '2025-11-17'),
(247, 25, 1, 'restock', '2025-11-13 01:37:09', '2025-11-13 01:37:09', '2025-11-17'),
(248, 27, 1, 'restock', '2025-11-13 01:37:20', '2025-11-13 01:37:20', '2025-11-21'),
(249, 29, 5, 'nil', '2025-11-13 01:38:24', '2025-11-13 01:38:24', '2025-11-17'),
(250, 28, 10, 'restock', '2025-11-13 01:38:36', '2025-11-13 01:38:36', '2025-11-17'),
(251, 26, 1, 'restock', '2025-11-13 01:38:46', '2025-11-13 01:38:46', '2025-11-21'),
(252, 24, 1, 'restock', '2025-11-13 01:38:56', '2025-11-13 01:38:56', '2025-11-21'),
(253, 23, 5, 'restock', '2025-11-13 01:39:05', '2025-11-13 01:39:05', '2025-11-17'),
(254, 22, 5, 'restock', '2025-11-13 01:39:14', '2025-11-13 01:39:14', '2025-11-17'),
(255, 21, 10, 'restock', '2025-11-13 01:39:29', '2025-11-13 01:39:29', '2025-11-17'),
(256, 20, 10, 'restock', '2025-11-13 01:39:39', '2025-11-13 01:39:39', '2025-11-17'),
(257, 19, 10, 'restock', '2025-11-13 01:39:50', '2025-11-13 01:39:50', '2025-11-17'),
(258, 18, 10, 'restock', '2025-11-13 01:40:01', '2025-11-13 01:40:01', '2025-11-17'),
(259, 17, 10, 'restock', '2025-11-13 01:40:10', '2025-11-13 01:40:10', '2025-11-17'),
(260, 16, 5, 'restock', '2025-11-13 01:40:19', '2025-11-13 01:40:19', '2025-11-17'),
(261, 14, 5, 'restock', '2025-11-13 01:40:31', '2025-11-13 01:40:31', '2025-11-17'),
(262, 11, 20, 'restock', '2025-11-13 01:40:41', '2025-11-13 01:40:41', '2025-11-17'),
(263, 10, 20, 'restock', '2025-11-13 01:40:51', '2025-11-13 01:40:51', '2025-11-17'),
(264, 9, 10, 'restock', '2025-11-13 01:40:59', '2025-11-13 01:40:59', '2025-11-17'),
(265, 8, 10, 'restock', '2025-11-13 01:41:08', '2025-11-13 01:41:08', '2025-11-17'),
(266, 6, 10, 'restock', '2025-11-13 01:41:16', '2025-11-13 01:41:16', '2025-11-17'),
(267, 5, 5, 'restock', '2025-11-13 01:41:25', '2025-11-13 01:41:25', '2025-11-17'),
(268, 4, 1, 'restock', '2025-11-13 01:41:52', '2025-11-13 01:41:52', '2025-11-21'),
(269, 34, 10, 'restock', '2025-11-13 02:37:18', '2025-11-13 02:37:18', '2025-11-17'),
(270, 34, 10, 'restock', '2025-11-13 02:38:53', '2025-11-13 02:38:53', '2025-11-17'),
(271, 34, 10, 'restock', '2025-11-13 02:41:37', '2025-11-13 02:41:37', '2025-11-17'),
(272, 34, 10, 'restock', '2025-11-13 02:47:12', '2025-11-13 02:47:12', '2025-11-17'),
(273, 34, 10, 'restock', '2025-11-13 02:49:42', '2025-11-13 02:49:42', '2025-11-17'),
(274, 34, 10, 'restock', '2025-11-13 02:52:51', '2025-11-13 02:52:51', '2025-11-17'),
(275, 34, 10, 'restock', '2025-11-13 02:54:24', '2025-11-13 02:54:24', '2025-11-17'),
(276, 34, 10, 'restock', '2025-11-13 02:54:47', '2025-11-13 02:54:47', '2025-11-17'),
(277, 34, 10, 'restock', '2025-11-13 02:56:16', '2025-11-13 02:56:16', '2025-11-17'),
(278, 34, 10, 'restock', '2025-11-13 02:58:50', '2025-11-13 02:58:50', '2025-11-17'),
(279, 34, 10, 'restock', '2025-11-13 03:03:51', '2025-11-13 03:03:51', '2025-11-17'),
(280, 34, 10, 'restock', '2025-11-13 03:06:20', '2025-11-13 03:06:20', '2025-11-17');

-- --------------------------------------------------------

--
-- Table structure for table `raw_items`
--

CREATE TABLE `raw_items` (
  `raw_id` int(11) NOT NULL,
  `name` varchar(255) NOT NULL,
  `unit` varchar(50) NOT NULL,
  `current_stock` int(11) NOT NULL DEFAULT 0,
  `max_stock` int(11) NOT NULL DEFAULT 0,
  `date_issued` timestamp NOT NULL DEFAULT current_timestamp(),
  `expiry_date` date DEFAULT NULL
) ENGINE=InnoDB DEFAULT CHARSET=utf8mb4 COLLATE=utf8mb4_general_ci;

--
-- Dumping data for table `raw_items`
--

INSERT INTO `raw_items` (`raw_id`, `name`, `unit`, `current_stock`, `max_stock`, `date_issued`, `expiry_date`) VALUES
(1, 'Wheat Flour', 'packet', 9593, 10000, '2026-04-17 12:50:54', '2026-12-31'),
(2, 'Sugar', 'packet', 9577, 10000, '2026-04-17 12:51:13', '2026-10-15'),
(3, 'Eggs', 'pcs', 9382, 10000, '2026-04-17 13:06:06', '2026-12-31'),
(4, 'Butter', 'packet', 1619, 10000, '2026-04-17 13:06:33', '2026-12-31'),
(5, 'Fresh Milk', 'bottle', 9616, 10000, '2026-04-17 13:07:29', '2026-12-31'),
(6, 'Whipping Cream', 'bottle', 9894, 10000, '2026-04-17 13:08:08', '2026-12-31'),
(7, 'Strawberries', 'packet', 9973, 10000, '2026-04-17 13:12:12', '2026-12-31'),
(8, 'Vanilla Essence', 'packet', 9890, 10000, '2026-04-17 13:11:47', '2026-10-15'),
(9, 'Baking Powder', 'packet', 9800, 10000, '2026-04-17 13:11:25', '2026-10-15'),
(10, 'Salt', 'packet', 9908, 10000, '2026-04-17 13:11:04', '2026-12-31'),
(11, 'Cocoa Powder', 'packet', 9926, 10000, '2026-04-17 13:10:13', '2026-10-15'),
(12, 'Dark Chocolate', 'packet', 9978, 10000, '2026-04-17 13:09:52', '2026-12-31'),
(13, 'Cream Cheese', 'packet', 9910, 10000, '2026-04-17 13:09:33', '2026-12-31'),
(14, 'Mascarpone Cheese', 'packet', 9989, 10000, '2026-04-17 13:09:13', '2026-12-15'),
(15, 'Espresso Coffee', 'bottle', 9979, 10000, '2026-04-17 13:08:41', '2026-12-31'),
(16, 'Cherries', 'packet', 9974, 10000, '2026-04-17 13:08:24', '2026-12-31'),
(17, 'Pistachios', 'packet', 9989, 10000, '2026-04-17 13:10:30', '2026-12-31'),
(18, 'Almonds', 'packet', 5989, 10000, '2026-04-17 13:09:46', '2026-12-31'),
(19, 'Matcha Powder', 'packet', 9990, 10000, '2026-04-17 13:05:49', '2026-10-15'),
(20, 'Red Food Coloring', 'bottle', 9979, 10000, '2026-04-17 13:05:38', '2026-10-15'),
(21, 'Carrots', 'packet', 9989, 10000, '2026-04-17 13:05:18', '2026-12-31'),
(22, 'Cinnamon Powder', 'packet', 9989, 10000, '2026-04-17 12:55:24', '2026-10-15'),
(23, 'Blueberries', 'packet', 9979, 10000, '2026-04-17 12:55:03', '2026-12-31'),
(24, 'Oreo Cookies', 'packet', 9989, 10000, '2026-04-17 12:53:57', '2026-12-31'),
(25, 'Food Coloring (Assorted)', 'bottle', 9984, 10000, '2026-04-17 12:54:44', '2026-10-15'),
(26, 'Yeast', 'active starter', 9090, 10000, '2026-04-17 12:53:49', '2026-10-15'),
(27, 'Bread Improver', 'packet', 9990, 10000, '2026-04-17 12:53:33', '2026-10-15'),
(28, 'Olive Oil', 'bottle', 9990, 10000, '2026-04-17 12:53:21', '2026-10-15'),
(29, 'Cheese', 'packet', 9968, 10000, '2026-04-17 12:53:08', '2026-12-31'),
(30, 'Garlic', 'packet', 9995, 10000, '2026-04-17 12:52:49', '2026-12-31'),
(31, 'Ham Slices', 'pack', 9990, 10000, '2026-04-17 12:52:38', '2026-12-31'),
(32, 'Chicken Fillet', 'packet', 9995, 10000, '2026-04-17 12:50:08', '2026-12-31'),
(33, 'Fish Fillet', 'packet', 9990, 10000, '2026-04-17 12:52:26', '2026-12-31'),
(34, 'Mayonnaise', 'packet', 9995, 10000, '2026-04-17 12:49:33', '2026-12-31'),
(35, 'Tomato Sauce', 'packet', 9995, 10000, '2026-04-17 12:52:16', '2026-12-31'),
(36, 'Curry Paste', 'packet', 9995, 10000, '2026-04-17 12:49:42', '2026-12-31'),
(37, 'Sardines', 'packet', 9995, 10000, '2026-04-17 12:51:54', '2026-12-31'),
(38, 'Mushrooms', 'packet', 9995, 10000, '2026-04-17 12:51:45', '2026-12-31'),
(39, 'Egg Custard', 'packet', 9995, 10000, '2026-04-17 12:51:35', '2026-12-31'),
(40, 'Chocolate Chips', 'packet', 9995, 10000, '2026-04-17 12:49:23', '2026-10-15'),
(41, 'Kiwi Fruit', 'packet', 9975, 10000, '2026-04-17 12:48:57', '2026-12-31'),
(42, 'Honey', 'packet', 9990, 10000, '2026-04-17 12:48:33', '2026-10-15'),
(43, 'Macaron Shells', 'packet', 9980, 10000, '2026-04-17 12:42:52', '2026-12-31'),
(44, 'Baking Chocolate', 'packet', 9960, 10000, '2026-04-17 12:49:50', '2026-12-31'),
(45, 'Wholemeal Flour', 'packet', 9980, 10000, '2026-04-17 12:48:12', '2026-12-31'),
(46, 'Buttercream', 'packet', 9990, 10000, '2026-04-17 12:40:53', '2026-12-31'),
(47, 'Parmesan Cheese', 'packet', 9990, 10000, '2026-04-17 12:40:24', '2026-12-31'),
(48, 'Bread Crumbs', 'packet', 9990, 10000, '2026-04-17 12:36:02', '2026-10-15'),
(59, 'Icing Sugar', 'kg', 6000, 10000, '2026-04-15 04:47:17', '2026-12-31'),
(61, 'Sugee', 'kg', 9990, 10000, '2026-04-15 02:31:25', '2027-12-31');

-- --------------------------------------------------------

--
-- Table structure for table `raw_item_stock_history`
--

CREATE TABLE `raw_item_stock_history` (
  `history_id` int(11) NOT NULL,
  `raw_id` int(11) NOT NULL,
  `stock_change` int(11) NOT NULL,
  `reason` varchar(255) DEFAULT NULL,
  `date_updated` datetime NOT NULL,
  `created_at` datetime NOT NULL
) ENGINE=InnoDB DEFAULT CHARSET=utf8mb4 COLLATE=utf8mb4_general_ci;

--
-- Dumping data for table `raw_item_stock_history`
--

INSERT INTO `raw_item_stock_history` (`history_id`, `raw_id`, `stock_change`, `reason`, `date_updated`, `created_at`) VALUES
(2214, 2, 392, 'restock', '2025-11-26 10:04:15', '2025-11-26 10:04:15'),
(2215, 44, -5, 'Used for new product (ID: 84)', '2025-11-26 10:06:11', '2025-11-26 10:06:11'),
(2216, 9, -5, 'Used for new product (ID: 84)', '2025-11-26 10:06:11', '2025-11-26 10:06:11'),
(2217, 29, -5, 'Used for new product (ID: 84)', '2025-11-26 10:06:11', '2025-11-26 10:06:11'),
(2218, 3, -5, 'Used for new product (ID: 84)', '2025-11-26 10:06:11', '2025-11-26 10:06:11'),
(2219, 5, -5, 'Used for new product (ID: 84)', '2025-11-26 10:06:11', '2025-11-26 10:06:11'),
(2220, 2, -5, 'Used for new product (ID: 84)', '2025-11-26 10:06:11', '2025-11-26 10:06:11'),
(2221, 8, -5, 'Used for new product (ID: 84)', '2025-11-26 10:06:11', '2025-11-26 10:06:11'),
(2222, 1, -5, 'Used for new product (ID: 84)', '2025-11-26 10:06:11', '2025-11-26 10:06:11'),
(2223, 13, -6, 'restock', '2025-11-28 17:12:48', '2025-11-28 17:12:48'),
(2224, 12, -6, 'restock', '2025-11-28 17:12:48', '2025-11-28 17:12:48'),
(2225, 3, -6, 'restock', '2025-11-28 17:12:48', '2025-11-28 17:12:48'),
(2226, 5, -6, 'restock', '2025-11-28 17:12:48', '2025-11-28 17:12:48'),
(2227, 2, -6, 'restock', '2025-11-28 17:12:48', '2025-11-28 17:12:48'),
(2228, 1, -6, 'restock', '2025-11-28 17:13:12', '2025-11-28 17:13:12'),
(2229, 17, -6, 'restock', '2025-11-28 17:13:12', '2025-11-28 17:13:12'),
(2230, 2, -6, 'restock', '2025-11-28 17:13:12', '2025-11-28 17:13:12'),
(2231, 3, -6, 'restock', '2025-11-28 17:13:12', '2025-11-28 17:13:12'),
(2232, 4, -6, 'restock', '2025-11-28 17:13:12', '2025-11-28 17:13:12'),
(2233, 5, -6, 'restock', '2025-11-28 17:13:12', '2025-11-28 17:13:12'),
(2234, 18, -6, 'restock', '2025-11-28 17:13:12', '2025-11-28 17:13:12'),
(2235, 8, -6, 'restock', '2025-11-28 17:13:12', '2025-11-28 17:13:12'),
(2236, 1, -6, 'restock', '2025-11-28 17:13:27', '2025-11-28 17:13:27'),
(2237, 21, -6, 'restock', '2025-11-28 17:13:27', '2025-11-28 17:13:27'),
(2238, 2, -6, 'restock', '2025-11-28 17:13:27', '2025-11-28 17:13:27'),
(2239, 3, -6, 'restock', '2025-11-28 17:13:27', '2025-11-28 17:13:27'),
(2240, 4, -6, 'restock', '2025-11-28 17:13:27', '2025-11-28 17:13:27'),
(2241, 5, -6, 'restock', '2025-11-28 17:13:27', '2025-11-28 17:13:27'),
(2242, 22, -6, 'restock', '2025-11-28 17:13:27', '2025-11-28 17:13:27'),
(2243, 9, -6, 'restock', '2025-11-28 17:13:27', '2025-11-28 17:13:27'),
(2244, 1, -6, 'restock', '2025-11-28 17:13:41', '2025-11-28 17:13:41'),
(2245, 2, -6, 'restock', '2025-11-28 17:13:41', '2025-11-28 17:13:41'),
(2246, 3, -6, 'restock', '2025-11-28 17:13:41', '2025-11-28 17:13:41'),
(2247, 4, -6, 'restock', '2025-11-28 17:13:41', '2025-11-28 17:13:41'),
(2248, 5, -6, 'restock', '2025-11-28 17:13:41', '2025-11-28 17:13:41'),
(2249, 11, -6, 'restock', '2025-11-28 17:13:41', '2025-11-28 17:13:41'),
(2250, 16, -6, 'restock', '2025-11-28 17:13:41', '2025-11-28 17:13:41'),
(2251, 6, -6, 'restock', '2025-11-28 17:13:41', '2025-11-28 17:13:41'),
(2252, 1, -6, 'restock', '2025-11-28 17:13:50', '2025-11-28 17:13:50'),
(2253, 2, -6, 'restock', '2025-11-28 17:13:50', '2025-11-28 17:13:50'),
(2254, 3, -6, 'restock', '2025-11-28 17:13:50', '2025-11-28 17:13:50'),
(2255, 4, -6, 'restock', '2025-11-28 17:13:50', '2025-11-28 17:13:50'),
(2256, 5, -6, 'restock', '2025-11-28 17:13:50', '2025-11-28 17:13:50'),
(2257, 13, -6, 'restock', '2025-11-28 17:13:50', '2025-11-28 17:13:50'),
(2258, 24, -6, 'restock', '2025-11-28 17:13:50', '2025-11-28 17:13:50'),
(2259, 1, -6, 'restock', '2025-11-28 17:13:57', '2025-11-28 17:13:57'),
(2260, 2, -6, 'restock', '2025-11-28 17:13:57', '2025-11-28 17:13:57'),
(2261, 3, -6, 'restock', '2025-11-28 17:13:57', '2025-11-28 17:13:57'),
(2262, 4, -6, 'restock', '2025-11-28 17:13:57', '2025-11-28 17:13:57'),
(2263, 5, -6, 'restock', '2025-11-28 17:13:57', '2025-11-28 17:13:57'),
(2264, 13, -6, 'restock', '2025-11-28 17:13:57', '2025-11-28 17:13:57'),
(2265, 23, -6, 'restock', '2025-11-28 17:13:57', '2025-11-28 17:13:57'),
(2266, 29, -6, 'restock', '2025-11-28 17:14:09', '2025-11-28 17:14:09'),
(2267, 3, -6, 'restock', '2025-11-28 17:14:09', '2025-11-28 17:14:09'),
(2268, 5, -6, 'restock', '2025-11-28 17:14:09', '2025-11-28 17:14:09'),
(2269, 7, -6, 'restock', '2025-11-28 17:14:09', '2025-11-28 17:14:09'),
(2270, 2, -6, 'restock', '2025-11-28 17:14:09', '2025-11-28 17:14:09'),
(2271, 8, -6, 'restock', '2025-11-28 17:14:09', '2025-11-28 17:14:09'),
(2272, 1, -6, 'restock', '2025-11-28 17:14:46', '2025-11-28 17:14:46'),
(2273, 2, -6, 'restock', '2025-11-28 17:14:46', '2025-11-28 17:14:46'),
(2274, 3, -6, 'restock', '2025-11-28 17:14:46', '2025-11-28 17:14:46'),
(2275, 4, -6, 'restock', '2025-11-28 17:14:46', '2025-11-28 17:14:46'),
(2276, 5, -6, 'restock', '2025-11-28 17:14:46', '2025-11-28 17:14:46'),
(2277, 25, -6, 'restock', '2025-11-28 17:14:46', '2025-11-28 17:14:46'),
(2278, 6, -6, 'restock', '2025-11-28 17:14:46', '2025-11-28 17:14:46'),
(2279, 1, -6, 'restock', '2025-11-28 17:15:21', '2025-11-28 17:15:21'),
(2280, 2, -6, 'restock', '2025-11-28 17:15:21', '2025-11-28 17:15:21'),
(2281, 3, -6, 'restock', '2025-11-28 17:15:21', '2025-11-28 17:15:21'),
(2282, 4, -6, 'restock', '2025-11-28 17:15:21', '2025-11-28 17:15:21'),
(2283, 5, -6, 'restock', '2025-11-28 17:15:21', '2025-11-28 17:15:21'),
(2284, 14, -6, 'restock', '2025-11-28 17:15:21', '2025-11-28 17:15:21'),
(2285, 15, -6, 'restock', '2025-11-28 17:15:21', '2025-11-28 17:15:21'),
(2286, 11, -6, 'restock', '2025-11-28 17:15:21', '2025-11-28 17:15:21'),
(2287, 1, -6, 'restock', '2025-11-28 17:15:40', '2025-11-28 17:15:40'),
(2288, 11, -6, 'restock', '2025-11-28 17:15:40', '2025-11-28 17:15:40'),
(2289, 2, -6, 'restock', '2025-11-28 17:15:40', '2025-11-28 17:15:40'),
(2290, 3, -6, 'restock', '2025-11-28 17:15:40', '2025-11-28 17:15:40'),
(2291, 4, -6, 'restock', '2025-11-28 17:15:40', '2025-11-28 17:15:40'),
(2292, 5, -6, 'restock', '2025-11-28 17:15:40', '2025-11-28 17:15:40'),
(2293, 12, -6, 'restock', '2025-11-28 17:15:40', '2025-11-28 17:15:40'),
(2294, 9, -6, 'restock', '2025-11-28 17:15:40', '2025-11-28 17:15:40'),
(2295, 10, -6, 'restock', '2025-11-28 17:15:40', '2025-11-28 17:15:40'),
(2296, 1, -6, 'restock', '2025-11-28 17:15:53', '2025-11-28 17:15:53'),
(2297, 2, -6, 'restock', '2025-11-28 17:15:53', '2025-11-28 17:15:53'),
(2298, 3, -6, 'restock', '2025-11-28 17:15:53', '2025-11-28 17:15:53'),
(2299, 4, -6, 'restock', '2025-11-28 17:15:53', '2025-11-28 17:15:53'),
(2300, 5, -6, 'restock', '2025-11-28 17:15:53', '2025-11-28 17:15:53'),
(2301, 13, -6, 'restock', '2025-11-28 17:15:53', '2025-11-28 17:15:53'),
(2302, 8, -6, 'restock', '2025-11-28 17:15:53', '2025-11-28 17:15:53'),
(2303, 1, -6, 'restock', '2025-11-28 17:16:08', '2025-11-28 17:16:08'),
(2304, 2, -6, 'restock', '2025-11-28 17:16:08', '2025-11-28 17:16:08'),
(2305, 3, -6, 'restock', '2025-11-28 17:16:08', '2025-11-28 17:16:08'),
(2306, 4, -6, 'restock', '2025-11-28 17:16:08', '2025-11-28 17:16:08'),
(2307, 5, -6, 'restock', '2025-11-28 17:16:08', '2025-11-28 17:16:08'),
(2308, 11, -6, 'restock', '2025-11-28 17:16:08', '2025-11-28 17:16:08'),
(2309, 20, -6, 'restock', '2025-11-28 17:16:08', '2025-11-28 17:16:08'),
(2310, 13, -6, 'restock', '2025-11-28 17:16:08', '2025-11-28 17:16:08'),
(2311, 9, -6, 'restock', '2025-11-28 17:16:08', '2025-11-28 17:16:08'),
(2312, 10, -6, 'restock', '2025-11-28 17:16:08', '2025-11-28 17:16:08'),
(2313, 1, -6, 'restock', '2025-11-28 17:16:59', '2025-11-28 17:16:59'),
(2314, 2, -6, 'restock', '2025-11-28 17:16:59', '2025-11-28 17:16:59'),
(2315, 3, -6, 'restock', '2025-11-28 17:16:59', '2025-11-28 17:16:59'),
(2316, 4, -6, 'restock', '2025-11-28 17:16:59', '2025-11-28 17:16:59'),
(2317, 5, -6, 'restock', '2025-11-28 17:16:59', '2025-11-28 17:16:59'),
(2318, 6, -6, 'restock', '2025-11-28 17:16:59', '2025-11-28 17:16:59'),
(2319, 7, -6, 'restock', '2025-11-28 17:16:59', '2025-11-28 17:16:59'),
(2320, 8, -6, 'restock', '2025-11-28 17:16:59', '2025-11-28 17:16:59'),
(2321, 9, -6, 'restock', '2025-11-28 17:16:59', '2025-11-28 17:16:59'),
(2322, 10, -6, 'restock', '2025-11-28 17:16:59', '2025-11-28 17:16:59'),
(2323, 23, 15, 'restock', '2025-11-28 19:47:33', '2025-11-28 19:47:33'),
(2324, 6, 102, 'restock', '2025-11-28 19:48:17', '2025-11-28 19:48:17'),
(2325, 47, 1000, 'restock', '2026-01-06 17:12:38', '2026-01-06 17:12:38'),
(2326, 3, 1000, 'restock', '2026-01-22 16:09:44', '2026-01-22 16:09:44'),
(2327, 46, 1000, 'restock', '2026-01-22 16:10:52', '2026-01-22 16:10:52'),
(2328, 43, 1000, 'restock', '2026-01-22 16:19:50', '2026-01-22 16:19:50'),
(2329, 41, 1000, 'restock', '2026-01-22 16:27:55', '2026-01-22 16:27:55'),
(2330, 39, 1000, 'restock', '2026-01-22 16:28:53', '2026-01-22 16:28:53'),
(2331, 38, 1000, 'restock', '2026-01-22 16:31:07', '2026-01-22 16:31:07'),
(2332, 37, 1000, 'restock', '2026-01-22 16:34:21', '2026-01-22 16:34:21'),
(2333, 36, 1000, 'restock', '2026-01-22 16:35:13', '2026-01-22 16:35:13'),
(2334, 34, 1000, 'restock', '2026-01-22 16:36:17', '2026-01-22 16:36:17'),
(2335, 33, 1000, 'restock', '2026-01-22 16:37:02', '2026-01-22 16:37:02'),
(2336, 32, 1000, 'restock', '2026-01-22 16:37:44', '2026-01-22 16:37:44'),
(2337, 31, 1000, 'restock', '2026-01-22 16:39:32', '2026-01-22 16:39:32'),
(2338, 30, 1000, 'restock', '2026-01-22 16:40:07', '2026-01-22 16:40:07'),
(2339, 29, 1000, 'restock', '2026-01-22 16:40:39', '2026-01-22 16:40:39'),
(2340, 23, 1000, 'restock', '2026-01-22 16:41:08', '2026-01-22 16:41:08'),
(2341, 21, 1000, 'restock', '2026-01-22 16:41:35', '2026-01-22 16:41:35'),
(2342, 16, 1000, 'restock', '2026-01-22 16:42:32', '2026-01-22 16:42:32'),
(2343, 15, 1000, 'restock', '2026-01-22 16:44:35', '2026-01-22 16:44:35'),
(2344, 14, 1000, 'restock', '2026-01-22 16:44:53', '2026-01-22 16:44:53'),
(2345, 13, 1000, 'restock', '2026-01-22 16:45:07', '2026-01-22 16:45:07'),
(2346, 7, 1000, 'restock', '2026-01-22 16:45:44', '2026-01-22 16:45:44'),
(2347, 6, 1000, 'restock', '2026-01-22 16:46:10', '2026-01-22 16:46:10'),
(2348, 5, 1000, 'restock', '2026-01-22 16:46:30', '2026-01-22 16:46:30'),
(2349, 4, 1000, 'restock', '2026-01-22 16:46:42', '2026-01-22 16:46:42'),
(2350, 1, -5, 'restock', '2026-01-22 16:47:05', '2026-01-22 16:47:05'),
(2351, 11, -5, 'restock', '2026-01-22 16:47:05', '2026-01-22 16:47:05'),
(2352, 2, -5, 'restock', '2026-01-22 16:47:05', '2026-01-22 16:47:05'),
(2353, 3, -5, 'restock', '2026-01-22 16:47:05', '2026-01-22 16:47:05'),
(2354, 4, -5, 'restock', '2026-01-22 16:47:05', '2026-01-22 16:47:05'),
(2355, 5, -5, 'restock', '2026-01-22 16:47:05', '2026-01-22 16:47:05'),
(2356, 12, -5, 'restock', '2026-01-22 16:47:05', '2026-01-22 16:47:05'),
(2357, 9, -5, 'restock', '2026-01-22 16:47:05', '2026-01-22 16:47:05'),
(2358, 10, -5, 'restock', '2026-01-22 16:47:05', '2026-01-22 16:47:05'),
(2359, 1, -6, 'restock', '2026-01-22 16:47:56', '2026-01-22 16:47:56'),
(2360, 2, -6, 'restock', '2026-01-22 16:47:56', '2026-01-22 16:47:56'),
(2361, 3, -6, 'restock', '2026-01-22 16:47:56', '2026-01-22 16:47:56'),
(2362, 4, -6, 'restock', '2026-01-22 16:47:56', '2026-01-22 16:47:56'),
(2363, 5, -6, 'restock', '2026-01-22 16:47:56', '2026-01-22 16:47:56'),
(2364, 6, -6, 'restock', '2026-01-22 16:47:56', '2026-01-22 16:47:56'),
(2365, 7, -6, 'restock', '2026-01-22 16:47:56', '2026-01-22 16:47:56'),
(2366, 8, -6, 'restock', '2026-01-22 16:47:56', '2026-01-22 16:47:56'),
(2367, 9, -6, 'restock', '2026-01-22 16:47:56', '2026-01-22 16:47:56'),
(2368, 10, -6, 'restock', '2026-01-22 16:47:56', '2026-01-22 16:47:56'),
(2369, 1, -5, 'restock', '2026-01-22 16:56:26', '2026-01-22 16:56:26'),
(2370, 21, -5, 'restock', '2026-01-22 16:56:26', '2026-01-22 16:56:26'),
(2371, 2, -5, 'restock', '2026-01-22 16:56:26', '2026-01-22 16:56:26'),
(2372, 3, -5, 'restock', '2026-01-22 16:56:26', '2026-01-22 16:56:26'),
(2373, 4, -5, 'restock', '2026-01-22 16:56:26', '2026-01-22 16:56:26'),
(2374, 5, -5, 'restock', '2026-01-22 16:56:26', '2026-01-22 16:56:26'),
(2375, 22, -5, 'restock', '2026-01-22 16:56:26', '2026-01-22 16:56:26'),
(2376, 1, -10, 'restock', '2026-01-22 16:56:48', '2026-01-22 16:56:48'),
(2377, 2, -10, 'restock', '2026-01-22 16:56:48', '2026-01-22 16:56:48'),
(2378, 3, -10, 'restock', '2026-01-22 16:56:48', '2026-01-22 16:56:48'),
(2379, 4, -10, 'restock', '2026-01-22 16:56:48', '2026-01-22 16:56:48'),
(2380, 5, -10, 'restock', '2026-01-22 16:56:48', '2026-01-22 16:56:48'),
(2381, 1, -6, 'restock', '2026-01-22 16:57:06', '2026-01-22 16:57:06'),
(2382, 2, -6, 'restock', '2026-01-22 16:57:06', '2026-01-22 16:57:06'),
(2383, 3, -6, 'restock', '2026-01-22 16:57:06', '2026-01-22 16:57:06'),
(2384, 4, -6, 'restock', '2026-01-22 16:57:07', '2026-01-22 16:57:07'),
(2385, 5, -6, 'restock', '2026-01-22 16:57:07', '2026-01-22 16:57:07'),
(2386, 14, -6, 'restock', '2026-01-22 16:57:07', '2026-01-22 16:57:07'),
(2387, 15, -6, 'restock', '2026-01-22 16:57:07', '2026-01-22 16:57:07'),
(2388, 11, -6, 'restock', '2026-01-22 16:57:07', '2026-01-22 16:57:07'),
(2389, 44, -5, 'restock', '2026-03-06 15:55:21', '2026-03-06 15:55:21'),
(2390, 9, -5, 'restock', '2026-03-06 15:55:21', '2026-03-06 15:55:21'),
(2391, 29, -5, 'restock', '2026-03-06 15:55:21', '2026-03-06 15:55:21'),
(2392, 3, -5, 'restock', '2026-03-06 15:55:21', '2026-03-06 15:55:21'),
(2393, 5, -5, 'restock', '2026-03-06 15:55:21', '2026-03-06 15:55:21'),
(2394, 2, -5, 'restock', '2026-03-06 15:55:21', '2026-03-06 15:55:21'),
(2395, 8, -5, 'restock', '2026-03-06 15:55:21', '2026-03-06 15:55:21'),
(2396, 1, -5, 'restock', '2026-03-06 15:55:21', '2026-03-06 15:55:21'),
(2397, 44, -6, 'restock', '2026-03-06 15:55:28', '2026-03-06 15:55:28'),
(2398, 9, -6, 'restock', '2026-03-06 15:55:28', '2026-03-06 15:55:28'),
(2399, 29, -6, 'restock', '2026-03-06 15:55:28', '2026-03-06 15:55:28'),
(2400, 3, -6, 'restock', '2026-03-06 15:55:28', '2026-03-06 15:55:28'),
(2401, 5, -6, 'restock', '2026-03-06 15:55:28', '2026-03-06 15:55:28'),
(2402, 2, -6, 'restock', '2026-03-06 15:55:28', '2026-03-06 15:55:28'),
(2403, 8, -6, 'restock', '2026-03-06 15:55:28', '2026-03-06 15:55:28'),
(2404, 1, -6, 'restock', '2026-03-06 15:55:28', '2026-03-06 15:55:28'),
(2405, 13, -6, 'restock', '2026-03-06 15:55:45', '2026-03-06 15:55:45'),
(2406, 12, -6, 'restock', '2026-03-06 15:55:45', '2026-03-06 15:55:45'),
(2407, 3, -6, 'restock', '2026-03-06 15:55:45', '2026-03-06 15:55:45'),
(2408, 5, -6, 'restock', '2026-03-06 15:55:45', '2026-03-06 15:55:45'),
(2409, 2, -6, 'restock', '2026-03-06 15:55:45', '2026-03-06 15:55:45'),
(2410, 29, -6, 'restock', '2026-03-06 15:55:52', '2026-03-06 15:55:52'),
(2411, 3, -6, 'restock', '2026-03-06 15:55:52', '2026-03-06 15:55:52'),
(2412, 5, -6, 'restock', '2026-03-06 15:55:52', '2026-03-06 15:55:52'),
(2413, 7, -6, 'restock', '2026-03-06 15:55:52', '2026-03-06 15:55:52'),
(2414, 2, -6, 'restock', '2026-03-06 15:55:52', '2026-03-06 15:55:52'),
(2415, 8, -6, 'restock', '2026-03-06 15:55:52', '2026-03-06 15:55:52'),
(2416, 29, -5, 'restock', '2026-03-06 15:56:02', '2026-03-06 15:56:02'),
(2417, 13, -5, 'restock', '2026-03-06 15:56:02', '2026-03-06 15:56:02'),
(2418, 5, -5, 'restock', '2026-03-06 15:56:02', '2026-03-06 15:56:02'),
(2419, 2, -5, 'restock', '2026-03-06 15:56:02', '2026-03-06 15:56:02'),
(2420, 8, -5, 'restock', '2026-03-06 15:56:02', '2026-03-06 15:56:02'),
(2421, 44, -9, 'restock', '2026-03-06 15:56:20', '2026-03-06 15:56:20'),
(2422, 3, -9, 'restock', '2026-03-06 15:56:20', '2026-03-06 15:56:20'),
(2423, 10, -9, 'restock', '2026-03-06 15:56:20', '2026-03-06 15:56:20'),
(2424, 2, -9, 'restock', '2026-03-06 15:56:20', '2026-03-06 15:56:20'),
(2425, 13, -5, 'restock', '2026-03-06 15:56:31', '2026-03-06 15:56:31'),
(2426, 12, -5, 'restock', '2026-03-06 15:56:31', '2026-03-06 15:56:31'),
(2427, 3, -5, 'restock', '2026-03-06 15:56:31', '2026-03-06 15:56:31'),
(2428, 5, -5, 'restock', '2026-03-06 15:56:31', '2026-03-06 15:56:31'),
(2429, 2, -5, 'restock', '2026-03-06 15:56:31', '2026-03-06 15:56:31'),
(2430, 1, -6, 'restock', '2026-03-06 15:56:41', '2026-03-06 15:56:41'),
(2431, 17, -6, 'restock', '2026-03-06 15:56:41', '2026-03-06 15:56:41'),
(2432, 2, -6, 'restock', '2026-03-06 15:56:41', '2026-03-06 15:56:41'),
(2433, 3, -6, 'restock', '2026-03-06 15:56:41', '2026-03-06 15:56:41'),
(2434, 4, -6, 'restock', '2026-03-06 15:56:41', '2026-03-06 15:56:41'),
(2435, 5, -6, 'restock', '2026-03-06 15:56:41', '2026-03-06 15:56:41'),
(2436, 18, -6, 'restock', '2026-03-06 15:56:41', '2026-03-06 15:56:41'),
(2437, 8, -6, 'restock', '2026-03-06 15:56:41', '2026-03-06 15:56:41'),
(2438, 1, -5, 'restock', '2026-03-06 15:56:53', '2026-03-06 15:56:53'),
(2439, 17, -5, 'restock', '2026-03-06 15:56:53', '2026-03-06 15:56:53'),
(2440, 2, -5, 'restock', '2026-03-06 15:56:53', '2026-03-06 15:56:53'),
(2441, 3, -5, 'restock', '2026-03-06 15:56:53', '2026-03-06 15:56:53'),
(2442, 4, -5, 'restock', '2026-03-06 15:56:53', '2026-03-06 15:56:53'),
(2443, 5, -5, 'restock', '2026-03-06 15:56:53', '2026-03-06 15:56:53'),
(2444, 18, -5, 'restock', '2026-03-06 15:56:53', '2026-03-06 15:56:53'),
(2445, 8, -5, 'restock', '2026-03-06 15:56:53', '2026-03-06 15:56:53'),
(2446, 1, -10, 'restock', '2026-03-06 15:57:07', '2026-03-06 15:57:07'),
(2447, 2, -10, 'restock', '2026-03-06 15:57:07', '2026-03-06 15:57:07'),
(2448, 4, -10, 'restock', '2026-03-06 15:57:07', '2026-03-06 15:57:07'),
(2449, 5, -10, 'restock', '2026-03-06 15:57:07', '2026-03-06 15:57:07'),
(2450, 3, -10, 'restock', '2026-03-06 15:57:07', '2026-03-06 15:57:07'),
(2451, 26, -10, 'restock', '2026-03-06 15:57:07', '2026-03-06 15:57:07'),
(2452, 9, -10, 'restock', '2026-03-06 15:57:07', '2026-03-06 15:57:07'),
(2453, 10, -10, 'restock', '2026-03-06 15:57:07', '2026-03-06 15:57:07'),
(2454, 1, -5, 'restock', '2026-03-06 15:57:17', '2026-03-06 15:57:17'),
(2455, 21, -5, 'restock', '2026-03-06 15:57:17', '2026-03-06 15:57:17'),
(2456, 2, -5, 'restock', '2026-03-06 15:57:17', '2026-03-06 15:57:17'),
(2457, 3, -5, 'restock', '2026-03-06 15:57:17', '2026-03-06 15:57:17'),
(2458, 4, -5, 'restock', '2026-03-06 15:57:17', '2026-03-06 15:57:17'),
(2459, 5, -5, 'restock', '2026-03-06 15:57:17', '2026-03-06 15:57:17'),
(2460, 22, -5, 'restock', '2026-03-06 15:57:17', '2026-03-06 15:57:17'),
(2461, 1, -5, 'restock', '2026-03-06 15:57:28', '2026-03-06 15:57:28'),
(2462, 2, -5, 'restock', '2026-03-06 15:57:28', '2026-03-06 15:57:28'),
(2463, 3, -5, 'restock', '2026-03-06 15:57:28', '2026-03-06 15:57:28'),
(2464, 4, -5, 'restock', '2026-03-06 15:57:28', '2026-03-06 15:57:28'),
(2465, 5, -5, 'restock', '2026-03-06 15:57:28', '2026-03-06 15:57:28'),
(2466, 11, -5, 'restock', '2026-03-06 15:57:28', '2026-03-06 15:57:28'),
(2467, 16, -5, 'restock', '2026-03-06 15:57:28', '2026-03-06 15:57:28'),
(2468, 6, -5, 'restock', '2026-03-06 15:57:28', '2026-03-06 15:57:28'),
(2469, 1, -5, '', '2026-03-06 15:58:13', '2026-03-06 15:58:13'),
(2470, 2, -5, '', '2026-03-06 15:58:13', '2026-03-06 15:58:13'),
(2471, 3, -5, '', '2026-03-06 15:58:13', '2026-03-06 15:58:13'),
(2472, 4, -5, '', '2026-03-06 15:58:13', '2026-03-06 15:58:13'),
(2473, 5, -5, '', '2026-03-06 15:58:13', '2026-03-06 15:58:13'),
(2474, 13, -5, '', '2026-03-06 15:58:13', '2026-03-06 15:58:13'),
(2475, 24, -5, '', '2026-03-06 15:58:13', '2026-03-06 15:58:13'),
(2476, 1, -5, 'restock', '2026-03-06 15:58:23', '2026-03-06 15:58:23'),
(2477, 2, -5, 'restock', '2026-03-06 15:58:23', '2026-03-06 15:58:23'),
(2478, 3, -5, 'restock', '2026-03-06 15:58:23', '2026-03-06 15:58:23'),
(2479, 4, -5, 'restock', '2026-03-06 15:58:23', '2026-03-06 15:58:23'),
(2480, 5, -5, 'restock', '2026-03-06 15:58:23', '2026-03-06 15:58:23'),
(2481, 13, -5, 'restock', '2026-03-06 15:58:23', '2026-03-06 15:58:23'),
(2482, 23, -5, 'restock', '2026-03-06 15:58:23', '2026-03-06 15:58:23'),
(2483, 1, -5, 'restock', '2026-03-06 15:58:31', '2026-03-06 15:58:31'),
(2484, 2, -5, 'restock', '2026-03-06 15:58:31', '2026-03-06 15:58:31'),
(2485, 3, -5, 'restock', '2026-03-06 15:58:31', '2026-03-06 15:58:31'),
(2486, 4, -5, 'restock', '2026-03-06 15:58:31', '2026-03-06 15:58:31'),
(2487, 5, -5, 'restock', '2026-03-06 15:58:31', '2026-03-06 15:58:31'),
(2488, 25, -5, 'restock', '2026-03-06 15:58:31', '2026-03-06 15:58:31'),
(2489, 6, -5, 'restock', '2026-03-06 15:58:31', '2026-03-06 15:58:31'),
(2490, 1, -5, 'restock', '2026-03-06 15:59:00', '2026-03-06 15:59:00'),
(2491, 2, -5, 'restock', '2026-03-06 15:59:00', '2026-03-06 15:59:00'),
(2492, 3, -5, 'restock', '2026-03-06 15:59:00', '2026-03-06 15:59:00'),
(2493, 4, -5, 'restock', '2026-03-06 15:59:00', '2026-03-06 15:59:00'),
(2494, 5, -5, 'restock', '2026-03-06 15:59:00', '2026-03-06 15:59:00'),
(2495, 14, -5, 'restock', '2026-03-06 15:59:00', '2026-03-06 15:59:00'),
(2496, 15, -5, 'restock', '2026-03-06 15:59:00', '2026-03-06 15:59:00'),
(2497, 1, -5, 'restock', '2026-03-06 15:59:09', '2026-03-06 15:59:09'),
(2498, 2, -5, 'restock', '2026-03-06 15:59:09', '2026-03-06 15:59:09'),
(2499, 3, -5, 'restock', '2026-03-06 15:59:09', '2026-03-06 15:59:09'),
(2500, 4, -5, 'restock', '2026-03-06 15:59:09', '2026-03-06 15:59:09'),
(2501, 5, -5, 'restock', '2026-03-06 15:59:09', '2026-03-06 15:59:09'),
(2502, 11, -5, 'restock', '2026-03-06 15:59:09', '2026-03-06 15:59:09'),
(2503, 20, -5, 'restock', '2026-03-06 15:59:09', '2026-03-06 15:59:09'),
(2504, 13, -5, 'restock', '2026-03-06 15:59:09', '2026-03-06 15:59:09'),
(2505, 1, -5, 'restock', '2026-03-06 15:59:22', '2026-03-06 15:59:22'),
(2506, 2, -5, 'restock', '2026-03-06 15:59:22', '2026-03-06 15:59:22'),
(2507, 3, -5, 'restock', '2026-03-06 15:59:22', '2026-03-06 15:59:22'),
(2508, 4, -5, 'restock', '2026-03-06 15:59:22', '2026-03-06 15:59:22'),
(2509, 5, -5, 'restock', '2026-03-06 15:59:22', '2026-03-06 15:59:22'),
(2510, 13, -5, 'restock', '2026-03-06 15:59:22', '2026-03-06 15:59:22'),
(2511, 8, -5, 'restock', '2026-03-06 15:59:22', '2026-03-06 15:59:22'),
(2512, 1, -10, 'restock', '2026-03-06 15:59:32', '2026-03-06 15:59:32'),
(2513, 2, -10, 'restock', '2026-03-06 15:59:32', '2026-03-06 15:59:32'),
(2514, 3, -10, 'restock', '2026-03-06 15:59:32', '2026-03-06 15:59:32'),
(2515, 4, -10, 'restock', '2026-03-06 15:59:32', '2026-03-06 15:59:32'),
(2516, 5, -10, 'restock', '2026-03-06 15:59:32', '2026-03-06 15:59:32'),
(2517, 6, -10, 'restock', '2026-03-06 15:59:32', '2026-03-06 15:59:32'),
(2518, 27, -10, 'restock', '2026-03-06 15:59:32', '2026-03-06 15:59:32'),
(2519, 9, -10, 'restock', '2026-03-06 15:59:32', '2026-03-06 15:59:32'),
(2520, 1, -10, 'restock', '2026-03-06 15:59:40', '2026-03-06 15:59:40'),
(2521, 2, -10, 'restock', '2026-03-06 15:59:40', '2026-03-06 15:59:40'),
(2522, 3, -10, 'restock', '2026-03-06 15:59:40', '2026-03-06 15:59:40'),
(2523, 4, -10, 'restock', '2026-03-06 15:59:40', '2026-03-06 15:59:40'),
(2524, 5, -10, 'restock', '2026-03-06 15:59:40', '2026-03-06 15:59:40'),
(2525, 6, -10, 'restock', '2026-03-06 15:59:40', '2026-03-06 15:59:40'),
(2526, 28, -10, 'restock', '2026-03-06 15:59:40', '2026-03-06 15:59:40'),
(2527, 9, -10, 'restock', '2026-03-06 15:59:40', '2026-03-06 15:59:40'),
(2528, 1, -10, 'restock', '2026-03-06 15:59:49', '2026-03-06 15:59:49'),
(2529, 2, -10, 'restock', '2026-03-06 15:59:49', '2026-03-06 15:59:49'),
(2530, 3, -10, 'restock', '2026-03-06 15:59:49', '2026-03-06 15:59:49'),
(2531, 4, -10, 'restock', '2026-03-06 15:59:49', '2026-03-06 15:59:49'),
(2532, 5, -10, 'restock', '2026-03-06 15:59:49', '2026-03-06 15:59:49'),
(2533, 6, -10, 'restock', '2026-03-06 15:59:49', '2026-03-06 15:59:49'),
(2534, 15, -10, 'restock', '2026-03-06 15:59:49', '2026-03-06 15:59:49'),
(2535, 9, -10, 'restock', '2026-03-06 15:59:49', '2026-03-06 15:59:49'),
(2536, 1, -10, 'restock', '2026-03-06 15:59:58', '2026-03-06 15:59:58'),
(2537, 2, -10, 'restock', '2026-03-06 15:59:58', '2026-03-06 15:59:58'),
(2538, 3, -10, 'restock', '2026-03-06 15:59:58', '2026-03-06 15:59:58'),
(2539, 4, -10, 'restock', '2026-03-06 15:59:58', '2026-03-06 15:59:58'),
(2540, 5, -10, 'restock', '2026-03-06 15:59:58', '2026-03-06 15:59:58'),
(2541, 6, -10, 'restock', '2026-03-06 15:59:58', '2026-03-06 15:59:58'),
(2542, 11, -10, 'restock', '2026-03-06 15:59:58', '2026-03-06 15:59:58'),
(2543, 9, -10, 'restock', '2026-03-06 15:59:58', '2026-03-06 15:59:58'),
(2544, 1, -20, 'restock', '2026-03-06 16:00:09', '2026-03-06 16:00:09'),
(2545, 2, -20, 'restock', '2026-03-06 16:00:09', '2026-03-06 16:00:09'),
(2546, 3, -20, 'restock', '2026-03-06 16:00:09', '2026-03-06 16:00:09'),
(2547, 4, -20, 'restock', '2026-03-06 16:00:09', '2026-03-06 16:00:09'),
(2548, 5, -20, 'restock', '2026-03-06 16:00:09', '2026-03-06 16:00:09'),
(2549, 11, -20, 'restock', '2026-03-06 16:00:09', '2026-03-06 16:00:09'),
(2550, 8, -20, 'restock', '2026-03-06 16:00:09', '2026-03-06 16:00:09'),
(2551, 9, -20, 'restock', '2026-03-06 16:00:09', '2026-03-06 16:00:09'),
(2552, 1, -6, 'restock', '2026-03-06 16:00:18', '2026-03-06 16:00:18'),
(2553, 21, -6, 'restock', '2026-03-06 16:00:18', '2026-03-06 16:00:18'),
(2554, 2, -6, 'restock', '2026-03-06 16:00:18', '2026-03-06 16:00:18'),
(2555, 3, -6, 'restock', '2026-03-06 16:00:18', '2026-03-06 16:00:18'),
(2556, 4, -6, 'restock', '2026-03-06 16:00:18', '2026-03-06 16:00:18'),
(2557, 5, -6, 'restock', '2026-03-06 16:00:18', '2026-03-06 16:00:18'),
(2558, 22, -6, 'restock', '2026-03-06 16:00:18', '2026-03-06 16:00:18'),
(2559, 9, -6, 'restock', '2026-03-06 16:00:18', '2026-03-06 16:00:18'),
(2560, 1, -6, 'restock', '2026-03-06 16:00:28', '2026-03-06 16:00:28'),
(2561, 2, -6, 'restock', '2026-03-06 16:00:28', '2026-03-06 16:00:28'),
(2562, 3, -6, 'restock', '2026-03-06 16:00:28', '2026-03-06 16:00:28'),
(2563, 4, -6, 'restock', '2026-03-06 16:00:28', '2026-03-06 16:00:28'),
(2564, 5, -6, 'restock', '2026-03-06 16:00:28', '2026-03-06 16:00:28'),
(2565, 11, -6, 'restock', '2026-03-06 16:00:28', '2026-03-06 16:00:28'),
(2566, 16, -6, 'restock', '2026-03-06 16:00:28', '2026-03-06 16:00:28'),
(2567, 6, -6, 'restock', '2026-03-06 16:00:28', '2026-03-06 16:00:28'),
(2568, 1, -6, 'restock', '2026-03-06 16:00:45', '2026-03-06 16:00:45'),
(2569, 2, -6, 'restock', '2026-03-06 16:00:45', '2026-03-06 16:00:45'),
(2570, 3, -6, 'restock', '2026-03-06 16:00:45', '2026-03-06 16:00:45'),
(2571, 4, -6, 'restock', '2026-03-06 16:00:45', '2026-03-06 16:00:45'),
(2572, 5, -6, 'restock', '2026-03-06 16:00:45', '2026-03-06 16:00:45'),
(2573, 13, -6, 'restock', '2026-03-06 16:00:45', '2026-03-06 16:00:45'),
(2574, 24, -6, 'restock', '2026-03-06 16:00:45', '2026-03-06 16:00:45'),
(2575, 1, -6, 'restock', '2026-03-06 16:00:56', '2026-03-06 16:00:56'),
(2576, 2, -6, 'restock', '2026-03-06 16:00:56', '2026-03-06 16:00:56'),
(2577, 3, -6, 'restock', '2026-03-06 16:00:56', '2026-03-06 16:00:56'),
(2578, 4, -6, 'restock', '2026-03-06 16:00:56', '2026-03-06 16:00:56'),
(2579, 5, -6, 'restock', '2026-03-06 16:00:56', '2026-03-06 16:00:56'),
(2580, 13, -6, 'restock', '2026-03-06 16:00:56', '2026-03-06 16:00:56'),
(2581, 23, -6, 'restock', '2026-03-06 16:00:56', '2026-03-06 16:00:56'),
(2582, 1, -10, 'restock', '2026-03-06 16:01:08', '2026-03-06 16:01:08'),
(2583, 2, -10, 'restock', '2026-03-06 16:01:08', '2026-03-06 16:01:08'),
(2584, 3, -10, 'restock', '2026-03-06 16:01:08', '2026-03-06 16:01:08'),
(2585, 4, -10, 'restock', '2026-03-06 16:01:08', '2026-03-06 16:01:08'),
(2586, 5, -10, 'restock', '2026-03-06 16:01:08', '2026-03-06 16:01:08'),
(2587, 29, -10, 'restock', '2026-03-06 16:01:08', '2026-03-06 16:01:08'),
(2588, 9, -10, 'restock', '2026-03-06 16:01:08', '2026-03-06 16:01:08'),
(2589, 41, -10, 'restock', '2026-03-06 16:01:08', '2026-03-06 16:01:08'),
(2590, 1, -5, 'restock', '2026-03-06 16:01:18', '2026-03-06 16:01:18'),
(2591, 2, -5, 'restock', '2026-03-06 16:01:18', '2026-03-06 16:01:18'),
(2592, 3, -5, 'restock', '2026-03-06 16:01:18', '2026-03-06 16:01:18'),
(2593, 4, -5, 'restock', '2026-03-06 16:01:18', '2026-03-06 16:01:18'),
(2594, 5, -5, 'restock', '2026-03-06 16:01:18', '2026-03-06 16:01:18'),
(2595, 30, -5, 'restock', '2026-03-06 16:01:18', '2026-03-06 16:01:18'),
(2596, 8, -5, 'restock', '2026-03-06 16:01:18', '2026-03-06 16:01:18'),
(2597, 9, -5, 'restock', '2026-03-06 16:01:18', '2026-03-06 16:01:18'),
(2598, 1, -10, 'restock', '2026-03-06 16:01:31', '2026-03-06 16:01:31'),
(2599, 2, -10, 'restock', '2026-03-06 16:01:31', '2026-03-06 16:01:31'),
(2600, 3, -10, 'restock', '2026-03-06 16:01:31', '2026-03-06 16:01:31'),
(2601, 4, -10, 'restock', '2026-03-06 16:01:31', '2026-03-06 16:01:31'),
(2602, 5, -10, 'restock', '2026-03-06 16:01:31', '2026-03-06 16:01:31'),
(2603, 9, -10, 'restock', '2026-03-06 16:01:31', '2026-03-06 16:01:31'),
(2604, 10, -10, 'restock', '2026-03-06 16:01:31', '2026-03-06 16:01:31'),
(2605, 1, -5, 'restock', '2026-03-06 16:01:43', '2026-03-06 16:01:43'),
(2606, 2, -5, 'restock', '2026-03-06 16:01:43', '2026-03-06 16:01:43'),
(2607, 3, -5, 'restock', '2026-03-06 16:01:43', '2026-03-06 16:01:43'),
(2608, 4, -5, 'restock', '2026-03-06 16:01:43', '2026-03-06 16:01:43'),
(2609, 5, -5, 'restock', '2026-03-06 16:01:43', '2026-03-06 16:01:43'),
(2610, 6, -5, 'restock', '2026-03-06 16:01:43', '2026-03-06 16:01:43'),
(2611, 31, -5, 'restock', '2026-03-06 16:01:53', '2026-03-06 16:01:53'),
(2612, 32, -5, 'restock', '2026-03-06 16:01:53', '2026-03-06 16:01:53'),
(2613, 33, -5, 'restock', '2026-03-06 16:01:53', '2026-03-06 16:01:53'),
(2614, 34, -5, 'restock', '2026-03-06 16:01:53', '2026-03-06 16:01:53'),
(2615, 31, -5, 'restock', '2026-03-06 16:02:08', '2026-03-06 16:02:08'),
(2616, 35, -5, 'restock', '2026-03-06 16:02:08', '2026-03-06 16:02:08'),
(2617, 33, -5, 'restock', '2026-03-06 16:02:08', '2026-03-06 16:02:08'),
(2618, 36, -5, 'restock', '2026-03-06 16:02:08', '2026-03-06 16:02:08'),
(2619, 1, -10, 'restock', '2026-03-06 16:02:22', '2026-03-06 16:02:22'),
(2620, 2, -10, 'restock', '2026-03-06 16:02:22', '2026-03-06 16:02:22'),
(2621, 3, -10, 'restock', '2026-03-06 16:02:22', '2026-03-06 16:02:22'),
(2622, 4, -10, 'restock', '2026-03-06 16:02:22', '2026-03-06 16:02:22'),
(2623, 5, -10, 'restock', '2026-03-06 16:02:22', '2026-03-06 16:02:22'),
(2624, 1, -6, 'restock', '2026-03-06 16:02:33', '2026-03-06 16:02:33'),
(2625, 2, -6, 'restock', '2026-03-06 16:02:33', '2026-03-06 16:02:33'),
(2626, 3, -6, 'restock', '2026-03-06 16:02:33', '2026-03-06 16:02:33'),
(2627, 4, -6, 'restock', '2026-03-06 16:02:33', '2026-03-06 16:02:33'),
(2628, 5, -6, 'restock', '2026-03-06 16:02:33', '2026-03-06 16:02:33'),
(2629, 25, -6, 'restock', '2026-03-06 16:02:33', '2026-03-06 16:02:33'),
(2630, 6, -6, 'restock', '2026-03-06 16:02:33', '2026-03-06 16:02:33'),
(2631, 1, -6, 'restock', '2026-03-06 16:02:44', '2026-03-06 16:02:44'),
(2632, 2, -6, 'restock', '2026-03-06 16:02:44', '2026-03-06 16:02:44'),
(2633, 3, -6, 'restock', '2026-03-06 16:02:44', '2026-03-06 16:02:44'),
(2634, 4, -6, 'restock', '2026-03-06 16:02:44', '2026-03-06 16:02:44'),
(2635, 5, -6, 'restock', '2026-03-06 16:02:44', '2026-03-06 16:02:44'),
(2636, 14, -6, 'restock', '2026-03-06 16:02:44', '2026-03-06 16:02:44'),
(2637, 15, -6, 'restock', '2026-03-06 16:02:44', '2026-03-06 16:02:44'),
(2638, 11, -6, 'restock', '2026-03-06 16:02:44', '2026-03-06 16:02:44'),
(2639, 1, -6, 'restock', '2026-03-06 16:03:36', '2026-03-06 16:03:36'),
(2640, 2, -6, 'restock', '2026-03-06 16:03:36', '2026-03-06 16:03:36'),
(2641, 3, -6, 'restock', '2026-03-06 16:03:36', '2026-03-06 16:03:36'),
(2642, 4, -6, 'restock', '2026-03-06 16:03:36', '2026-03-06 16:03:36'),
(2643, 5, -6, 'restock', '2026-03-06 16:03:36', '2026-03-06 16:03:36'),
(2644, 11, -6, 'restock', '2026-03-06 16:03:36', '2026-03-06 16:03:36'),
(2645, 20, -6, 'restock', '2026-03-06 16:03:36', '2026-03-06 16:03:36'),
(2646, 13, -6, 'restock', '2026-03-06 16:03:36', '2026-03-06 16:03:36'),
(2647, 9, -6, 'restock', '2026-03-06 16:03:36', '2026-03-06 16:03:36'),
(2648, 10, -6, 'restock', '2026-03-06 16:03:36', '2026-03-06 16:03:36'),
(2649, 1, -6, 'restock', '2026-03-06 16:03:50', '2026-03-06 16:03:50'),
(2650, 2, -6, 'restock', '2026-03-06 16:03:50', '2026-03-06 16:03:50'),
(2651, 3, -6, 'restock', '2026-03-06 16:03:50', '2026-03-06 16:03:50'),
(2652, 4, -6, 'restock', '2026-03-06 16:03:50', '2026-03-06 16:03:50'),
(2653, 5, -6, 'restock', '2026-03-06 16:03:50', '2026-03-06 16:03:50'),
(2654, 13, -6, 'restock', '2026-03-06 16:03:50', '2026-03-06 16:03:50'),
(2655, 8, -6, 'restock', '2026-03-06 16:03:50', '2026-03-06 16:03:50'),
(2656, 37, -5, 'restock', '2026-03-06 16:04:26', '2026-03-06 16:04:26'),
(2657, 38, -5, 'restock', '2026-03-06 16:04:26', '2026-03-06 16:04:26'),
(2658, 39, -5, 'restock', '2026-03-06 16:04:26', '2026-03-06 16:04:26'),
(2659, 40, -5, 'restock', '2026-03-06 16:04:26', '2026-03-06 16:04:26'),
(2660, 41, -5, 'restock', '2026-03-06 16:04:26', '2026-03-06 16:04:26'),
(2661, 1, -5, 'restock', '2026-03-06 16:04:34', '2026-03-06 16:04:34'),
(2662, 2, -5, 'restock', '2026-03-06 16:04:34', '2026-03-06 16:04:34'),
(2663, 3, -5, 'restock', '2026-03-06 16:04:34', '2026-03-06 16:04:34'),
(2664, 4, -5, 'restock', '2026-03-06 16:04:34', '2026-03-06 16:04:34'),
(2665, 5, -5, 'restock', '2026-03-06 16:04:34', '2026-03-06 16:04:34'),
(2666, 42, -5, 'restock', '2026-03-06 16:04:34', '2026-03-06 16:04:34'),
(2667, 43, -5, 'restock', '2026-03-06 16:04:34', '2026-03-06 16:04:34'),
(2668, 1, -10, 'restock', '2026-03-06 16:05:38', '2026-03-06 16:05:38'),
(2669, 2, -10, 'restock', '2026-03-06 16:05:38', '2026-03-06 16:05:38'),
(2670, 3, -10, 'restock', '2026-03-06 16:05:38', '2026-03-06 16:05:38'),
(2671, 4, -10, 'restock', '2026-03-06 16:05:38', '2026-03-06 16:05:38'),
(2672, 5, -10, 'restock', '2026-03-06 16:05:38', '2026-03-06 16:05:38'),
(2673, 44, -10, 'restock', '2026-03-06 16:05:38', '2026-03-06 16:05:38'),
(2674, 43, -10, 'restock', '2026-03-06 16:05:38', '2026-03-06 16:05:38'),
(2675, 1, -10, 'restock', '2026-03-06 16:05:50', '2026-03-06 16:05:50'),
(2676, 2, -10, 'restock', '2026-03-06 16:05:50', '2026-03-06 16:05:50'),
(2677, 3, -10, 'restock', '2026-03-06 16:05:50', '2026-03-06 16:05:50'),
(2678, 4, -10, 'restock', '2026-03-06 16:05:50', '2026-03-06 16:05:50'),
(2679, 5, -10, 'restock', '2026-03-06 16:05:50', '2026-03-06 16:05:50'),
(2680, 44, -10, 'restock', '2026-03-06 16:05:50', '2026-03-06 16:05:50'),
(2681, 45, -10, 'restock', '2026-03-06 16:05:50', '2026-03-06 16:05:50'),
(2682, 1, -10, 'restock', '2026-03-06 16:06:00', '2026-03-06 16:06:00'),
(2683, 2, -10, 'restock', '2026-03-06 16:06:00', '2026-03-06 16:06:00'),
(2684, 3, -10, 'restock', '2026-03-06 16:06:00', '2026-03-06 16:06:00'),
(2685, 4, -10, 'restock', '2026-03-06 16:06:00', '2026-03-06 16:06:00'),
(2686, 5, -10, 'restock', '2026-03-06 16:06:00', '2026-03-06 16:06:00'),
(2687, 46, -10, 'restock', '2026-03-06 16:06:00', '2026-03-06 16:06:00'),
(2688, 45, -10, 'restock', '2026-03-06 16:06:00', '2026-03-06 16:06:00'),
(2689, 1, -10, 'restock', '2026-03-06 16:06:11', '2026-03-06 16:06:11'),
(2690, 2, -10, 'restock', '2026-03-06 16:06:11', '2026-03-06 16:06:11'),
(2691, 3, -10, 'restock', '2026-03-06 16:06:11', '2026-03-06 16:06:11'),
(2692, 4, -10, 'restock', '2026-03-06 16:06:11', '2026-03-06 16:06:11'),
(2693, 5, -10, 'restock', '2026-03-06 16:06:11', '2026-03-06 16:06:11'),
(2694, 47, -10, 'restock', '2026-03-06 16:06:11', '2026-03-06 16:06:11'),
(2695, 1, -10, 'restock', '2026-03-06 16:06:24', '2026-03-06 16:06:24'),
(2696, 48, -10, 'restock', '2026-03-06 16:06:24', '2026-03-06 16:06:24'),
(2697, 9, -10, 'restock', '2026-03-06 16:06:24', '2026-03-06 16:06:24'),
(2698, 1, -5, 'restock', '2026-03-06 16:06:38', '2026-03-06 16:06:38'),
(2699, 11, -5, 'restock', '2026-03-06 16:06:38', '2026-03-06 16:06:38'),
(2700, 2, -5, 'restock', '2026-03-06 16:06:38', '2026-03-06 16:06:38'),
(2701, 3, -5, 'restock', '2026-03-06 16:06:38', '2026-03-06 16:06:38'),
(2702, 4, -5, 'restock', '2026-03-06 16:06:38', '2026-03-06 16:06:38'),
(2703, 5, -5, 'restock', '2026-03-06 16:06:38', '2026-03-06 16:06:38'),
(2704, 12, -5, 'restock', '2026-03-06 16:06:38', '2026-03-06 16:06:38'),
(2705, 9, -5, 'restock', '2026-03-06 16:06:38', '2026-03-06 16:06:38'),
(2706, 10, -5, 'restock', '2026-03-06 16:06:38', '2026-03-06 16:06:38'),
(2707, 1, -5, 'restock', '2026-03-06 16:06:48', '2026-03-06 16:06:48'),
(2708, 2, -5, 'restock', '2026-03-06 16:06:48', '2026-03-06 16:06:48'),
(2709, 3, -5, 'restock', '2026-03-06 16:06:48', '2026-03-06 16:06:48'),
(2710, 4, -5, 'restock', '2026-03-06 16:06:48', '2026-03-06 16:06:48'),
(2711, 5, -5, 'restock', '2026-03-06 16:06:48', '2026-03-06 16:06:48'),
(2712, 6, -5, 'restock', '2026-03-06 16:06:48', '2026-03-06 16:06:48'),
(2713, 7, -5, 'restock', '2026-03-06 16:06:48', '2026-03-06 16:06:48'),
(2714, 8, -5, 'restock', '2026-03-06 16:06:48', '2026-03-06 16:06:48'),
(2715, 9, -5, 'restock', '2026-03-06 16:06:48', '2026-03-06 16:06:48'),
(2716, 10, -5, 'restock', '2026-03-06 16:06:48', '2026-03-06 16:06:48'),
(2717, 1, -20, 'restock', '2026-03-06 16:07:00', '2026-03-06 16:07:00'),
(2718, 2, -20, 'restock', '2026-03-06 16:07:00', '2026-03-06 16:07:00'),
(2719, 3, -20, 'restock', '2026-03-06 16:07:00', '2026-03-06 16:07:00'),
(2720, 4, -20, 'restock', '2026-03-06 16:07:00', '2026-03-06 16:07:00'),
(2721, 8, -20, 'restock', '2026-03-06 16:07:00', '2026-03-06 16:07:00'),
(2722, 9, -20, 'restock', '2026-03-06 16:07:00', '2026-03-06 16:07:00'),
(2723, 10, -20, 'restock', '2026-03-06 16:07:00', '2026-03-06 16:07:00'),
(2724, 1, -20, 'restock', '2026-03-06 16:07:10', '2026-03-06 16:07:10'),
(2725, 2, -20, 'restock', '2026-03-06 16:07:10', '2026-03-06 16:07:10'),
(2726, 3, -20, 'restock', '2026-03-06 16:07:10', '2026-03-06 16:07:10'),
(2727, 4, -20, 'restock', '2026-03-06 16:07:10', '2026-03-06 16:07:10'),
(2728, 5, -20, 'restock', '2026-03-06 16:07:10', '2026-03-06 16:07:10'),
(2729, 13, -20, 'restock', '2026-03-06 16:07:10', '2026-03-06 16:07:10'),
(2730, 1, -10, 'restock', '2026-03-06 16:07:53', '2026-03-06 16:07:53'),
(2731, 2, -10, 'restock', '2026-03-06 16:07:53', '2026-03-06 16:07:53'),
(2732, 3, -10, 'restock', '2026-03-06 16:07:53', '2026-03-06 16:07:53'),
(2733, 4, -10, 'restock', '2026-03-06 16:07:53', '2026-03-06 16:07:53'),
(2734, 5, -10, 'restock', '2026-03-06 16:07:53', '2026-03-06 16:07:53'),
(2735, 9, -10, 'restock', '2026-03-06 16:07:53', '2026-03-06 16:07:53'),
(2736, 1, -10, 'update inventory', '2026-03-06 16:08:08', '2026-03-06 16:08:08'),
(2737, 4, -10, 'update inventory', '2026-03-06 16:08:08', '2026-03-06 16:08:08'),
(2738, 2, -10, 'update inventory', '2026-03-06 16:08:08', '2026-03-06 16:08:08'),
(2739, 9, -10, 'update inventory', '2026-03-06 16:08:08', '2026-03-06 16:08:08'),
(2740, 1, -10, 'update inventory', '2026-03-06 16:08:24', '2026-03-06 16:08:24'),
(2741, 2, -10, 'update inventory', '2026-03-06 16:08:24', '2026-03-06 16:08:24'),
(2742, 3, -10, 'update inventory', '2026-03-06 16:08:24', '2026-03-06 16:08:24'),
(2743, 4, -10, 'update inventory', '2026-03-06 16:08:24', '2026-03-06 16:08:24'),
(2744, 5, -10, 'update inventory', '2026-03-06 16:08:24', '2026-03-06 16:08:24'),
(2745, 20, -10, 'update inventory', '2026-03-06 16:08:24', '2026-03-06 16:08:24'),
(2746, 13, -10, 'update inventory', '2026-03-06 16:08:24', '2026-03-06 16:08:24'),
(2747, 1, -10, 'restock', '2026-03-06 16:08:37', '2026-03-06 16:08:37'),
(2748, 19, -10, 'restock', '2026-03-06 16:08:37', '2026-03-06 16:08:37'),
(2749, 2, -10, 'restock', '2026-03-06 16:08:37', '2026-03-06 16:08:37'),
(2750, 3, -10, 'restock', '2026-03-06 16:08:37', '2026-03-06 16:08:37'),
(2751, 4, -10, 'restock', '2026-03-06 16:08:37', '2026-03-06 16:08:37'),
(2752, 5, -10, 'restock', '2026-03-06 16:08:37', '2026-03-06 16:08:37'),
(2753, 6, -10, 'restock', '2026-03-06 16:08:37', '2026-03-06 16:08:37'),
(2754, 1, -6, 'restock', '2026-03-06 16:08:47', '2026-03-06 16:08:47'),
(2755, 11, -6, 'restock', '2026-03-06 16:08:47', '2026-03-06 16:08:47'),
(2756, 2, -6, 'restock', '2026-03-06 16:08:47', '2026-03-06 16:08:47'),
(2757, 3, -6, 'restock', '2026-03-06 16:08:47', '2026-03-06 16:08:47'),
(2758, 4, -6, 'restock', '2026-03-06 16:08:47', '2026-03-06 16:08:47'),
(2759, 5, -6, 'restock', '2026-03-06 16:08:47', '2026-03-06 16:08:47'),
(2760, 12, -6, 'restock', '2026-03-06 16:08:47', '2026-03-06 16:08:47'),
(2761, 9, -6, 'restock', '2026-03-06 16:08:47', '2026-03-06 16:08:47'),
(2762, 10, -6, 'restock', '2026-03-06 16:08:47', '2026-03-06 16:08:47'),
(2763, 1, -10, 'restock', '2026-03-06 16:09:23', '2026-03-06 16:09:23'),
(2764, 4, -10, 'restock', '2026-03-06 16:09:23', '2026-03-06 16:09:23'),
(2765, 2, -10, 'restock', '2026-03-06 16:09:23', '2026-03-06 16:09:23'),
(2766, 3, -10, 'restock', '2026-03-06 16:09:23', '2026-03-06 16:09:23'),
(2767, 5, -10, 'restock', '2026-03-06 16:09:23', '2026-03-06 16:09:23'),
(2768, 9, -10, 'restock', '2026-03-06 16:09:23', '2026-03-06 16:09:23'),
(2769, 10, -10, 'restock', '2026-03-06 16:09:23', '2026-03-06 16:09:23'),
(2770, 1, -5, 'restock', '2026-03-06 16:09:30', '2026-03-06 16:09:30'),
(2771, 10, -5, 'restock', '2026-03-06 16:09:30', '2026-03-06 16:09:30'),
(2772, 1, -6, 'restock', '2026-03-06 16:09:37', '2026-03-06 16:09:37'),
(2773, 2, -6, 'restock', '2026-03-06 16:09:37', '2026-03-06 16:09:37'),
(2774, 3, -6, 'restock', '2026-03-06 16:09:37', '2026-03-06 16:09:37'),
(2775, 4, -6, 'restock', '2026-03-06 16:09:37', '2026-03-06 16:09:37'),
(2776, 5, -6, 'restock', '2026-03-06 16:09:37', '2026-03-06 16:09:37'),
(2777, 6, -6, 'restock', '2026-03-06 16:09:37', '2026-03-06 16:09:37'),
(2778, 7, -6, 'restock', '2026-03-06 16:09:37', '2026-03-06 16:09:37'),
(2779, 8, -6, 'restock', '2026-03-06 16:09:37', '2026-03-06 16:09:37'),
(2780, 9, -6, 'restock', '2026-03-06 16:09:37', '2026-03-06 16:09:37'),
(2781, 10, -6, 'restock', '2026-03-06 16:09:37', '2026-03-06 16:09:37'),
(2782, 26, -900, 'Used for new product (ID: 85)', '2026-03-06 22:02:03', '2026-03-06 22:02:03'),
(2783, 26, 930, 'restock', '2026-03-27 21:03:11', '2026-03-27 21:03:11'),
(2784, 26, -900, 'restock', '2026-03-27 21:03:22', '2026-03-27 21:03:22'),
(2785, 1, -10, 'restock', '2026-03-27 21:04:39', '2026-03-27 21:04:39'),
(2786, 2, -10, 'restock', '2026-03-27 21:04:39', '2026-03-27 21:04:39'),
(2787, 3, -10, 'restock', '2026-03-27 21:04:39', '2026-03-27 21:04:39'),
(2788, 4, -10, 'restock', '2026-03-27 21:04:39', '2026-03-27 21:04:39'),
(2789, 5, -10, 'restock', '2026-03-27 21:04:39', '2026-03-27 21:04:39'),
(2790, 6, -10, 'restock', '2026-03-27 21:04:39', '2026-03-27 21:04:39'),
(2791, 28, -10, 'restock', '2026-03-27 21:04:39', '2026-03-27 21:04:39'),
(2792, 9, -10, 'restock', '2026-03-27 21:04:39', '2026-03-27 21:04:39'),
(2793, 26, 900, 'restock', '2026-03-30 23:12:38', '2026-03-30 23:12:38'),
(2794, 26, -900, 'restock', '2026-03-30 23:12:47', '2026-03-30 23:12:47'),
(2795, 44, -5, 'restock', '2026-03-30 23:12:55', '2026-03-30 23:12:55'),
(2796, 9, -5, 'restock', '2026-03-30 23:12:55', '2026-03-30 23:12:55'),
(2797, 29, -5, 'restock', '2026-03-30 23:12:55', '2026-03-30 23:12:55'),
(2798, 3, -5, 'restock', '2026-03-30 23:12:55', '2026-03-30 23:12:55'),
(2799, 5, -5, 'restock', '2026-03-30 23:12:55', '2026-03-30 23:12:55'),
(2800, 2, -5, 'restock', '2026-03-30 23:12:55', '2026-03-30 23:12:55'),
(2801, 8, -5, 'restock', '2026-03-30 23:12:55', '2026-03-30 23:12:55'),
(2802, 1, -5, 'restock', '2026-03-30 23:12:55', '2026-03-30 23:12:55'),
(2803, 44, -6, 'restock', '2026-03-30 23:13:02', '2026-03-30 23:13:02'),
(2804, 9, -6, 'restock', '2026-03-30 23:13:02', '2026-03-30 23:13:02'),
(2805, 29, -6, 'restock', '2026-03-30 23:13:02', '2026-03-30 23:13:02'),
(2806, 3, -6, 'restock', '2026-03-30 23:13:02', '2026-03-30 23:13:02'),
(2807, 5, -6, 'restock', '2026-03-30 23:13:02', '2026-03-30 23:13:02'),
(2808, 2, -6, 'restock', '2026-03-30 23:13:02', '2026-03-30 23:13:02'),
(2809, 8, -6, 'restock', '2026-03-30 23:13:02', '2026-03-30 23:13:02'),
(2810, 1, -6, 'restock', '2026-03-30 23:13:02', '2026-03-30 23:13:02'),
(2811, 13, -6, 'restock', '2026-03-30 23:13:11', '2026-03-30 23:13:11'),
(2812, 12, -6, 'restock', '2026-03-30 23:13:11', '2026-03-30 23:13:11'),
(2813, 3, -6, 'restock', '2026-03-30 23:13:11', '2026-03-30 23:13:11'),
(2814, 5, -6, 'restock', '2026-03-30 23:13:11', '2026-03-30 23:13:11'),
(2815, 2, -6, 'restock', '2026-03-30 23:13:11', '2026-03-30 23:13:11'),
(2816, 44, -9, 'restock', '2026-03-30 23:13:20', '2026-03-30 23:13:20'),
(2817, 3, -9, 'restock', '2026-03-30 23:13:20', '2026-03-30 23:13:20'),
(2818, 10, -9, 'restock', '2026-03-30 23:13:20', '2026-03-30 23:13:20'),
(2819, 2, -9, 'restock', '2026-03-30 23:13:20', '2026-03-30 23:13:20'),
(2820, 13, -5, 'restock', '2026-03-30 23:13:41', '2026-03-30 23:13:41'),
(2821, 12, -5, 'restock', '2026-03-30 23:13:41', '2026-03-30 23:13:41'),
(2822, 3, -5, 'restock', '2026-03-30 23:13:41', '2026-03-30 23:13:41'),
(2823, 5, -5, 'restock', '2026-03-30 23:13:41', '2026-03-30 23:13:41'),
(2824, 2, -5, 'restock', '2026-03-30 23:13:41', '2026-03-30 23:13:41'),
(2825, 1, -10, 'restock', '2026-03-30 23:13:58', '2026-03-30 23:13:58'),
(2826, 2, -10, 'restock', '2026-03-30 23:13:58', '2026-03-30 23:13:58'),
(2827, 4, -10, 'restock', '2026-03-30 23:13:58', '2026-03-30 23:13:58'),
(2828, 5, -10, 'restock', '2026-03-30 23:13:58', '2026-03-30 23:13:58'),
(2829, 3, -10, 'restock', '2026-03-30 23:13:58', '2026-03-30 23:13:58'),
(2830, 26, -10, 'restock', '2026-03-30 23:13:58', '2026-03-30 23:13:58'),
(2831, 9, -10, 'restock', '2026-03-30 23:13:58', '2026-03-30 23:13:58'),
(2832, 10, -10, 'restock', '2026-03-30 23:13:58', '2026-03-30 23:13:58'),
(2833, 1, -10, 'restock', '2026-03-30 23:14:14', '2026-03-30 23:14:14'),
(2834, 2, -10, 'restock', '2026-03-30 23:14:14', '2026-03-30 23:14:14'),
(2835, 3, -10, 'restock', '2026-03-30 23:14:14', '2026-03-30 23:14:14'),
(2836, 4, -10, 'restock', '2026-03-30 23:14:14', '2026-03-30 23:14:14'),
(2837, 5, -10, 'restock', '2026-03-30 23:14:14', '2026-03-30 23:14:14'),
(2838, 9, -10, 'restock', '2026-03-30 23:14:14', '2026-03-30 23:14:14'),
(2839, 10, -10, 'restock', '2026-03-30 23:14:14', '2026-03-30 23:14:14'),
(2840, 1, -10, 'restock', '2026-03-30 23:14:23', '2026-03-30 23:14:23'),
(2841, 2, -10, 'restock', '2026-03-30 23:14:23', '2026-03-30 23:14:23'),
(2842, 3, -10, 'restock', '2026-03-30 23:14:23', '2026-03-30 23:14:23'),
(2843, 4, -10, 'restock', '2026-03-30 23:14:23', '2026-03-30 23:14:23'),
(2844, 5, -10, 'restock', '2026-03-30 23:14:23', '2026-03-30 23:14:23'),
(2845, 1, -20, 'restock', '2026-03-30 23:14:38', '2026-03-30 23:14:38'),
(2846, 2, -20, 'restock', '2026-03-30 23:14:38', '2026-03-30 23:14:38'),
(2847, 3, -20, 'restock', '2026-03-30 23:14:38', '2026-03-30 23:14:38'),
(2848, 4, -20, 'restock', '2026-03-30 23:14:38', '2026-03-30 23:14:38'),
(2849, 5, -20, 'restock', '2026-03-30 23:14:38', '2026-03-30 23:14:38'),
(2850, 13, -20, 'restock', '2026-03-30 23:14:38', '2026-03-30 23:14:38'),
(2851, 1, -10, 'restock', '2026-03-30 23:14:51', '2026-03-30 23:14:51'),
(2852, 2, -10, 'restock', '2026-03-30 23:14:51', '2026-03-30 23:14:51'),
(2853, 3, -10, 'restock', '2026-03-30 23:14:51', '2026-03-30 23:14:51'),
(2854, 4, -10, 'restock', '2026-03-30 23:14:51', '2026-03-30 23:14:51'),
(2855, 5, -10, 'restock', '2026-03-30 23:14:51', '2026-03-30 23:14:51'),
(2856, 20, -10, 'restock', '2026-03-30 23:14:51', '2026-03-30 23:14:51'),
(2857, 13, -10, 'restock', '2026-03-30 23:14:51', '2026-03-30 23:14:51'),
(2858, 1, -6, 'restock', '2026-03-30 23:14:59', '2026-03-30 23:14:59'),
(2859, 11, -6, 'restock', '2026-03-30 23:14:59', '2026-03-30 23:14:59'),
(2860, 2, -6, 'restock', '2026-03-30 23:14:59', '2026-03-30 23:14:59'),
(2861, 3, -6, 'restock', '2026-03-30 23:14:59', '2026-03-30 23:14:59'),
(2862, 4, -6, 'restock', '2026-03-30 23:14:59', '2026-03-30 23:14:59'),
(2863, 5, -6, 'restock', '2026-03-30 23:14:59', '2026-03-30 23:14:59'),
(2864, 12, -6, 'restock', '2026-03-30 23:14:59', '2026-03-30 23:14:59'),
(2865, 9, -6, 'restock', '2026-03-30 23:14:59', '2026-03-30 23:14:59'),
(2866, 10, -6, 'restock', '2026-03-30 23:14:59', '2026-03-30 23:14:59'),
(2867, 1, -5, 'restock', '2026-03-30 23:15:09', '2026-03-30 23:15:09'),
(2868, 10, -5, 'restock', '2026-03-30 23:15:09', '2026-03-30 23:15:09'),
(2869, 1, -6, 'restock', '2026-03-30 23:47:38', '2026-03-30 23:47:38'),
(2870, 2, -6, 'restock', '2026-03-30 23:47:38', '2026-03-30 23:47:38'),
(2871, 3, -6, 'restock', '2026-03-30 23:47:38', '2026-03-30 23:47:38'),
(2872, 4, -6, 'restock', '2026-03-30 23:47:38', '2026-03-30 23:47:38'),
(2873, 5, -6, 'restock', '2026-03-30 23:47:38', '2026-03-30 23:47:38'),
(2874, 6, -6, 'restock', '2026-03-30 23:47:38', '2026-03-30 23:47:38'),
(2875, 7, -6, 'restock', '2026-03-30 23:47:38', '2026-03-30 23:47:38'),
(2876, 8, -6, 'restock', '2026-03-30 23:47:38', '2026-03-30 23:47:38'),
(2877, 9, -6, 'restock', '2026-03-30 23:47:38', '2026-03-30 23:47:38'),
(2878, 10, -6, 'restock', '2026-03-30 23:47:38', '2026-03-30 23:47:38'),
(2879, 29, -6, 'restock', '2026-04-01 10:18:31', '2026-04-01 10:18:31'),
(2880, 3, -6, 'restock', '2026-04-01 10:18:31', '2026-04-01 10:18:31'),
(2881, 5, -6, 'restock', '2026-04-01 10:18:31', '2026-04-01 10:18:31'),
(2882, 7, -6, 'restock', '2026-04-01 10:18:31', '2026-04-01 10:18:31'),
(2883, 2, -6, 'restock', '2026-04-01 10:18:31', '2026-04-01 10:18:31'),
(2884, 8, -6, 'restock', '2026-04-01 10:18:31', '2026-04-01 10:18:31'),
(2885, 29, -5, 'restock', '2026-04-01 10:18:38', '2026-04-01 10:18:38'),
(2886, 13, -5, 'restock', '2026-04-01 10:18:38', '2026-04-01 10:18:38'),
(2887, 5, -5, 'restock', '2026-04-01 10:18:38', '2026-04-01 10:18:38'),
(2888, 2, -5, 'restock', '2026-04-01 10:18:38', '2026-04-01 10:18:38'),
(2889, 8, -5, 'restock', '2026-04-01 10:18:38', '2026-04-01 10:18:38'),
(2890, 1, -6, 'restock', '2026-04-01 10:18:52', '2026-04-01 10:18:52'),
(2891, 17, -6, 'restock', '2026-04-01 10:18:52', '2026-04-01 10:18:52'),
(2892, 2, -6, 'restock', '2026-04-01 10:18:52', '2026-04-01 10:18:52'),
(2893, 3, -6, 'restock', '2026-04-01 10:18:52', '2026-04-01 10:18:52'),
(2894, 4, -6, 'restock', '2026-04-01 10:18:52', '2026-04-01 10:18:52'),
(2895, 5, -6, 'restock', '2026-04-01 10:18:52', '2026-04-01 10:18:52'),
(2896, 18, -6, 'restock', '2026-04-01 10:18:52', '2026-04-01 10:18:52'),
(2897, 8, -6, 'restock', '2026-04-01 10:18:52', '2026-04-01 10:18:52'),
(2898, 1, -5, 'restock', '2026-04-01 10:19:03', '2026-04-01 10:19:03'),
(2899, 17, -5, 'restock', '2026-04-01 10:19:03', '2026-04-01 10:19:03'),
(2900, 2, -5, 'restock', '2026-04-01 10:19:03', '2026-04-01 10:19:03'),
(2901, 3, -5, 'restock', '2026-04-01 10:19:03', '2026-04-01 10:19:03'),
(2902, 4, -5, 'restock', '2026-04-01 10:19:03', '2026-04-01 10:19:03'),
(2903, 5, -5, 'restock', '2026-04-01 10:19:03', '2026-04-01 10:19:03'),
(2904, 18, -5, 'restock', '2026-04-01 10:19:03', '2026-04-01 10:19:03'),
(2905, 8, -5, 'restock', '2026-04-01 10:19:03', '2026-04-01 10:19:03'),
(2906, 1, -5, 'restock', '2026-04-01 10:19:14', '2026-04-01 10:19:14'),
(2907, 21, -5, 'restock', '2026-04-01 10:19:14', '2026-04-01 10:19:14'),
(2908, 2, -5, 'restock', '2026-04-01 10:19:14', '2026-04-01 10:19:14'),
(2909, 3, -5, 'restock', '2026-04-01 10:19:14', '2026-04-01 10:19:14'),
(2910, 4, -5, 'restock', '2026-04-01 10:19:14', '2026-04-01 10:19:14'),
(2911, 5, -5, 'restock', '2026-04-01 10:19:14', '2026-04-01 10:19:14'),
(2912, 22, -5, 'restock', '2026-04-01 10:19:14', '2026-04-01 10:19:14'),
(2913, 1, -5, 'restock', '2026-04-01 10:19:25', '2026-04-01 10:19:25'),
(2914, 2, -5, 'restock', '2026-04-01 10:19:25', '2026-04-01 10:19:25'),
(2915, 3, -5, 'restock', '2026-04-01 10:19:25', '2026-04-01 10:19:25');
INSERT INTO `raw_item_stock_history` (`history_id`, `raw_id`, `stock_change`, `reason`, `date_updated`, `created_at`) VALUES
(2916, 4, -5, 'restock', '2026-04-01 10:19:25', '2026-04-01 10:19:25'),
(2917, 5, -5, 'restock', '2026-04-01 10:19:25', '2026-04-01 10:19:25'),
(2918, 11, -5, 'restock', '2026-04-01 10:19:25', '2026-04-01 10:19:25'),
(2919, 16, -5, 'restock', '2026-04-01 10:19:25', '2026-04-01 10:19:25'),
(2920, 6, -5, 'restock', '2026-04-01 10:19:25', '2026-04-01 10:19:25'),
(2921, 1, -5, 'restock', '2026-04-01 10:19:40', '2026-04-01 10:19:40'),
(2922, 2, -5, 'restock', '2026-04-01 10:19:40', '2026-04-01 10:19:40'),
(2923, 3, -5, 'restock', '2026-04-01 10:19:40', '2026-04-01 10:19:40'),
(2924, 4, -5, 'restock', '2026-04-01 10:19:40', '2026-04-01 10:19:40'),
(2925, 5, -5, 'restock', '2026-04-01 10:19:40', '2026-04-01 10:19:40'),
(2926, 13, -5, 'restock', '2026-04-01 10:19:40', '2026-04-01 10:19:40'),
(2927, 24, -5, 'restock', '2026-04-01 10:19:40', '2026-04-01 10:19:40'),
(2928, 1, -5, 'restock', '2026-04-01 10:19:49', '2026-04-01 10:19:49'),
(2929, 2, -5, 'restock', '2026-04-01 10:19:49', '2026-04-01 10:19:49'),
(2930, 3, -5, 'restock', '2026-04-01 10:19:49', '2026-04-01 10:19:49'),
(2931, 4, -5, 'restock', '2026-04-01 10:19:49', '2026-04-01 10:19:49'),
(2932, 5, -5, 'restock', '2026-04-01 10:19:49', '2026-04-01 10:19:49'),
(2933, 13, -5, 'restock', '2026-04-01 10:19:49', '2026-04-01 10:19:49'),
(2934, 23, -5, 'restock', '2026-04-01 10:19:49', '2026-04-01 10:19:49'),
(2935, 1, -5, 'restock', '2026-04-01 10:20:01', '2026-04-01 10:20:01'),
(2936, 2, -5, 'restock', '2026-04-01 10:20:01', '2026-04-01 10:20:01'),
(2937, 3, -5, 'restock', '2026-04-01 10:20:01', '2026-04-01 10:20:01'),
(2938, 4, -5, 'restock', '2026-04-01 10:20:01', '2026-04-01 10:20:01'),
(2939, 5, -5, 'restock', '2026-04-01 10:20:01', '2026-04-01 10:20:01'),
(2940, 25, -5, 'restock', '2026-04-01 10:20:01', '2026-04-01 10:20:01'),
(2941, 6, -5, 'restock', '2026-04-01 10:20:01', '2026-04-01 10:20:01'),
(2942, 1, -5, 'restock', '2026-04-01 10:20:16', '2026-04-01 10:20:16'),
(2943, 2, -5, 'restock', '2026-04-01 10:20:16', '2026-04-01 10:20:16'),
(2944, 3, -5, 'restock', '2026-04-01 10:20:16', '2026-04-01 10:20:16'),
(2945, 4, -5, 'restock', '2026-04-01 10:20:16', '2026-04-01 10:20:16'),
(2946, 5, -5, 'restock', '2026-04-01 10:20:16', '2026-04-01 10:20:16'),
(2947, 14, -5, 'restock', '2026-04-01 10:20:16', '2026-04-01 10:20:16'),
(2948, 15, -5, 'restock', '2026-04-01 10:20:16', '2026-04-01 10:20:16'),
(2949, 1, -5, 'restock', '2026-04-01 10:20:27', '2026-04-01 10:20:27'),
(2950, 2, -5, 'restock', '2026-04-01 10:20:27', '2026-04-01 10:20:27'),
(2951, 3, -5, 'restock', '2026-04-01 10:20:27', '2026-04-01 10:20:27'),
(2952, 4, -5, 'restock', '2026-04-01 10:20:27', '2026-04-01 10:20:27'),
(2953, 5, -5, 'restock', '2026-04-01 10:20:27', '2026-04-01 10:20:27'),
(2954, 11, -5, 'restock', '2026-04-01 10:20:27', '2026-04-01 10:20:27'),
(2955, 20, -5, 'restock', '2026-04-01 10:20:27', '2026-04-01 10:20:27'),
(2956, 13, -5, 'restock', '2026-04-01 10:20:27', '2026-04-01 10:20:27'),
(2957, 1, -5, 'restock', '2026-04-01 10:20:37', '2026-04-01 10:20:37'),
(2958, 2, -5, 'restock', '2026-04-01 10:20:37', '2026-04-01 10:20:37'),
(2959, 3, -5, 'restock', '2026-04-01 10:20:37', '2026-04-01 10:20:37'),
(2960, 4, -5, 'restock', '2026-04-01 10:20:37', '2026-04-01 10:20:37'),
(2961, 5, -5, 'restock', '2026-04-01 10:20:37', '2026-04-01 10:20:37'),
(2962, 13, -5, 'restock', '2026-04-01 10:20:37', '2026-04-01 10:20:37'),
(2963, 8, -5, 'restock', '2026-04-01 10:20:37', '2026-04-01 10:20:37'),
(2964, 1, -10, 'restock', '2026-04-01 10:20:49', '2026-04-01 10:20:49'),
(2965, 2, -10, 'restock', '2026-04-01 10:20:49', '2026-04-01 10:20:49'),
(2966, 3, -10, 'restock', '2026-04-01 10:20:49', '2026-04-01 10:20:49'),
(2967, 4, -10, 'restock', '2026-04-01 10:20:49', '2026-04-01 10:20:49'),
(2968, 5, -10, 'restock', '2026-04-01 10:20:49', '2026-04-01 10:20:49'),
(2969, 6, -10, 'restock', '2026-04-01 10:20:49', '2026-04-01 10:20:49'),
(2970, 27, -10, 'restock', '2026-04-01 10:20:49', '2026-04-01 10:20:49'),
(2971, 9, -10, 'restock', '2026-04-01 10:20:49', '2026-04-01 10:20:49'),
(2972, 1, -10, 'restock', '2026-04-01 10:21:00', '2026-04-01 10:21:00'),
(2973, 2, -10, 'restock', '2026-04-01 10:21:00', '2026-04-01 10:21:00'),
(2974, 3, -10, 'restock', '2026-04-01 10:21:00', '2026-04-01 10:21:00'),
(2975, 4, -10, 'restock', '2026-04-01 10:21:00', '2026-04-01 10:21:00'),
(2976, 5, -10, 'restock', '2026-04-01 10:21:00', '2026-04-01 10:21:00'),
(2977, 6, -10, 'restock', '2026-04-01 10:21:00', '2026-04-01 10:21:00'),
(2978, 15, -10, 'restock', '2026-04-01 10:21:00', '2026-04-01 10:21:00'),
(2979, 9, -10, 'restock', '2026-04-01 10:21:00', '2026-04-01 10:21:00'),
(2980, 1, -10, 'restock', '2026-04-01 10:21:09', '2026-04-01 10:21:09'),
(2981, 2, -10, 'restock', '2026-04-01 10:21:09', '2026-04-01 10:21:09'),
(2982, 3, -10, 'restock', '2026-04-01 10:21:09', '2026-04-01 10:21:09'),
(2983, 4, -10, 'restock', '2026-04-01 10:21:09', '2026-04-01 10:21:09'),
(2984, 5, -10, 'restock', '2026-04-01 10:21:09', '2026-04-01 10:21:09'),
(2985, 6, -10, 'restock', '2026-04-01 10:21:09', '2026-04-01 10:21:09'),
(2986, 11, -10, 'restock', '2026-04-01 10:21:09', '2026-04-01 10:21:09'),
(2987, 9, -10, 'restock', '2026-04-01 10:21:09', '2026-04-01 10:21:09'),
(2988, 1, -20, 'restock', '2026-04-01 10:21:20', '2026-04-01 10:21:20'),
(2989, 2, -20, 'restock', '2026-04-01 10:21:20', '2026-04-01 10:21:20'),
(2990, 3, -20, 'restock', '2026-04-01 10:21:20', '2026-04-01 10:21:20'),
(2991, 4, -20, 'restock', '2026-04-01 10:21:20', '2026-04-01 10:21:20'),
(2992, 5, -20, 'restock', '2026-04-01 10:21:20', '2026-04-01 10:21:20'),
(2993, 11, -20, 'restock', '2026-04-01 10:21:20', '2026-04-01 10:21:20'),
(2994, 8, -20, 'restock', '2026-04-01 10:21:20', '2026-04-01 10:21:20'),
(2995, 9, -20, 'restock', '2026-04-01 10:21:20', '2026-04-01 10:21:20'),
(2996, 1, -6, 'restock', '2026-04-01 10:21:30', '2026-04-01 10:21:30'),
(2997, 21, -6, 'restock', '2026-04-01 10:21:30', '2026-04-01 10:21:30'),
(2998, 2, -6, 'restock', '2026-04-01 10:21:30', '2026-04-01 10:21:30'),
(2999, 3, -6, 'restock', '2026-04-01 10:21:30', '2026-04-01 10:21:30'),
(3000, 4, -6, 'restock', '2026-04-01 10:21:30', '2026-04-01 10:21:30'),
(3001, 5, -6, 'restock', '2026-04-01 10:21:30', '2026-04-01 10:21:30'),
(3002, 22, -6, 'restock', '2026-04-01 10:21:30', '2026-04-01 10:21:30'),
(3003, 9, -6, 'restock', '2026-04-01 10:21:30', '2026-04-01 10:21:30'),
(3004, 1, -6, 'restock', '2026-04-01 10:21:40', '2026-04-01 10:21:40'),
(3005, 2, -6, 'restock', '2026-04-01 10:21:40', '2026-04-01 10:21:40'),
(3006, 3, -6, 'restock', '2026-04-01 10:21:40', '2026-04-01 10:21:40'),
(3007, 4, -6, 'restock', '2026-04-01 10:21:40', '2026-04-01 10:21:40'),
(3008, 5, -6, 'restock', '2026-04-01 10:21:40', '2026-04-01 10:21:40'),
(3009, 11, -6, 'restock', '2026-04-01 10:21:40', '2026-04-01 10:21:40'),
(3010, 16, -6, 'restock', '2026-04-01 10:21:40', '2026-04-01 10:21:40'),
(3011, 6, -6, 'restock', '2026-04-01 10:21:40', '2026-04-01 10:21:40'),
(3012, 1, -6, 'restock', '2026-04-01 10:21:49', '2026-04-01 10:21:49'),
(3013, 2, -6, 'restock', '2026-04-01 10:21:49', '2026-04-01 10:21:49'),
(3014, 3, -6, 'restock', '2026-04-01 10:21:49', '2026-04-01 10:21:49'),
(3015, 4, -6, 'restock', '2026-04-01 10:21:49', '2026-04-01 10:21:49'),
(3016, 5, -6, 'restock', '2026-04-01 10:21:49', '2026-04-01 10:21:49'),
(3017, 13, -6, 'restock', '2026-04-01 10:21:49', '2026-04-01 10:21:49'),
(3018, 24, -6, 'restock', '2026-04-01 10:21:49', '2026-04-01 10:21:49'),
(3019, 1, -6, 'restock', '2026-04-01 10:22:05', '2026-04-01 10:22:05'),
(3020, 2, -6, 'restock', '2026-04-01 10:22:05', '2026-04-01 10:22:05'),
(3021, 3, -6, 'restock', '2026-04-01 10:22:05', '2026-04-01 10:22:05'),
(3022, 4, -6, 'restock', '2026-04-01 10:22:05', '2026-04-01 10:22:05'),
(3023, 5, -6, 'restock', '2026-04-01 10:22:05', '2026-04-01 10:22:05'),
(3024, 13, -6, 'restock', '2026-04-01 10:22:05', '2026-04-01 10:22:05'),
(3025, 23, -6, 'restock', '2026-04-01 10:22:05', '2026-04-01 10:22:05'),
(3026, 1, -10, 'restock', '2026-04-01 10:22:19', '2026-04-01 10:22:19'),
(3027, 2, -10, 'restock', '2026-04-01 10:22:19', '2026-04-01 10:22:19'),
(3028, 3, -10, 'restock', '2026-04-01 10:22:19', '2026-04-01 10:22:19'),
(3029, 4, -10, 'restock', '2026-04-01 10:22:19', '2026-04-01 10:22:19'),
(3030, 5, -10, 'restock', '2026-04-01 10:22:19', '2026-04-01 10:22:19'),
(3031, 29, -10, 'restock', '2026-04-01 10:22:19', '2026-04-01 10:22:19'),
(3032, 9, -10, 'restock', '2026-04-01 10:22:19', '2026-04-01 10:22:19'),
(3033, 41, -10, 'restock', '2026-04-01 10:22:19', '2026-04-01 10:22:19'),
(3034, 1, -5, 'restock', '2026-04-01 10:22:30', '2026-04-01 10:22:30'),
(3035, 2, -5, 'restock', '2026-04-01 10:22:30', '2026-04-01 10:22:30'),
(3036, 3, -5, 'restock', '2026-04-01 10:22:30', '2026-04-01 10:22:30'),
(3037, 4, -5, 'restock', '2026-04-01 10:22:30', '2026-04-01 10:22:30'),
(3038, 5, -5, 'restock', '2026-04-01 10:22:30', '2026-04-01 10:22:30'),
(3039, 30, -5, 'restock', '2026-04-01 10:22:30', '2026-04-01 10:22:30'),
(3040, 8, -5, 'restock', '2026-04-01 10:22:30', '2026-04-01 10:22:30'),
(3041, 9, -5, 'restock', '2026-04-01 10:22:30', '2026-04-01 10:22:30'),
(3042, 1, -5, 'restock', '2026-04-01 10:22:44', '2026-04-01 10:22:44'),
(3043, 2, -5, 'restock', '2026-04-01 10:22:44', '2026-04-01 10:22:44'),
(3044, 3, -5, 'restock', '2026-04-01 10:22:44', '2026-04-01 10:22:44'),
(3045, 4, -5, 'restock', '2026-04-01 10:22:44', '2026-04-01 10:22:44'),
(3046, 5, -5, 'restock', '2026-04-01 10:22:44', '2026-04-01 10:22:44'),
(3047, 6, -5, 'restock', '2026-04-01 10:22:44', '2026-04-01 10:22:44'),
(3048, 31, -5, 'restock', '2026-04-01 10:23:03', '2026-04-01 10:23:03'),
(3049, 32, -5, 'restock', '2026-04-01 10:23:03', '2026-04-01 10:23:03'),
(3050, 33, -5, 'restock', '2026-04-01 10:23:03', '2026-04-01 10:23:03'),
(3051, 34, -5, 'restock', '2026-04-01 10:23:03', '2026-04-01 10:23:03'),
(3052, 31, -5, 'restock', '2026-04-01 10:23:18', '2026-04-01 10:23:18'),
(3053, 35, -5, 'restock', '2026-04-01 10:23:18', '2026-04-01 10:23:18'),
(3054, 33, -5, 'restock', '2026-04-01 10:23:18', '2026-04-01 10:23:18'),
(3055, 36, -5, 'restock', '2026-04-01 10:23:18', '2026-04-01 10:23:18'),
(3056, 1, -6, 'restock', '2026-04-01 10:23:37', '2026-04-01 10:23:37'),
(3057, 2, -6, 'restock', '2026-04-01 10:23:37', '2026-04-01 10:23:37'),
(3058, 3, -6, 'restock', '2026-04-01 10:23:37', '2026-04-01 10:23:37'),
(3059, 4, -6, 'restock', '2026-04-01 10:23:37', '2026-04-01 10:23:37'),
(3060, 5, -6, 'restock', '2026-04-01 10:23:37', '2026-04-01 10:23:37'),
(3061, 25, -6, 'restock', '2026-04-01 10:23:37', '2026-04-01 10:23:37'),
(3062, 6, -6, 'restock', '2026-04-01 10:23:37', '2026-04-01 10:23:37'),
(3063, 1, -6, 'restock', '2026-04-01 10:23:53', '2026-04-01 10:23:53'),
(3064, 2, -6, 'restock', '2026-04-01 10:23:53', '2026-04-01 10:23:53'),
(3065, 3, -6, 'restock', '2026-04-01 10:23:53', '2026-04-01 10:23:53'),
(3066, 4, -6, 'restock', '2026-04-01 10:23:53', '2026-04-01 10:23:53'),
(3067, 5, -6, 'restock', '2026-04-01 10:23:53', '2026-04-01 10:23:53'),
(3068, 14, -6, 'restock', '2026-04-01 10:23:53', '2026-04-01 10:23:53'),
(3069, 15, -6, 'restock', '2026-04-01 10:23:53', '2026-04-01 10:23:53'),
(3070, 11, -6, 'restock', '2026-04-01 10:23:53', '2026-04-01 10:23:53'),
(3071, 1, -6, 'restock', '2026-04-01 10:24:11', '2026-04-01 10:24:11'),
(3072, 2, -6, 'restock', '2026-04-01 10:24:11', '2026-04-01 10:24:11'),
(3073, 3, -6, 'restock', '2026-04-01 10:24:11', '2026-04-01 10:24:11'),
(3074, 4, -6, 'restock', '2026-04-01 10:24:11', '2026-04-01 10:24:11'),
(3075, 5, -6, 'restock', '2026-04-01 10:24:11', '2026-04-01 10:24:11'),
(3076, 11, -6, 'restock', '2026-04-01 10:24:11', '2026-04-01 10:24:11'),
(3077, 20, -6, 'restock', '2026-04-01 10:24:11', '2026-04-01 10:24:11'),
(3078, 13, -6, 'restock', '2026-04-01 10:24:11', '2026-04-01 10:24:11'),
(3079, 9, -6, 'restock', '2026-04-01 10:24:11', '2026-04-01 10:24:11'),
(3080, 10, -6, 'restock', '2026-04-01 10:24:11', '2026-04-01 10:24:11'),
(3081, 1, -6, 'restock', '2026-04-01 10:24:28', '2026-04-01 10:24:28'),
(3082, 2, -6, 'restock', '2026-04-01 10:24:28', '2026-04-01 10:24:28'),
(3083, 3, -6, 'restock', '2026-04-01 10:24:28', '2026-04-01 10:24:28'),
(3084, 4, -6, 'restock', '2026-04-01 10:24:28', '2026-04-01 10:24:28'),
(3085, 5, -6, 'restock', '2026-04-01 10:24:28', '2026-04-01 10:24:28'),
(3086, 13, -6, 'restock', '2026-04-01 10:24:28', '2026-04-01 10:24:28'),
(3087, 8, -6, 'restock', '2026-04-01 10:24:28', '2026-04-01 10:24:28'),
(3088, 37, -5, 'restock', '2026-04-01 10:24:41', '2026-04-01 10:24:41'),
(3089, 38, -5, 'restock', '2026-04-01 10:24:41', '2026-04-01 10:24:41'),
(3090, 39, -5, 'restock', '2026-04-01 10:24:41', '2026-04-01 10:24:41'),
(3091, 40, -5, 'restock', '2026-04-01 10:24:41', '2026-04-01 10:24:41'),
(3092, 41, -5, 'restock', '2026-04-01 10:24:41', '2026-04-01 10:24:41'),
(3093, 1, -5, 'restock', '2026-04-01 10:24:56', '2026-04-01 10:24:56'),
(3094, 2, -5, 'restock', '2026-04-01 10:24:56', '2026-04-01 10:24:56'),
(3095, 3, -5, 'restock', '2026-04-01 10:24:56', '2026-04-01 10:24:56'),
(3096, 4, -5, 'restock', '2026-04-01 10:24:56', '2026-04-01 10:24:56'),
(3097, 5, -5, 'restock', '2026-04-01 10:24:56', '2026-04-01 10:24:56'),
(3098, 42, -5, 'restock', '2026-04-01 10:24:56', '2026-04-01 10:24:56'),
(3099, 43, -5, 'restock', '2026-04-01 10:24:56', '2026-04-01 10:24:56'),
(3100, 1, -10, 'restock', '2026-04-01 10:25:08', '2026-04-01 10:25:08'),
(3101, 2, -10, 'restock', '2026-04-01 10:25:08', '2026-04-01 10:25:08'),
(3102, 3, -10, 'restock', '2026-04-01 10:25:08', '2026-04-01 10:25:08'),
(3103, 4, -10, 'restock', '2026-04-01 10:25:08', '2026-04-01 10:25:08'),
(3104, 5, -10, 'restock', '2026-04-01 10:25:08', '2026-04-01 10:25:08'),
(3105, 44, -10, 'restock', '2026-04-01 10:25:08', '2026-04-01 10:25:08'),
(3106, 43, -10, 'restock', '2026-04-01 10:25:08', '2026-04-01 10:25:08'),
(3107, 1, -10, 'restock', '2026-04-01 10:25:20', '2026-04-01 10:25:20'),
(3108, 2, -10, 'restock', '2026-04-01 10:25:20', '2026-04-01 10:25:20'),
(3109, 3, -10, 'restock', '2026-04-01 10:25:20', '2026-04-01 10:25:20'),
(3110, 4, -10, 'restock', '2026-04-01 10:25:20', '2026-04-01 10:25:20'),
(3111, 5, -10, 'restock', '2026-04-01 10:25:20', '2026-04-01 10:25:20'),
(3112, 44, -10, 'restock', '2026-04-01 10:25:20', '2026-04-01 10:25:20'),
(3113, 45, -10, 'restock', '2026-04-01 10:25:20', '2026-04-01 10:25:20'),
(3114, 1, -10, 'restock', '2026-04-01 10:25:31', '2026-04-01 10:25:31'),
(3115, 2, -10, 'restock', '2026-04-01 10:25:31', '2026-04-01 10:25:31'),
(3116, 3, -10, 'restock', '2026-04-01 10:25:31', '2026-04-01 10:25:31'),
(3117, 4, -10, 'restock', '2026-04-01 10:25:31', '2026-04-01 10:25:31'),
(3118, 5, -10, 'restock', '2026-04-01 10:25:31', '2026-04-01 10:25:31'),
(3119, 46, -10, 'restock', '2026-04-01 10:25:31', '2026-04-01 10:25:31'),
(3120, 45, -10, 'restock', '2026-04-01 10:25:31', '2026-04-01 10:25:31'),
(3121, 1, -10, 'restock', '2026-04-01 10:25:47', '2026-04-01 10:25:47'),
(3122, 2, -10, 'restock', '2026-04-01 10:25:47', '2026-04-01 10:25:47'),
(3123, 3, -10, 'restock', '2026-04-01 10:25:47', '2026-04-01 10:25:47'),
(3124, 4, -10, 'restock', '2026-04-01 10:25:47', '2026-04-01 10:25:47'),
(3125, 5, -10, 'restock', '2026-04-01 10:25:47', '2026-04-01 10:25:47'),
(3126, 47, -10, 'restock', '2026-04-01 10:25:47', '2026-04-01 10:25:47'),
(3127, 1, -10, 'restock', '2026-04-01 10:25:56', '2026-04-01 10:25:56'),
(3128, 48, -10, 'restock', '2026-04-01 10:25:56', '2026-04-01 10:25:56'),
(3129, 9, -10, 'restock', '2026-04-01 10:25:56', '2026-04-01 10:25:56'),
(3130, 1, -5, 'restock', '2026-04-01 10:26:08', '2026-04-01 10:26:08'),
(3131, 11, -5, 'restock', '2026-04-01 10:26:08', '2026-04-01 10:26:08'),
(3132, 2, -5, 'restock', '2026-04-01 10:26:08', '2026-04-01 10:26:08'),
(3133, 3, -5, 'restock', '2026-04-01 10:26:08', '2026-04-01 10:26:08'),
(3134, 4, -5, 'restock', '2026-04-01 10:26:08', '2026-04-01 10:26:08'),
(3135, 5, -5, 'restock', '2026-04-01 10:26:08', '2026-04-01 10:26:08'),
(3136, 12, -5, 'restock', '2026-04-01 10:26:08', '2026-04-01 10:26:08'),
(3137, 9, -5, 'restock', '2026-04-01 10:26:08', '2026-04-01 10:26:08'),
(3138, 10, -5, 'restock', '2026-04-01 10:26:08', '2026-04-01 10:26:08'),
(3139, 1, -5, 'restock', '2026-04-01 10:26:19', '2026-04-01 10:26:19'),
(3140, 2, -5, 'restock', '2026-04-01 10:26:19', '2026-04-01 10:26:19'),
(3141, 3, -5, 'restock', '2026-04-01 10:26:19', '2026-04-01 10:26:19'),
(3142, 4, -5, 'restock', '2026-04-01 10:26:19', '2026-04-01 10:26:19'),
(3143, 5, -5, 'restock', '2026-04-01 10:26:19', '2026-04-01 10:26:19'),
(3144, 6, -5, 'restock', '2026-04-01 10:26:19', '2026-04-01 10:26:19'),
(3145, 7, -5, 'restock', '2026-04-01 10:26:19', '2026-04-01 10:26:19'),
(3146, 8, -5, 'restock', '2026-04-01 10:26:19', '2026-04-01 10:26:19'),
(3147, 9, -5, 'restock', '2026-04-01 10:26:19', '2026-04-01 10:26:19'),
(3148, 10, -5, 'restock', '2026-04-01 10:26:19', '2026-04-01 10:26:19'),
(3149, 1, -20, 'restock', '2026-04-01 10:26:31', '2026-04-01 10:26:31'),
(3150, 2, -20, 'restock', '2026-04-01 10:26:31', '2026-04-01 10:26:31'),
(3151, 3, -20, 'restock', '2026-04-01 10:26:31', '2026-04-01 10:26:31'),
(3152, 4, -20, 'restock', '2026-04-01 10:26:31', '2026-04-01 10:26:31'),
(3153, 8, -20, 'restock', '2026-04-01 10:26:31', '2026-04-01 10:26:31'),
(3154, 9, -20, 'restock', '2026-04-01 10:26:31', '2026-04-01 10:26:31'),
(3155, 10, -20, 'restock', '2026-04-01 10:26:31', '2026-04-01 10:26:31'),
(3156, 1, -10, 'restock', '2026-04-01 10:27:12', '2026-04-01 10:27:12'),
(3157, 2, -10, 'restock', '2026-04-01 10:27:12', '2026-04-01 10:27:12'),
(3158, 3, -10, 'restock', '2026-04-01 10:27:12', '2026-04-01 10:27:12'),
(3159, 4, -10, 'restock', '2026-04-01 10:27:12', '2026-04-01 10:27:12'),
(3160, 5, -10, 'restock', '2026-04-01 10:27:12', '2026-04-01 10:27:12'),
(3161, 9, -10, 'restock', '2026-04-01 10:27:12', '2026-04-01 10:27:12'),
(3162, 1, -10, 'restock', '2026-04-01 10:27:25', '2026-04-01 10:27:25'),
(3163, 19, -10, 'restock', '2026-04-01 10:27:25', '2026-04-01 10:27:25'),
(3164, 2, -10, 'restock', '2026-04-01 10:27:25', '2026-04-01 10:27:25'),
(3165, 3, -10, 'restock', '2026-04-01 10:27:25', '2026-04-01 10:27:25'),
(3166, 4, -10, 'restock', '2026-04-01 10:27:25', '2026-04-01 10:27:25'),
(3167, 5, -10, 'restock', '2026-04-01 10:27:25', '2026-04-01 10:27:25'),
(3168, 6, -10, 'restock', '2026-04-01 10:27:25', '2026-04-01 10:27:25'),
(3169, 1, -10, 'restock', '2026-04-01 10:27:34', '2026-04-01 10:27:34'),
(3170, 4, -10, 'restock', '2026-04-01 10:27:34', '2026-04-01 10:27:34'),
(3171, 2, -10, 'restock', '2026-04-01 10:27:34', '2026-04-01 10:27:34'),
(3172, 9, -10, 'restock', '2026-04-01 10:27:34', '2026-04-01 10:27:34'),
(3173, 1, -10, 'restock', '2026-04-01 10:27:51', '2026-04-01 10:27:51'),
(3174, 4, -10, 'restock', '2026-04-01 10:27:51', '2026-04-01 10:27:51'),
(3175, 2, -10, 'restock', '2026-04-01 10:27:51', '2026-04-01 10:27:51'),
(3176, 3, -10, 'restock', '2026-04-01 10:27:51', '2026-04-01 10:27:51'),
(3177, 5, -10, 'restock', '2026-04-01 10:27:51', '2026-04-01 10:27:51'),
(3178, 9, -10, 'restock', '2026-04-01 10:27:51', '2026-04-01 10:27:51'),
(3179, 10, -10, 'restock', '2026-04-01 10:27:51', '2026-04-01 10:27:51'),
(3180, 1, -10, 'restock', '2026-04-01 10:56:29', '2026-04-01 10:56:29'),
(3181, 2, -10, 'restock', '2026-04-01 10:56:29', '2026-04-01 10:56:29'),
(3182, 3, -10, 'restock', '2026-04-01 10:56:29', '2026-04-01 10:56:29'),
(3183, 4, -10, 'restock', '2026-04-01 10:56:29', '2026-04-01 10:56:29'),
(3184, 5, -10, 'restock', '2026-04-01 10:56:29', '2026-04-01 10:56:29'),
(3185, 6, -10, 'restock', '2026-04-01 10:56:29', '2026-04-01 10:56:29'),
(3186, 28, -10, 'restock', '2026-04-01 10:56:29', '2026-04-01 10:56:29'),
(3187, 9, -10, 'restock', '2026-04-01 10:56:29', '2026-04-01 10:56:29'),
(3188, 1, -6, 'restock', '2026-04-01 14:30:10', '2026-04-01 14:30:10'),
(3189, 2, -6, 'restock', '2026-04-01 14:30:10', '2026-04-01 14:30:10'),
(3190, 3, -6, 'restock', '2026-04-01 14:30:10', '2026-04-01 14:30:10'),
(3191, 4, -6, 'restock', '2026-04-01 14:30:10', '2026-04-01 14:30:10'),
(3192, 5, -6, 'restock', '2026-04-01 14:30:10', '2026-04-01 14:30:10'),
(3193, 6, -6, 'restock', '2026-04-01 14:30:10', '2026-04-01 14:30:10'),
(3194, 7, -6, 'restock', '2026-04-01 14:30:10', '2026-04-01 14:30:10'),
(3195, 8, -6, 'restock', '2026-04-01 14:30:10', '2026-04-01 14:30:10'),
(3196, 9, -6, 'restock', '2026-04-01 14:30:10', '2026-04-01 14:30:10'),
(3197, 10, -6, 'restock', '2026-04-01 14:30:10', '2026-04-01 14:30:10'),
(3198, 48, 30, 'restock', '2026-04-01 14:31:52', '2026-04-01 14:31:52'),
(3199, 16, -10, 'Used for new product (ID: 86)', '2026-04-03 20:53:22', '2026-04-03 20:53:22'),
(3200, 13, -40, 'Used for new product (ID: 86)', '2026-04-03 20:53:22', '2026-04-03 20:53:22'),
(3201, 3, -10, 'Used for new product (ID: 86)', '2026-04-03 20:53:22', '2026-04-03 20:53:22'),
(3202, 41, -10, 'Used for new product (ID: 86)', '2026-04-03 20:53:22', '2026-04-03 20:53:22'),
(3203, 7, -10, 'Used for new product (ID: 86)', '2026-04-03 20:53:22', '2026-04-03 20:53:22'),
(3204, 8, -5, 'Used for new product (ID: 86)', '2026-04-03 20:53:22', '2026-04-03 20:53:22'),
(3205, 6, -8, 'Used for new product (ID: 86)', '2026-04-03 20:53:22', '2026-04-03 20:53:22'),
(3206, 23, -6, 'Used for new product (ID: 87)', '2026-04-03 21:00:24', '2026-04-03 21:00:24'),
(3207, 16, -6, 'Used for new product (ID: 87)', '2026-04-03 21:00:24', '2026-04-03 21:00:24'),
(3208, 3, -6, 'Used for new product (ID: 87)', '2026-04-03 21:00:24', '2026-04-03 21:00:24'),
(3209, 41, -6, 'Used for new product (ID: 87)', '2026-04-03 21:00:24', '2026-04-03 21:00:24'),
(3210, 7, -6, 'Used for new product (ID: 87)', '2026-04-03 21:00:24', '2026-04-03 21:00:24'),
(3211, 8, -6, 'Used for new product (ID: 87)', '2026-04-03 21:00:24', '2026-04-03 21:00:24'),
(3212, 6, -4, 'Used for new product (ID: 87)', '2026-04-03 21:00:24', '2026-04-03 21:00:24'),
(3213, 1, -5, 'restock', '2026-04-10 20:28:39', '2026-04-10 20:28:39'),
(3214, 2, -5, 'restock', '2026-04-10 20:28:39', '2026-04-10 20:28:39'),
(3215, 3, -5, 'restock', '2026-04-10 20:28:39', '2026-04-10 20:28:39'),
(3216, 4, -5, 'restock', '2026-04-10 20:28:39', '2026-04-10 20:28:39'),
(3217, 5, -5, 'restock', '2026-04-10 20:28:39', '2026-04-10 20:28:39'),
(3218, 6, -5, 'restock', '2026-04-10 20:28:39', '2026-04-10 20:28:39'),
(3219, 31, -5, 'restock', '2026-04-10 20:28:52', '2026-04-10 20:28:52'),
(3220, 32, -5, 'restock', '2026-04-10 20:28:52', '2026-04-10 20:28:52'),
(3221, 33, -5, 'restock', '2026-04-10 20:28:52', '2026-04-10 20:28:52'),
(3222, 34, -5, 'restock', '2026-04-10 20:28:52', '2026-04-10 20:28:52'),
(3223, 31, -5, 'restock', '2026-04-10 20:29:02', '2026-04-10 20:29:02'),
(3224, 35, -5, 'restock', '2026-04-10 20:29:02', '2026-04-10 20:29:02'),
(3225, 33, -5, 'restock', '2026-04-10 20:29:02', '2026-04-10 20:29:02'),
(3226, 36, -5, 'restock', '2026-04-10 20:29:02', '2026-04-10 20:29:02'),
(3227, 23, -2, 'restock', '2026-04-10 21:00:45', '2026-04-10 21:00:45'),
(3228, 16, -2, 'restock', '2026-04-10 21:00:45', '2026-04-10 21:00:45'),
(3229, 3, -2, 'restock', '2026-04-10 21:00:45', '2026-04-10 21:00:45'),
(3230, 41, -2, 'restock', '2026-04-10 21:00:45', '2026-04-10 21:00:45'),
(3231, 7, -2, 'restock', '2026-04-10 21:00:45', '2026-04-10 21:00:45'),
(3232, 8, -2, 'restock', '2026-04-10 21:00:45', '2026-04-10 21:00:45'),
(3233, 6, -2, 'restock', '2026-04-10 21:00:45', '2026-04-10 21:00:45'),
(3234, 18, -10, 'Used for new product (ID: 88)', '2026-04-10 21:31:22', '2026-04-10 21:31:22'),
(3235, 1, 900, 'restock', '2026-04-10 21:40:15', '2026-04-10 21:40:15'),
(3236, 2, 900, 'restock', '2026-04-10 21:40:29', '2026-04-10 21:40:29'),
(3237, 3, 800, 'restock', '2026-04-10 21:40:37', '2026-04-10 21:40:37'),
(3238, 26, 900, 'restock', '2026-04-10 21:40:52', '2026-04-10 21:40:52'),
(3239, 4, 700, 'restock', '2026-04-10 21:41:11', '2026-04-10 21:41:11'),
(3240, 5, 700, 'restock', '2026-04-10 21:45:56', '2026-04-10 21:45:56'),
(3241, 18, -200, 'Used for new product (ID: 89)', '2026-04-10 21:49:40', '2026-04-10 21:49:40'),
(3242, 4, -400, 'Used for new product (ID: 89)', '2026-04-10 21:49:40', '2026-04-10 21:49:40'),
(3243, 3, -10, 'Used for new product (ID: 89)', '2026-04-10 21:49:40', '2026-04-10 21:49:40'),
(3244, 59, -200, 'Used for new product (ID: 89)', '2026-04-10 21:49:40', '2026-04-10 21:49:40'),
(3245, 61, 0, 'Used for new product (ID: 89)', '2026-04-10 21:49:40', '2026-04-10 21:49:40'),
(3246, 61, 9000, 'restock', '2026-04-15 10:31:25', '2026-04-15 10:31:25'),
(3247, 59, 9200, 'restock', '2026-04-15 12:47:17', '2026-04-15 12:47:17'),
(3248, 48, 9000, 'restock', '2026-04-17 20:36:02', '2026-04-17 20:36:02'),
(3249, 45, 1000, 'restock', '2026-04-17 20:36:27', '2026-04-17 20:36:27'),
(3250, 47, 20, 'restock', '2026-04-17 20:36:57', '2026-04-17 20:36:57'),
(3251, 44, 1000, 'restock', '2026-04-17 20:37:17', '2026-04-17 20:37:17'),
(3252, 24, 1000, 'restock', '2026-04-17 20:37:35', '2026-04-17 20:37:35'),
(3253, 18, 1000, 'restock', '2026-04-17 20:39:33', '2026-04-17 20:39:33'),
(3254, 17, 1000, 'restock', '2026-04-17 20:39:48', '2026-04-17 20:39:48'),
(3255, 12, 1000, 'restock', '2026-04-17 20:40:03', '2026-04-17 20:40:03'),
(3256, 47, 9000, 'restock', '2026-04-17 20:40:24', '2026-04-17 20:40:24'),
(3257, 46, 20, 'restock', '2026-04-17 20:40:45', '2026-04-17 20:40:45'),
(3258, 46, 9000, 'restock', '2026-04-17 20:40:53', '2026-04-17 20:40:53'),
(3259, 43, 9030, 'restock', '2026-04-17 20:42:52', '2026-04-17 20:42:52'),
(3260, 45, 9000, 'restock', '2026-04-17 20:48:12', '2026-04-17 20:48:12'),
(3261, 42, 9015, 'restock', '2026-04-17 20:48:33', '2026-04-17 20:48:33'),
(3262, 41, 9048, 'restock', '2026-04-17 20:48:57', '2026-04-17 20:48:57'),
(3263, 40, 9015, 'restock', '2026-04-17 20:49:23', '2026-04-17 20:49:23'),
(3264, 34, 9015, 'restock', '2026-04-17 20:49:33', '2026-04-17 20:49:33'),
(3265, 36, 9015, 'restock', '2026-04-17 20:49:42', '2026-04-17 20:49:42'),
(3266, 44, 9000, 'restock', '2026-04-17 20:49:50', '2026-04-17 20:49:50'),
(3267, 32, 9015, 'restock', '2026-04-17 20:50:08', '2026-04-17 20:50:08'),
(3268, 1, 9021, 'restock', '2026-04-17 20:50:54', '2026-04-17 20:50:54'),
(3269, 2, 9052, 'restock', '2026-04-17 20:51:13', '2026-04-17 20:51:13'),
(3270, 39, 9010, 'restock', '2026-04-17 20:51:35', '2026-04-17 20:51:35'),
(3271, 38, 9010, 'restock', '2026-04-17 20:51:45', '2026-04-17 20:51:45'),
(3272, 37, 9010, 'restock', '2026-04-17 20:51:54', '2026-04-17 20:51:54'),
(3273, 35, 9020, 'restock', '2026-04-17 20:52:16', '2026-04-17 20:52:16'),
(3274, 33, 9030, 'restock', '2026-04-17 20:52:26', '2026-04-17 20:52:26'),
(3275, 31, 9030, 'restock', '2026-04-17 20:52:38', '2026-04-17 20:52:38'),
(3276, 30, 9010, 'restock', '2026-04-17 20:52:49', '2026-04-17 20:52:49'),
(3277, 29, 9064, 'restock', '2026-04-17 20:53:08', '2026-04-17 20:53:08'),
(3278, 28, 9040, 'restock', '2026-04-17 20:53:21', '2026-04-17 20:53:21'),
(3279, 27, 9030, 'restock', '2026-04-17 20:53:33', '2026-04-17 20:53:33'),
(3280, 26, 9010, 'restock', '2026-04-17 20:53:49', '2026-04-17 20:53:49'),
(3281, 24, 9000, 'restock', '2026-04-17 20:53:57', '2026-04-17 20:53:57'),
(3282, 25, 9037, 'restock', '2026-04-17 20:54:44', '2026-04-17 20:54:44'),
(3283, 23, 9030, 'restock', '2026-04-17 20:55:03', '2026-04-17 20:55:03'),
(3284, 22, 9042, 'restock', '2026-04-17 20:55:24', '2026-04-17 20:55:24'),
(3285, 21, 9027, 'restock', '2026-04-17 21:05:18', '2026-04-17 21:05:18'),
(3286, 20, 9067, 'restock', '2026-04-17 21:05:38', '2026-04-17 21:05:38'),
(3287, 19, 9030, 'restock', '2026-04-17 21:05:49', '2026-04-17 21:05:49'),
(3288, 3, 9067, 'restock', '2026-04-17 21:06:06', '2026-04-17 21:06:06'),
(3289, 4, 9485, 'restock', '2026-04-17 21:06:33', '2026-04-17 21:06:33'),
(3290, 5, 9091, 'restock', '2026-04-17 21:07:29', '2026-04-17 21:07:29'),
(3291, 6, 9216, 'restock', '2026-04-17 21:08:08', '2026-04-17 21:08:08'),
(3292, 16, 9040, 'restock', '2026-04-17 21:08:24', '2026-04-17 21:08:24'),
(3293, 15, 9048, 'restock', '2026-04-17 21:08:41', '2026-04-17 21:08:41'),
(3294, 14, 9028, 'restock', '2026-04-17 21:09:13', '2026-04-17 21:09:13'),
(3295, 13, 9220, 'restock', '2026-04-17 21:09:33', '2026-04-17 21:09:33'),
(3296, 18, 9000, 'restock', '2026-04-17 21:09:46', '2026-04-17 21:09:46'),
(3297, 12, 9000, 'restock', '2026-04-17 21:09:52', '2026-04-17 21:09:52'),
(3298, 11, 9234, 'restock', '2026-04-17 21:10:13', '2026-04-17 21:10:13'),
(3299, 17, 9000, 'restock', '2026-04-17 21:10:30', '2026-04-17 21:10:30'),
(3300, 10, 9316, 'restock', '2026-04-17 21:11:04', '2026-04-17 21:11:04'),
(3301, 9, 9665, 'restock', '2026-04-17 21:11:25', '2026-04-17 21:11:25'),
(3302, 8, 9348, 'restock', '2026-04-17 21:11:47', '2026-04-17 21:11:47'),
(3303, 7, 9064, 'restock', '2026-04-17 21:12:12', '2026-04-17 21:12:12'),
(3304, 18, -2000, 'restock', '2026-04-17 21:12:28', '2026-04-17 21:12:28'),
(3305, 4, -4000, 'restock', '2026-04-17 21:12:28', '2026-04-17 21:12:28'),
(3306, 3, -100, 'restock', '2026-04-17 21:12:28', '2026-04-17 21:12:28'),
(3307, 59, -2000, 'restock', '2026-04-17 21:12:28', '2026-04-17 21:12:28'),
(3308, 61, -5, 'restock', '2026-04-17 21:12:28', '2026-04-17 21:12:28'),
(3309, 23, -4, 'restock', '2026-04-17 21:21:56', '2026-04-17 21:21:56'),
(3310, 16, -4, 'restock', '2026-04-17 21:21:56', '2026-04-17 21:21:56'),
(3311, 3, -4, 'restock', '2026-04-17 21:21:56', '2026-04-17 21:21:56'),
(3312, 41, -4, 'restock', '2026-04-17 21:21:56', '2026-04-17 21:21:56'),
(3313, 7, -4, 'restock', '2026-04-17 21:21:56', '2026-04-17 21:21:56'),
(3314, 8, -4, 'restock', '2026-04-17 21:21:56', '2026-04-17 21:21:56'),
(3315, 6, -3, 'restock', '2026-04-17 21:21:56', '2026-04-17 21:21:56'),
(3316, 1, -5, 'restock', '2026-04-17 21:22:12', '2026-04-17 21:22:12'),
(3317, 2, -5, 'restock', '2026-04-17 21:22:12', '2026-04-17 21:22:12'),
(3318, 3, -5, 'restock', '2026-04-17 21:22:12', '2026-04-17 21:22:12'),
(3319, 4, -5, 'restock', '2026-04-17 21:22:12', '2026-04-17 21:22:12'),
(3320, 5, -5, 'restock', '2026-04-17 21:22:12', '2026-04-17 21:22:12'),
(3321, 11, -5, 'restock', '2026-04-17 21:22:12', '2026-04-17 21:22:12'),
(3322, 16, -5, 'restock', '2026-04-17 21:22:12', '2026-04-17 21:22:12'),
(3323, 6, -5, 'restock', '2026-04-17 21:22:12', '2026-04-17 21:22:12'),
(3324, 1, -5, 'restock', '2026-04-17 21:22:20', '2026-04-17 21:22:20'),
(3325, 2, -5, 'restock', '2026-04-17 21:22:20', '2026-04-17 21:22:20'),
(3326, 3, -5, 'restock', '2026-04-17 21:22:20', '2026-04-17 21:22:20'),
(3327, 4, -5, 'restock', '2026-04-17 21:22:20', '2026-04-17 21:22:20'),
(3328, 5, -5, 'restock', '2026-04-17 21:22:20', '2026-04-17 21:22:20'),
(3329, 25, -5, 'restock', '2026-04-17 21:22:20', '2026-04-17 21:22:20'),
(3330, 6, -5, 'restock', '2026-04-17 21:22:20', '2026-04-17 21:22:20'),
(3331, 1, -5, 'restock', '2026-04-17 21:22:32', '2026-04-17 21:22:32'),
(3332, 2, -5, 'restock', '2026-04-17 21:22:32', '2026-04-17 21:22:32'),
(3333, 3, -5, 'restock', '2026-04-17 21:22:32', '2026-04-17 21:22:32'),
(3334, 4, -5, 'restock', '2026-04-17 21:22:32', '2026-04-17 21:22:32'),
(3335, 5, -5, 'restock', '2026-04-17 21:22:32', '2026-04-17 21:22:32'),
(3336, 42, -5, 'restock', '2026-04-17 21:22:32', '2026-04-17 21:22:32'),
(3337, 43, -5, 'restock', '2026-04-17 21:22:32', '2026-04-17 21:22:32'),
(3338, 18, -2000, 'restock', '2026-04-30 11:58:11', '2026-04-30 11:58:11'),
(3339, 4, -4000, 'restock', '2026-04-30 11:58:11', '2026-04-30 11:58:11'),
(3340, 3, -100, 'restock', '2026-04-30 11:58:11', '2026-04-30 11:58:11'),
(3341, 59, -2000, 'restock', '2026-04-30 11:58:11', '2026-04-30 11:58:11'),
(3342, 61, -5, 'restock', '2026-04-30 11:58:11', '2026-04-30 11:58:11'),
(3343, 23, -6, 'restock', '2026-04-30 11:58:44', '2026-04-30 11:58:44'),
(3344, 16, -6, 'restock', '2026-04-30 11:58:44', '2026-04-30 11:58:44'),
(3345, 3, -6, 'restock', '2026-04-30 11:58:44', '2026-04-30 11:58:44'),
(3346, 41, -6, 'restock', '2026-04-30 11:58:44', '2026-04-30 11:58:44'),
(3347, 7, -6, 'restock', '2026-04-30 11:58:44', '2026-04-30 11:58:44'),
(3348, 8, -6, 'restock', '2026-04-30 11:58:44', '2026-04-30 11:58:44'),
(3349, 6, -4, 'restock', '2026-04-30 11:58:44', '2026-04-30 11:58:44'),
(3350, 26, -900, 'restock', '2026-04-30 11:58:52', '2026-04-30 11:58:52'),
(3351, 44, -5, 'restock', '2026-04-30 11:59:02', '2026-04-30 11:59:02'),
(3352, 9, -5, 'restock', '2026-04-30 11:59:02', '2026-04-30 11:59:02'),
(3353, 29, -5, 'restock', '2026-04-30 11:59:02', '2026-04-30 11:59:02'),
(3354, 3, -5, 'restock', '2026-04-30 11:59:02', '2026-04-30 11:59:02'),
(3355, 5, -5, 'restock', '2026-04-30 11:59:02', '2026-04-30 11:59:02'),
(3356, 2, -5, 'restock', '2026-04-30 11:59:02', '2026-04-30 11:59:02'),
(3357, 8, -5, 'restock', '2026-04-30 11:59:02', '2026-04-30 11:59:02'),
(3358, 1, -5, 'restock', '2026-04-30 11:59:02', '2026-04-30 11:59:02'),
(3359, 44, -6, 'restock', '2026-04-30 11:59:08', '2026-04-30 11:59:08'),
(3360, 9, -6, 'restock', '2026-04-30 11:59:08', '2026-04-30 11:59:08'),
(3361, 29, -6, 'restock', '2026-04-30 11:59:08', '2026-04-30 11:59:08'),
(3362, 3, -6, 'restock', '2026-04-30 11:59:08', '2026-04-30 11:59:08'),
(3363, 5, -6, 'restock', '2026-04-30 11:59:08', '2026-04-30 11:59:08'),
(3364, 2, -6, 'restock', '2026-04-30 11:59:08', '2026-04-30 11:59:08'),
(3365, 8, -6, 'restock', '2026-04-30 11:59:08', '2026-04-30 11:59:08'),
(3366, 1, -6, 'restock', '2026-04-30 11:59:08', '2026-04-30 11:59:08'),
(3367, 13, -6, 'restock', '2026-04-30 12:00:13', '2026-04-30 12:00:13'),
(3368, 12, -6, 'restock', '2026-04-30 12:00:13', '2026-04-30 12:00:13'),
(3369, 3, -6, 'restock', '2026-04-30 12:00:13', '2026-04-30 12:00:13'),
(3370, 5, -6, 'restock', '2026-04-30 12:00:13', '2026-04-30 12:00:13'),
(3371, 2, -6, 'restock', '2026-04-30 12:00:13', '2026-04-30 12:00:13'),
(3372, 29, -6, 'restock', '2026-04-30 12:00:22', '2026-04-30 12:00:22'),
(3373, 3, -6, 'restock', '2026-04-30 12:00:22', '2026-04-30 12:00:22'),
(3374, 5, -6, 'restock', '2026-04-30 12:00:22', '2026-04-30 12:00:22'),
(3375, 7, -6, 'restock', '2026-04-30 12:00:22', '2026-04-30 12:00:22'),
(3376, 2, -6, 'restock', '2026-04-30 12:00:22', '2026-04-30 12:00:22'),
(3377, 8, -6, 'restock', '2026-04-30 12:00:22', '2026-04-30 12:00:22'),
(3378, 29, -5, 'restock', '2026-04-30 12:00:28', '2026-04-30 12:00:28'),
(3379, 13, -5, 'restock', '2026-04-30 12:00:28', '2026-04-30 12:00:28'),
(3380, 5, -5, 'restock', '2026-04-30 12:00:28', '2026-04-30 12:00:28'),
(3381, 2, -5, 'restock', '2026-04-30 12:00:28', '2026-04-30 12:00:28'),
(3382, 8, -5, 'restock', '2026-04-30 12:00:28', '2026-04-30 12:00:28'),
(3383, 44, -9, 'restock', '2026-04-30 12:00:38', '2026-04-30 12:00:38'),
(3384, 3, -9, 'restock', '2026-04-30 12:00:38', '2026-04-30 12:00:38'),
(3385, 10, -9, 'restock', '2026-04-30 12:00:38', '2026-04-30 12:00:38'),
(3386, 2, -9, 'restock', '2026-04-30 12:00:38', '2026-04-30 12:00:38'),
(3387, 13, -5, 'restock', '2026-04-30 12:00:48', '2026-04-30 12:00:48'),
(3388, 12, -5, 'restock', '2026-04-30 12:00:48', '2026-04-30 12:00:48'),
(3389, 3, -5, 'restock', '2026-04-30 12:00:48', '2026-04-30 12:00:48'),
(3390, 5, -5, 'restock', '2026-04-30 12:00:48', '2026-04-30 12:00:48'),
(3391, 2, -5, 'restock', '2026-04-30 12:00:48', '2026-04-30 12:00:48'),
(3392, 1, -6, 'restock', '2026-04-30 12:01:04', '2026-04-30 12:01:04'),
(3393, 17, -6, 'restock', '2026-04-30 12:01:04', '2026-04-30 12:01:04'),
(3394, 2, -6, 'restock', '2026-04-30 12:01:04', '2026-04-30 12:01:04'),
(3395, 3, -6, 'restock', '2026-04-30 12:01:04', '2026-04-30 12:01:04'),
(3396, 4, -6, 'restock', '2026-04-30 12:01:04', '2026-04-30 12:01:04'),
(3397, 5, -6, 'restock', '2026-04-30 12:01:04', '2026-04-30 12:01:04'),
(3398, 18, -6, 'restock', '2026-04-30 12:01:04', '2026-04-30 12:01:04'),
(3399, 8, -6, 'restock', '2026-04-30 12:01:04', '2026-04-30 12:01:04'),
(3400, 1, -5, 'restock', '2026-04-30 12:01:13', '2026-04-30 12:01:13'),
(3401, 17, -5, 'restock', '2026-04-30 12:01:13', '2026-04-30 12:01:13'),
(3402, 2, -5, 'restock', '2026-04-30 12:01:13', '2026-04-30 12:01:13'),
(3403, 3, -5, 'restock', '2026-04-30 12:01:13', '2026-04-30 12:01:13'),
(3404, 4, -5, 'restock', '2026-04-30 12:01:13', '2026-04-30 12:01:13'),
(3405, 5, -5, 'restock', '2026-04-30 12:01:13', '2026-04-30 12:01:13'),
(3406, 18, -5, 'restock', '2026-04-30 12:01:13', '2026-04-30 12:01:13'),
(3407, 8, -5, 'restock', '2026-04-30 12:01:13', '2026-04-30 12:01:13'),
(3408, 1, -10, 'restock', '2026-04-30 12:01:31', '2026-04-30 12:01:31'),
(3409, 2, -10, 'restock', '2026-04-30 12:01:31', '2026-04-30 12:01:31'),
(3410, 4, -10, 'restock', '2026-04-30 12:01:31', '2026-04-30 12:01:31'),
(3411, 5, -10, 'restock', '2026-04-30 12:01:31', '2026-04-30 12:01:31'),
(3412, 3, -10, 'restock', '2026-04-30 12:01:31', '2026-04-30 12:01:31'),
(3413, 26, -10, 'restock', '2026-04-30 12:01:31', '2026-04-30 12:01:31'),
(3414, 9, -10, 'restock', '2026-04-30 12:01:31', '2026-04-30 12:01:31'),
(3415, 10, -10, 'restock', '2026-04-30 12:01:31', '2026-04-30 12:01:31'),
(3416, 1, -5, 'restock', '2026-04-30 12:01:42', '2026-04-30 12:01:42'),
(3417, 21, -5, 'restock', '2026-04-30 12:01:42', '2026-04-30 12:01:42'),
(3418, 2, -5, 'restock', '2026-04-30 12:01:42', '2026-04-30 12:01:42'),
(3419, 3, -5, 'restock', '2026-04-30 12:01:42', '2026-04-30 12:01:42'),
(3420, 4, -5, 'restock', '2026-04-30 12:01:42', '2026-04-30 12:01:42'),
(3421, 5, -5, 'restock', '2026-04-30 12:01:42', '2026-04-30 12:01:42'),
(3422, 22, -5, 'restock', '2026-04-30 12:01:42', '2026-04-30 12:01:42'),
(3423, 1, -5, 'restock', '2026-04-30 12:01:51', '2026-04-30 12:01:51'),
(3424, 2, -5, 'restock', '2026-04-30 12:01:51', '2026-04-30 12:01:51'),
(3425, 3, -5, 'restock', '2026-04-30 12:01:51', '2026-04-30 12:01:51'),
(3426, 4, -5, 'restock', '2026-04-30 12:01:51', '2026-04-30 12:01:51'),
(3427, 5, -5, 'restock', '2026-04-30 12:01:51', '2026-04-30 12:01:51'),
(3428, 11, -5, 'restock', '2026-04-30 12:01:51', '2026-04-30 12:01:51'),
(3429, 16, -5, 'restock', '2026-04-30 12:01:51', '2026-04-30 12:01:51'),
(3430, 6, -5, 'restock', '2026-04-30 12:01:51', '2026-04-30 12:01:51'),
(3431, 1, -5, 'restock', '2026-04-30 12:02:00', '2026-04-30 12:02:00'),
(3432, 2, -5, 'restock', '2026-04-30 12:02:00', '2026-04-30 12:02:00'),
(3433, 3, -5, 'restock', '2026-04-30 12:02:00', '2026-04-30 12:02:00'),
(3434, 4, -5, 'restock', '2026-04-30 12:02:00', '2026-04-30 12:02:00'),
(3435, 5, -5, 'restock', '2026-04-30 12:02:00', '2026-04-30 12:02:00'),
(3436, 13, -5, 'restock', '2026-04-30 12:02:00', '2026-04-30 12:02:00'),
(3437, 24, -5, 'restock', '2026-04-30 12:02:00', '2026-04-30 12:02:00'),
(3438, 1, -5, 'restock', '2026-04-30 12:02:10', '2026-04-30 12:02:10'),
(3439, 2, -5, 'restock', '2026-04-30 12:02:10', '2026-04-30 12:02:10'),
(3440, 3, -5, 'restock', '2026-04-30 12:02:10', '2026-04-30 12:02:10'),
(3441, 4, -5, 'restock', '2026-04-30 12:02:10', '2026-04-30 12:02:10'),
(3442, 5, -5, 'restock', '2026-04-30 12:02:10', '2026-04-30 12:02:10'),
(3443, 13, -5, 'restock', '2026-04-30 12:02:10', '2026-04-30 12:02:10'),
(3444, 23, -5, 'restock', '2026-04-30 12:02:10', '2026-04-30 12:02:10'),
(3445, 1, -5, 'restock', '2026-04-30 12:02:17', '2026-04-30 12:02:17'),
(3446, 2, -5, 'restock', '2026-04-30 12:02:17', '2026-04-30 12:02:17'),
(3447, 3, -5, 'restock', '2026-04-30 12:02:17', '2026-04-30 12:02:17'),
(3448, 4, -5, 'restock', '2026-04-30 12:02:17', '2026-04-30 12:02:17'),
(3449, 5, -5, 'restock', '2026-04-30 12:02:17', '2026-04-30 12:02:17'),
(3450, 25, -5, 'restock', '2026-04-30 12:02:17', '2026-04-30 12:02:17'),
(3451, 6, -5, 'restock', '2026-04-30 12:02:17', '2026-04-30 12:02:17'),
(3452, 1, -5, 'restock', '2026-04-30 12:02:47', '2026-04-30 12:02:47'),
(3453, 2, -5, 'restock', '2026-04-30 12:02:47', '2026-04-30 12:02:47'),
(3454, 3, -5, 'restock', '2026-04-30 12:02:47', '2026-04-30 12:02:47'),
(3455, 4, -5, 'restock', '2026-04-30 12:02:47', '2026-04-30 12:02:47'),
(3456, 5, -5, 'restock', '2026-04-30 12:02:47', '2026-04-30 12:02:47'),
(3457, 14, -5, 'restock', '2026-04-30 12:02:47', '2026-04-30 12:02:47'),
(3458, 15, -5, 'restock', '2026-04-30 12:02:47', '2026-04-30 12:02:47'),
(3459, 1, -5, 'restock', '2026-04-30 12:02:57', '2026-04-30 12:02:57'),
(3460, 2, -5, 'restock', '2026-04-30 12:02:57', '2026-04-30 12:02:57'),
(3461, 3, -5, 'restock', '2026-04-30 12:02:57', '2026-04-30 12:02:57'),
(3462, 4, -5, 'restock', '2026-04-30 12:02:57', '2026-04-30 12:02:57'),
(3463, 5, -5, 'restock', '2026-04-30 12:02:57', '2026-04-30 12:02:57'),
(3464, 11, -5, 'restock', '2026-04-30 12:02:57', '2026-04-30 12:02:57'),
(3465, 20, -5, 'restock', '2026-04-30 12:02:57', '2026-04-30 12:02:57'),
(3466, 13, -5, 'restock', '2026-04-30 12:02:57', '2026-04-30 12:02:57'),
(3467, 1, -5, 'restock', '2026-04-30 12:03:48', '2026-04-30 12:03:48'),
(3468, 2, -5, 'restock', '2026-04-30 12:03:48', '2026-04-30 12:03:48'),
(3469, 3, -5, 'restock', '2026-04-30 12:03:48', '2026-04-30 12:03:48'),
(3470, 4, -5, 'restock', '2026-04-30 12:03:48', '2026-04-30 12:03:48'),
(3471, 5, -5, 'restock', '2026-04-30 12:03:48', '2026-04-30 12:03:48'),
(3472, 13, -5, 'restock', '2026-04-30 12:03:48', '2026-04-30 12:03:48'),
(3473, 8, -5, 'restock', '2026-04-30 12:03:48', '2026-04-30 12:03:48'),
(3474, 1, -10, 'restock', '2026-04-30 12:03:56', '2026-04-30 12:03:56'),
(3475, 2, -10, 'restock', '2026-04-30 12:03:56', '2026-04-30 12:03:56'),
(3476, 3, -10, 'restock', '2026-04-30 12:03:56', '2026-04-30 12:03:56'),
(3477, 4, -10, 'restock', '2026-04-30 12:03:56', '2026-04-30 12:03:56'),
(3478, 5, -10, 'restock', '2026-04-30 12:03:56', '2026-04-30 12:03:56'),
(3479, 6, -10, 'restock', '2026-04-30 12:03:56', '2026-04-30 12:03:56'),
(3480, 27, -10, 'restock', '2026-04-30 12:03:56', '2026-04-30 12:03:56'),
(3481, 9, -10, 'restock', '2026-04-30 12:03:56', '2026-04-30 12:03:56'),
(3482, 1, -10, 'restock', '2026-04-30 12:04:05', '2026-04-30 12:04:05'),
(3483, 2, -10, 'restock', '2026-04-30 12:04:05', '2026-04-30 12:04:05'),
(3484, 3, -10, 'restock', '2026-04-30 12:04:05', '2026-04-30 12:04:05'),
(3485, 4, -10, 'restock', '2026-04-30 12:04:05', '2026-04-30 12:04:05'),
(3486, 5, -10, 'restock', '2026-04-30 12:04:05', '2026-04-30 12:04:05'),
(3487, 6, -10, 'restock', '2026-04-30 12:04:05', '2026-04-30 12:04:05'),
(3488, 28, -10, 'restock', '2026-04-30 12:04:05', '2026-04-30 12:04:05'),
(3489, 9, -10, 'restock', '2026-04-30 12:04:05', '2026-04-30 12:04:05'),
(3490, 1, -10, 'restock', '2026-04-30 12:04:14', '2026-04-30 12:04:14'),
(3491, 2, -10, 'restock', '2026-04-30 12:04:14', '2026-04-30 12:04:14'),
(3492, 3, -10, 'restock', '2026-04-30 12:04:14', '2026-04-30 12:04:14'),
(3493, 4, -10, 'restock', '2026-04-30 12:04:14', '2026-04-30 12:04:14'),
(3494, 5, -10, 'restock', '2026-04-30 12:04:14', '2026-04-30 12:04:14'),
(3495, 6, -10, 'restock', '2026-04-30 12:04:14', '2026-04-30 12:04:14'),
(3496, 15, -10, 'restock', '2026-04-30 12:04:14', '2026-04-30 12:04:14'),
(3497, 9, -10, 'restock', '2026-04-30 12:04:14', '2026-04-30 12:04:14'),
(3498, 1, -10, 'restock', '2026-04-30 12:04:21', '2026-04-30 12:04:21'),
(3499, 2, -10, 'restock', '2026-04-30 12:04:21', '2026-04-30 12:04:21'),
(3500, 3, -10, 'restock', '2026-04-30 12:04:21', '2026-04-30 12:04:21'),
(3501, 4, -10, 'restock', '2026-04-30 12:04:21', '2026-04-30 12:04:21'),
(3502, 5, -10, 'restock', '2026-04-30 12:04:21', '2026-04-30 12:04:21'),
(3503, 6, -10, 'restock', '2026-04-30 12:04:21', '2026-04-30 12:04:21'),
(3504, 11, -10, 'restock', '2026-04-30 12:04:21', '2026-04-30 12:04:21'),
(3505, 9, -10, 'restock', '2026-04-30 12:04:21', '2026-04-30 12:04:21'),
(3506, 1, -20, 'restock', '2026-04-30 12:04:30', '2026-04-30 12:04:30'),
(3507, 2, -20, 'restock', '2026-04-30 12:04:30', '2026-04-30 12:04:30'),
(3508, 3, -20, 'restock', '2026-04-30 12:04:30', '2026-04-30 12:04:30'),
(3509, 4, -20, 'restock', '2026-04-30 12:04:30', '2026-04-30 12:04:30'),
(3510, 5, -20, 'restock', '2026-04-30 12:04:30', '2026-04-30 12:04:30'),
(3511, 11, -20, 'restock', '2026-04-30 12:04:30', '2026-04-30 12:04:30'),
(3512, 8, -20, 'restock', '2026-04-30 12:04:30', '2026-04-30 12:04:30'),
(3513, 9, -20, 'restock', '2026-04-30 12:04:30', '2026-04-30 12:04:30'),
(3514, 1, -6, 'restock', '2026-04-30 12:04:39', '2026-04-30 12:04:39'),
(3515, 21, -6, 'restock', '2026-04-30 12:04:39', '2026-04-30 12:04:39'),
(3516, 2, -6, 'restock', '2026-04-30 12:04:39', '2026-04-30 12:04:39'),
(3517, 3, -6, 'restock', '2026-04-30 12:04:39', '2026-04-30 12:04:39'),
(3518, 4, -6, 'restock', '2026-04-30 12:04:39', '2026-04-30 12:04:39'),
(3519, 5, -6, 'restock', '2026-04-30 12:04:39', '2026-04-30 12:04:39'),
(3520, 22, -6, 'restock', '2026-04-30 12:04:39', '2026-04-30 12:04:39'),
(3521, 9, -6, 'restock', '2026-04-30 12:04:39', '2026-04-30 12:04:39'),
(3522, 1, -6, 'restock', '2026-04-30 12:04:49', '2026-04-30 12:04:49'),
(3523, 2, -6, 'restock', '2026-04-30 12:04:49', '2026-04-30 12:04:49'),
(3524, 3, -6, 'restock', '2026-04-30 12:04:49', '2026-04-30 12:04:49'),
(3525, 4, -6, 'restock', '2026-04-30 12:04:49', '2026-04-30 12:04:49'),
(3526, 5, -6, 'restock', '2026-04-30 12:04:49', '2026-04-30 12:04:49'),
(3527, 11, -6, 'restock', '2026-04-30 12:04:49', '2026-04-30 12:04:49'),
(3528, 16, -6, 'restock', '2026-04-30 12:04:49', '2026-04-30 12:04:49'),
(3529, 6, -6, 'restock', '2026-04-30 12:04:49', '2026-04-30 12:04:49'),
(3530, 1, -6, 'restock', '2026-04-30 12:05:41', '2026-04-30 12:05:41'),
(3531, 2, -6, 'restock', '2026-04-30 12:05:41', '2026-04-30 12:05:41'),
(3532, 3, -6, 'restock', '2026-04-30 12:05:41', '2026-04-30 12:05:41'),
(3533, 4, -6, 'restock', '2026-04-30 12:05:41', '2026-04-30 12:05:41'),
(3534, 5, -6, 'restock', '2026-04-30 12:05:41', '2026-04-30 12:05:41'),
(3535, 13, -6, 'restock', '2026-04-30 12:05:41', '2026-04-30 12:05:41'),
(3536, 24, -6, 'restock', '2026-04-30 12:05:41', '2026-04-30 12:05:41'),
(3537, 1, -6, 'restock', '2026-04-30 12:06:20', '2026-04-30 12:06:20'),
(3538, 2, -6, 'restock', '2026-04-30 12:06:20', '2026-04-30 12:06:20'),
(3539, 3, -6, 'restock', '2026-04-30 12:06:20', '2026-04-30 12:06:20'),
(3540, 4, -6, 'restock', '2026-04-30 12:06:20', '2026-04-30 12:06:20'),
(3541, 5, -6, 'restock', '2026-04-30 12:06:20', '2026-04-30 12:06:20'),
(3542, 13, -6, 'restock', '2026-04-30 12:06:20', '2026-04-30 12:06:20'),
(3543, 23, -6, 'restock', '2026-04-30 12:06:20', '2026-04-30 12:06:20'),
(3544, 1, -10, 'restock', '2026-04-30 12:06:52', '2026-04-30 12:06:52'),
(3545, 2, -10, 'restock', '2026-04-30 12:06:52', '2026-04-30 12:06:52'),
(3546, 3, -10, 'restock', '2026-04-30 12:06:52', '2026-04-30 12:06:52'),
(3547, 4, -10, 'restock', '2026-04-30 12:06:52', '2026-04-30 12:06:52'),
(3548, 5, -10, 'restock', '2026-04-30 12:06:52', '2026-04-30 12:06:52'),
(3549, 29, -10, 'restock', '2026-04-30 12:06:52', '2026-04-30 12:06:52'),
(3550, 9, -10, 'restock', '2026-04-30 12:06:52', '2026-04-30 12:06:52'),
(3551, 41, -10, 'restock', '2026-04-30 12:06:52', '2026-04-30 12:06:52'),
(3552, 1, -5, 'restock', '2026-04-30 12:07:06', '2026-04-30 12:07:06'),
(3553, 2, -5, 'restock', '2026-04-30 12:07:06', '2026-04-30 12:07:06'),
(3554, 3, -5, 'restock', '2026-04-30 12:07:06', '2026-04-30 12:07:06'),
(3555, 4, -5, 'restock', '2026-04-30 12:07:06', '2026-04-30 12:07:06'),
(3556, 5, -5, 'restock', '2026-04-30 12:07:06', '2026-04-30 12:07:06'),
(3557, 30, -5, 'restock', '2026-04-30 12:07:06', '2026-04-30 12:07:06'),
(3558, 8, -5, 'restock', '2026-04-30 12:07:06', '2026-04-30 12:07:06'),
(3559, 9, -5, 'restock', '2026-04-30 12:07:06', '2026-04-30 12:07:06'),
(3560, 1, -10, 'restock', '2026-04-30 12:07:18', '2026-04-30 12:07:18'),
(3561, 2, -10, 'restock', '2026-04-30 12:07:18', '2026-04-30 12:07:18'),
(3562, 3, -10, 'restock', '2026-04-30 12:07:18', '2026-04-30 12:07:18'),
(3563, 4, -10, 'restock', '2026-04-30 12:07:18', '2026-04-30 12:07:18'),
(3564, 5, -10, 'restock', '2026-04-30 12:07:18', '2026-04-30 12:07:18'),
(3565, 9, -10, 'restock', '2026-04-30 12:07:18', '2026-04-30 12:07:18'),
(3566, 10, -10, 'restock', '2026-04-30 12:07:18', '2026-04-30 12:07:18'),
(3567, 1, -5, 'restock', '2026-04-30 12:08:10', '2026-04-30 12:08:10'),
(3568, 2, -5, 'restock', '2026-04-30 12:08:10', '2026-04-30 12:08:10'),
(3569, 3, -5, 'restock', '2026-04-30 12:08:10', '2026-04-30 12:08:10'),
(3570, 4, -5, 'restock', '2026-04-30 12:08:10', '2026-04-30 12:08:10'),
(3571, 5, -5, 'restock', '2026-04-30 12:08:10', '2026-04-30 12:08:10'),
(3572, 6, -5, 'restock', '2026-04-30 12:08:10', '2026-04-30 12:08:10'),
(3573, 31, -5, 'restock', '2026-04-30 12:08:20', '2026-04-30 12:08:20'),
(3574, 32, -5, 'restock', '2026-04-30 12:08:20', '2026-04-30 12:08:20'),
(3575, 33, -5, 'restock', '2026-04-30 12:08:20', '2026-04-30 12:08:20'),
(3576, 34, -5, 'restock', '2026-04-30 12:08:20', '2026-04-30 12:08:20'),
(3577, 31, -5, 'restock', '2026-04-30 12:08:39', '2026-04-30 12:08:39'),
(3578, 35, -5, 'restock', '2026-04-30 12:08:39', '2026-04-30 12:08:39'),
(3579, 33, -5, 'restock', '2026-04-30 12:08:39', '2026-04-30 12:08:39'),
(3580, 36, -5, 'restock', '2026-04-30 12:08:39', '2026-04-30 12:08:39'),
(3581, 1, -10, 'restock', '2026-04-30 12:08:48', '2026-04-30 12:08:48'),
(3582, 2, -10, 'restock', '2026-04-30 12:08:48', '2026-04-30 12:08:48'),
(3583, 3, -10, 'restock', '2026-04-30 12:08:48', '2026-04-30 12:08:48'),
(3584, 4, -10, 'restock', '2026-04-30 12:08:48', '2026-04-30 12:08:48'),
(3585, 5, -10, 'restock', '2026-04-30 12:08:48', '2026-04-30 12:08:48'),
(3586, 1, -6, 'restock', '2026-04-30 12:08:59', '2026-04-30 12:08:59'),
(3587, 2, -6, 'restock', '2026-04-30 12:08:59', '2026-04-30 12:08:59'),
(3588, 3, -6, 'restock', '2026-04-30 12:08:59', '2026-04-30 12:08:59'),
(3589, 4, -6, 'restock', '2026-04-30 12:08:59', '2026-04-30 12:08:59'),
(3590, 5, -6, 'restock', '2026-04-30 12:08:59', '2026-04-30 12:08:59'),
(3591, 25, -6, 'restock', '2026-04-30 12:08:59', '2026-04-30 12:08:59'),
(3592, 6, -6, 'restock', '2026-04-30 12:08:59', '2026-04-30 12:08:59'),
(3593, 1, -6, 'restock', '2026-04-30 12:09:10', '2026-04-30 12:09:10'),
(3594, 2, -6, 'restock', '2026-04-30 12:09:10', '2026-04-30 12:09:10'),
(3595, 3, -6, 'restock', '2026-04-30 12:09:10', '2026-04-30 12:09:10'),
(3596, 4, -6, 'restock', '2026-04-30 12:09:10', '2026-04-30 12:09:10'),
(3597, 5, -6, 'restock', '2026-04-30 12:09:10', '2026-04-30 12:09:10'),
(3598, 14, -6, 'restock', '2026-04-30 12:09:10', '2026-04-30 12:09:10'),
(3599, 15, -6, 'restock', '2026-04-30 12:09:10', '2026-04-30 12:09:10'),
(3600, 11, -6, 'restock', '2026-04-30 12:09:10', '2026-04-30 12:09:10'),
(3601, 1, -6, 'restock', '2026-04-30 12:09:20', '2026-04-30 12:09:20'),
(3602, 2, -6, 'restock', '2026-04-30 12:09:20', '2026-04-30 12:09:20'),
(3603, 3, -6, 'restock', '2026-04-30 12:09:20', '2026-04-30 12:09:20'),
(3604, 4, -6, 'restock', '2026-04-30 12:09:20', '2026-04-30 12:09:20'),
(3605, 5, -6, 'restock', '2026-04-30 12:09:20', '2026-04-30 12:09:20'),
(3606, 11, -6, 'restock', '2026-04-30 12:09:20', '2026-04-30 12:09:20'),
(3607, 20, -6, 'restock', '2026-04-30 12:09:20', '2026-04-30 12:09:20'),
(3608, 13, -6, 'restock', '2026-04-30 12:09:20', '2026-04-30 12:09:20'),
(3609, 9, -6, 'restock', '2026-04-30 12:09:20', '2026-04-30 12:09:20'),
(3610, 10, -6, 'restock', '2026-04-30 12:09:20', '2026-04-30 12:09:20'),
(3611, 1, -6, 'restock', '2026-04-30 12:09:30', '2026-04-30 12:09:30'),
(3612, 2, -6, 'restock', '2026-04-30 12:09:30', '2026-04-30 12:09:30'),
(3613, 3, -6, 'restock', '2026-04-30 12:09:30', '2026-04-30 12:09:30');
INSERT INTO `raw_item_stock_history` (`history_id`, `raw_id`, `stock_change`, `reason`, `date_updated`, `created_at`) VALUES
(3614, 4, -6, 'restock', '2026-04-30 12:09:30', '2026-04-30 12:09:30'),
(3615, 5, -6, 'restock', '2026-04-30 12:09:30', '2026-04-30 12:09:30'),
(3616, 13, -6, 'restock', '2026-04-30 12:09:30', '2026-04-30 12:09:30'),
(3617, 8, -6, 'restock', '2026-04-30 12:09:30', '2026-04-30 12:09:30'),
(3618, 37, -5, 'restock', '2026-04-30 12:09:44', '2026-04-30 12:09:44'),
(3619, 38, -5, 'restock', '2026-04-30 12:09:44', '2026-04-30 12:09:44'),
(3620, 39, -5, 'restock', '2026-04-30 12:09:44', '2026-04-30 12:09:44'),
(3621, 40, -5, 'restock', '2026-04-30 12:09:44', '2026-04-30 12:09:44'),
(3622, 41, -5, 'restock', '2026-04-30 12:09:44', '2026-04-30 12:09:44'),
(3623, 1, -5, 'restock', '2026-04-30 12:09:54', '2026-04-30 12:09:54'),
(3624, 2, -5, 'restock', '2026-04-30 12:09:54', '2026-04-30 12:09:54'),
(3625, 3, -5, 'restock', '2026-04-30 12:09:54', '2026-04-30 12:09:54'),
(3626, 4, -5, 'restock', '2026-04-30 12:09:54', '2026-04-30 12:09:54'),
(3627, 5, -5, 'restock', '2026-04-30 12:09:54', '2026-04-30 12:09:54'),
(3628, 42, -5, 'restock', '2026-04-30 12:09:54', '2026-04-30 12:09:54'),
(3629, 43, -5, 'restock', '2026-04-30 12:09:54', '2026-04-30 12:09:54'),
(3630, 1, -10, 'restock', '2026-04-30 12:10:06', '2026-04-30 12:10:06'),
(3631, 2, -10, 'restock', '2026-04-30 12:10:06', '2026-04-30 12:10:06'),
(3632, 3, -10, 'restock', '2026-04-30 12:10:06', '2026-04-30 12:10:06'),
(3633, 4, -10, 'restock', '2026-04-30 12:10:06', '2026-04-30 12:10:06'),
(3634, 5, -10, 'restock', '2026-04-30 12:10:06', '2026-04-30 12:10:06'),
(3635, 44, -10, 'restock', '2026-04-30 12:10:06', '2026-04-30 12:10:06'),
(3636, 43, -10, 'restock', '2026-04-30 12:10:06', '2026-04-30 12:10:06'),
(3637, 1, -10, 'restock', '2026-04-30 12:10:16', '2026-04-30 12:10:16'),
(3638, 2, -10, 'restock', '2026-04-30 12:10:16', '2026-04-30 12:10:16'),
(3639, 3, -10, 'restock', '2026-04-30 12:10:16', '2026-04-30 12:10:16'),
(3640, 4, -10, 'restock', '2026-04-30 12:10:16', '2026-04-30 12:10:16'),
(3641, 5, -10, 'restock', '2026-04-30 12:10:16', '2026-04-30 12:10:16'),
(3642, 44, -10, 'restock', '2026-04-30 12:10:16', '2026-04-30 12:10:16'),
(3643, 45, -10, 'restock', '2026-04-30 12:10:16', '2026-04-30 12:10:16'),
(3644, 1, -10, 'restock', '2026-04-30 12:10:28', '2026-04-30 12:10:28'),
(3645, 2, -10, 'restock', '2026-04-30 12:10:28', '2026-04-30 12:10:28'),
(3646, 3, -10, 'restock', '2026-04-30 12:10:28', '2026-04-30 12:10:28'),
(3647, 4, -10, 'restock', '2026-04-30 12:10:28', '2026-04-30 12:10:28'),
(3648, 5, -10, 'restock', '2026-04-30 12:10:28', '2026-04-30 12:10:28'),
(3649, 46, -10, 'restock', '2026-04-30 12:10:28', '2026-04-30 12:10:28'),
(3650, 45, -10, 'restock', '2026-04-30 12:10:28', '2026-04-30 12:10:28'),
(3651, 1, -10, 'restock', '2026-04-30 12:10:39', '2026-04-30 12:10:39'),
(3652, 2, -10, 'restock', '2026-04-30 12:10:39', '2026-04-30 12:10:39'),
(3653, 3, -10, 'restock', '2026-04-30 12:10:39', '2026-04-30 12:10:39'),
(3654, 4, -10, 'restock', '2026-04-30 12:10:39', '2026-04-30 12:10:39'),
(3655, 5, -10, 'restock', '2026-04-30 12:10:39', '2026-04-30 12:10:39'),
(3656, 47, -10, 'restock', '2026-04-30 12:10:39', '2026-04-30 12:10:39'),
(3657, 1, -10, 'restock', '2026-04-30 12:10:59', '2026-04-30 12:10:59'),
(3658, 48, -10, 'restock', '2026-04-30 12:10:59', '2026-04-30 12:10:59'),
(3659, 9, -10, 'restock', '2026-04-30 12:10:59', '2026-04-30 12:10:59'),
(3660, 1, -5, 'restock', '2026-04-30 12:11:07', '2026-04-30 12:11:07'),
(3661, 11, -5, 'restock', '2026-04-30 12:11:07', '2026-04-30 12:11:07'),
(3662, 2, -5, 'restock', '2026-04-30 12:11:07', '2026-04-30 12:11:07'),
(3663, 3, -5, 'restock', '2026-04-30 12:11:07', '2026-04-30 12:11:07'),
(3664, 4, -5, 'restock', '2026-04-30 12:11:07', '2026-04-30 12:11:07'),
(3665, 5, -5, 'restock', '2026-04-30 12:11:07', '2026-04-30 12:11:07'),
(3666, 12, -5, 'restock', '2026-04-30 12:11:07', '2026-04-30 12:11:07'),
(3667, 9, -5, 'restock', '2026-04-30 12:11:07', '2026-04-30 12:11:07'),
(3668, 10, -5, 'restock', '2026-04-30 12:11:07', '2026-04-30 12:11:07'),
(3669, 1, -5, 'restock', '2026-04-30 12:11:15', '2026-04-30 12:11:15'),
(3670, 2, -5, 'restock', '2026-04-30 12:11:15', '2026-04-30 12:11:15'),
(3671, 3, -5, 'restock', '2026-04-30 12:11:15', '2026-04-30 12:11:15'),
(3672, 4, -5, 'restock', '2026-04-30 12:11:15', '2026-04-30 12:11:15'),
(3673, 5, -5, 'restock', '2026-04-30 12:11:15', '2026-04-30 12:11:15'),
(3674, 6, -5, 'restock', '2026-04-30 12:11:15', '2026-04-30 12:11:15'),
(3675, 7, -5, 'restock', '2026-04-30 12:11:15', '2026-04-30 12:11:15'),
(3676, 8, -5, 'restock', '2026-04-30 12:11:15', '2026-04-30 12:11:15'),
(3677, 9, -5, 'restock', '2026-04-30 12:11:15', '2026-04-30 12:11:15'),
(3678, 10, -5, 'restock', '2026-04-30 12:11:15', '2026-04-30 12:11:15'),
(3679, 1, -20, 'restock', '2026-04-30 12:11:22', '2026-04-30 12:11:22'),
(3680, 2, -20, 'restock', '2026-04-30 12:11:22', '2026-04-30 12:11:22'),
(3681, 3, -20, 'restock', '2026-04-30 12:11:22', '2026-04-30 12:11:22'),
(3682, 4, -20, 'restock', '2026-04-30 12:11:22', '2026-04-30 12:11:22'),
(3683, 8, -20, 'restock', '2026-04-30 12:11:22', '2026-04-30 12:11:22'),
(3684, 9, -20, 'restock', '2026-04-30 12:11:22', '2026-04-30 12:11:22'),
(3685, 10, -20, 'restock', '2026-04-30 12:11:22', '2026-04-30 12:11:22'),
(3686, 1, -20, 'restock', '2026-04-30 12:11:31', '2026-04-30 12:11:31'),
(3687, 2, -20, 'restock', '2026-04-30 12:11:31', '2026-04-30 12:11:31'),
(3688, 3, -20, 'restock', '2026-04-30 12:11:31', '2026-04-30 12:11:31'),
(3689, 4, -20, 'restock', '2026-04-30 12:11:31', '2026-04-30 12:11:31'),
(3690, 5, -20, 'restock', '2026-04-30 12:11:31', '2026-04-30 12:11:31'),
(3691, 13, -20, 'restock', '2026-04-30 12:11:31', '2026-04-30 12:11:31'),
(3692, 1, -10, 'restock', '2026-04-30 12:11:39', '2026-04-30 12:11:39'),
(3693, 2, -10, 'restock', '2026-04-30 12:11:39', '2026-04-30 12:11:39'),
(3694, 3, -10, 'restock', '2026-04-30 12:11:39', '2026-04-30 12:11:39'),
(3695, 4, -10, 'restock', '2026-04-30 12:11:39', '2026-04-30 12:11:39'),
(3696, 5, -10, 'restock', '2026-04-30 12:11:39', '2026-04-30 12:11:39'),
(3697, 9, -10, 'restock', '2026-04-30 12:11:39', '2026-04-30 12:11:39'),
(3698, 1, -10, 'restock', '2026-04-30 12:11:47', '2026-04-30 12:11:47'),
(3699, 4, -10, 'restock', '2026-04-30 12:11:47', '2026-04-30 12:11:47'),
(3700, 2, -10, 'restock', '2026-04-30 12:11:47', '2026-04-30 12:11:47'),
(3701, 9, -10, 'restock', '2026-04-30 12:11:47', '2026-04-30 12:11:47'),
(3702, 1, -10, 'restock', '2026-04-30 12:11:54', '2026-04-30 12:11:54'),
(3703, 2, -10, 'restock', '2026-04-30 12:11:54', '2026-04-30 12:11:54'),
(3704, 3, -10, 'restock', '2026-04-30 12:11:54', '2026-04-30 12:11:54'),
(3705, 4, -10, 'restock', '2026-04-30 12:11:54', '2026-04-30 12:11:54'),
(3706, 5, -10, 'restock', '2026-04-30 12:11:54', '2026-04-30 12:11:54'),
(3707, 20, -10, 'restock', '2026-04-30 12:11:54', '2026-04-30 12:11:54'),
(3708, 13, -10, 'restock', '2026-04-30 12:11:54', '2026-04-30 12:11:54'),
(3709, 1, -10, 'restock', '2026-04-30 12:12:01', '2026-04-30 12:12:01'),
(3710, 19, -10, 'restock', '2026-04-30 12:12:01', '2026-04-30 12:12:01'),
(3711, 2, -10, 'restock', '2026-04-30 12:12:01', '2026-04-30 12:12:01'),
(3712, 3, -10, 'restock', '2026-04-30 12:12:01', '2026-04-30 12:12:01'),
(3713, 4, -10, 'restock', '2026-04-30 12:12:01', '2026-04-30 12:12:01'),
(3714, 5, -10, 'restock', '2026-04-30 12:12:01', '2026-04-30 12:12:01'),
(3715, 6, -10, 'restock', '2026-04-30 12:12:01', '2026-04-30 12:12:01'),
(3716, 1, -6, 'restock', '2026-04-30 12:12:10', '2026-04-30 12:12:10'),
(3717, 11, -6, 'restock', '2026-04-30 12:12:10', '2026-04-30 12:12:10'),
(3718, 2, -6, 'restock', '2026-04-30 12:12:10', '2026-04-30 12:12:10'),
(3719, 3, -6, 'restock', '2026-04-30 12:12:10', '2026-04-30 12:12:10'),
(3720, 4, -6, 'restock', '2026-04-30 12:12:10', '2026-04-30 12:12:10'),
(3721, 5, -6, 'restock', '2026-04-30 12:12:10', '2026-04-30 12:12:10'),
(3722, 12, -6, 'restock', '2026-04-30 12:12:10', '2026-04-30 12:12:10'),
(3723, 9, -6, 'restock', '2026-04-30 12:12:10', '2026-04-30 12:12:10'),
(3724, 10, -6, 'restock', '2026-04-30 12:12:10', '2026-04-30 12:12:10'),
(3725, 1, -10, 'restock', '2026-04-30 12:12:21', '2026-04-30 12:12:21'),
(3726, 4, -10, 'restock', '2026-04-30 12:12:21', '2026-04-30 12:12:21'),
(3727, 2, -10, 'restock', '2026-04-30 12:12:21', '2026-04-30 12:12:21'),
(3728, 3, -10, 'restock', '2026-04-30 12:12:21', '2026-04-30 12:12:21'),
(3729, 5, -10, 'restock', '2026-04-30 12:12:21', '2026-04-30 12:12:21'),
(3730, 9, -10, 'restock', '2026-04-30 12:12:21', '2026-04-30 12:12:21'),
(3731, 10, -10, 'restock', '2026-04-30 12:12:21', '2026-04-30 12:12:21'),
(3732, 1, -5, 'restock', '2026-04-30 12:12:28', '2026-04-30 12:12:28'),
(3733, 10, -5, 'restock', '2026-04-30 12:12:28', '2026-04-30 12:12:28'),
(3734, 1, -6, 'restock', '2026-04-30 12:12:36', '2026-04-30 12:12:36'),
(3735, 2, -6, 'restock', '2026-04-30 12:12:36', '2026-04-30 12:12:36'),
(3736, 3, -6, 'restock', '2026-04-30 12:12:36', '2026-04-30 12:12:36'),
(3737, 4, -6, 'restock', '2026-04-30 12:12:36', '2026-04-30 12:12:36'),
(3738, 5, -6, 'restock', '2026-04-30 12:12:36', '2026-04-30 12:12:36'),
(3739, 6, -6, 'restock', '2026-04-30 12:12:36', '2026-04-30 12:12:36'),
(3740, 7, -6, 'restock', '2026-04-30 12:12:36', '2026-04-30 12:12:36'),
(3741, 8, -6, 'restock', '2026-04-30 12:12:36', '2026-04-30 12:12:36'),
(3742, 9, -6, 'restock', '2026-04-30 12:12:36', '2026-04-30 12:12:36'),
(3743, 10, -6, 'restock', '2026-04-30 12:12:36', '2026-04-30 12:12:36');

-- --------------------------------------------------------

--
-- Table structure for table `users`
--

CREATE TABLE `users` (
  `users_id` int(11) NOT NULL,
  `fullname` varchar(100) NOT NULL,
  `email` varchar(100) NOT NULL,
  `password` varchar(100) NOT NULL,
  `role` enum('customer','admin','superadmin') DEFAULT 'superadmin',
  `created_at` timestamp NOT NULL DEFAULT current_timestamp(),
  `phone` varchar(100) NOT NULL,
  `profile_image` varchar(255) DEFAULT NULL,
  `otp_code` varchar(6) DEFAULT NULL,
  `otp_expiry` datetime DEFAULT NULL
) ENGINE=InnoDB DEFAULT CHARSET=utf8mb4 COLLATE=utf8mb4_general_ci;

--
-- Dumping data for table `users`
--

INSERT INTO `users` (`users_id`, `fullname`, `email`, `password`, `role`, `created_at`, `phone`, `profile_image`, `otp_code`, `otp_expiry`) VALUES
(1, 'Rachel Ng Ker Xin', 'rngkxxx@gmail.com', '$2y$10$X058qHoKO2CZGrbzqTrIcerDZK8lNBsnN9YFM43SGS2kc8drntJlC', 'superadmin', '2025-09-01 16:02:20', '0173930450', NULL, NULL, NULL),
(4, '夏正男', 'zhengnan@gmail.com', '$2y$10$9jIL3pjD/bdSWVHUmxvyuOlCxyaIsDKHV0hvMZKfAq9yb7O9K70/S', 'admin', '2026-03-28 07:29:25', '0173930450', '1774708394_060828381f30e9247629e9d441086e061c95f742.jpg', NULL, NULL),
(124, 'Jimmy O Young', 'jimmy@gmail.com', '$2y$10$aU4g5NIt5lijKW1MKQUXyuP2laBv2o/GZbIuAXnHO50pKhhmJQmRG', 'customer', '2025-11-25 01:45:10', '+60173930450', '1764035936_649195_v9_ba.jpg', NULL, NULL),
(130, 'Krishnamoorthy', 'krishna@gmail.com', '$2y$10$aMj0W1o35qmerGaED6/te.q4x0jPJI09.BJODgHRSIS/2S38HOZ0q', 'customer', '2025-11-28 03:46:55', '0127376077', NULL, NULL, NULL),
(132, 'Dennis Ng Haung Ee', 'Dennis.Ng.Haung.Ee@gmail.com', '$2y$10$Pw4RVXm4jx/kVd5a.vSXL.JnZ98UEgWAKYITXUm4ZJR6fbD1.WsO6', 'customer', '2026-01-22 08:52:36', '0124882106', NULL, NULL, NULL),
(133, 'Ronny Lee', 'ronnylee@gmail.com', '$2y$10$pfayeyQJJkAI1WkZknkF0eFowxxoAod1HyZMzBxyls3KH/kO8Dsju', 'customer', '2026-01-22 08:58:28', '0124882106', NULL, NULL, NULL),
(135, '陈易朴', 'chenyipu@gmail.com', '$2y$10$i7w5Etd6W7KOexMLKQyjd.Id7QttZPKsOSG2RJdiXIR3yLBN.uLxi', 'customer', '2026-03-27 13:15:11', '0173930450', '1777521099_Screenshot 2026-04-27 130250.png', NULL, NULL),
(136, '徐丹萍', 'danping@gmail.com', '$2y$10$/9W8bsBJ.PIjISyOS7MivOhkp2XiZPX.YlQ0QyzYVDTVvy6pnBi4W', 'customer', '2026-03-27 16:56:41', '0173930450', '1777132479_Screenshot 2026-04-19 174529.png', NULL, NULL),
(139, '张文燕', 'wenyan@gmail.com', '$2y$10$0Srje52f.uD9XePL8q7KD.jct7OGetlDfPuqz.mKUMBDzfmWa9soW', 'customer', '2026-03-28 15:46:09', '0173930450', '1774712918_Screenshot 2026-03-28 234821.png', NULL, NULL),
(141, 'Vimala Doraisamy ', 'vimala.doraisamy@gmail.com', '$2y$10$Ezxefm6uT/Vf5DUwoINkK.GRO3a8ezIi9KcCC3g5E7ZN4yLq1IwlK', 'customer', '2026-04-01 02:29:21', '0134231126', NULL, NULL, NULL),
(142, 'Lucas Cheng', 'lucascheng@gmail.com', '$2y$10$a1LomKIEATObMY9.C8T6Wel8cAOJ9mrQBVZ7/y2wYt/f.P2u/OzzC', 'customer', '2026-04-01 05:33:14', '0173930450', NULL, NULL, NULL),
(143, 'Cooper Chan', 'cooperchankp80@gmail.com', '$2y$10$Nwu/Hj7owqSmTPgjD94ySuZJgij.8yEUzAfshDbZXRWPgB0lCNBn.', 'customer', '2026-04-10 12:32:28', '0127889032', '1775827029_WhatsApp Image 2026-04-10 at 21.07.33.jpeg', NULL, NULL),
(144, 'Pauline Yeoh', 'paulineyeoh57@gmail.com', '$2y$10$X2gPW6r97/MR61ggDQd9oOhD7RMFAfs/.Qx776OFxm7VcuIrudN8q', 'customer', '2026-04-10 13:04:22', '0164536777', '1775826976_WhatsApp Image 2026-04-10 at 21.10.41.jpeg', NULL, NULL),
(145, 'Yeoh Shin Ger', 'shinger@gmail.com', '$2y$10$1nAtuYIxfSci02jxJBeUHODdWM/tZ/PyJDyc1nfB9/1mYjUKmtyti', 'customer', '2026-04-17 14:04:47', '0184606287', '1777032639_WhatsApp Image 2026-04-17 at 22.15.29.jpeg', NULL, NULL),
(146, '苏美容', 'soomayyong@gmail.com', '$2y$10$aQVseWc1l/DNlNgFvHznE.viLsckeDFRpBeWAQY1JBRU4XWUuYZNa', 'customer', '2026-05-02 09:34:08', '0123456789', NULL, NULL, NULL),
(147, 'Rachel Ng Ker Xin', 'rachel.ng.ker.xin@gmail.com', '$2y$10$Efp2JWKA0SA1KmNICWUJpeKC2L0JjCASjWkcjk6iY.dzu65qksZYe', 'admin', '2026-05-04 06:38:14', '0173930450', '1777897515_Screenshot 2026-05-04 202500.png', NULL, NULL),
(148, 'Lee Chao Yang', 'leechaoyang@gmail.com', '$2y$10$WDI/fojTNp3RpBwSxnojMuFhTa0bYSZKs./uqBcuZkhrBy3mPzynC', 'admin', '2026-05-04 06:39:13', '0173930450', '1777897623_3oP6mR_5c.jpg', NULL, NULL);

--
-- Indexes for dumped tables
--

--
-- Indexes for table `audit_logs`
--
ALTER TABLE `audit_logs`
  ADD PRIMARY KEY (`log_id`);

--
-- Indexes for table `cart`
--
ALTER TABLE `cart`
  ADD PRIMARY KEY (`cart_id`),
  ADD KEY `users_id` (`users_id`),
  ADD KEY `products_id` (`products_id`);

--
-- Indexes for table `customer_payments`
--
ALTER TABLE `customer_payments`
  ADD PRIMARY KEY (`payment_id`),
  ADD KEY `fk_customer_payments_order` (`order_id`),
  ADD KEY `fk_customer_paymnts_users` (`users_id`);

--
-- Indexes for table `messages`
--
ALTER TABLE `messages`
  ADD PRIMARY KEY (`users_id`);

--
-- Indexes for table `orders`
--
ALTER TABLE `orders`
  ADD PRIMARY KEY (`order_id`),
  ADD KEY `users_id` (`users_id`);

--
-- Indexes for table `order_items`
--
ALTER TABLE `order_items`
  ADD PRIMARY KEY (`order_item_id`),
  ADD KEY `order_id` (`order_id`),
  ADD KEY `products_id` (`products_id`);

--
-- Indexes for table `products`
--
ALTER TABLE `products`
  ADD PRIMARY KEY (`products_id`);

--
-- Indexes for table `product_recipes`
--
ALTER TABLE `product_recipes`
  ADD PRIMARY KEY (`recipe_id`),
  ADD KEY `products_id` (`products_id`),
  ADD KEY `raw_id` (`raw_id`);

--
-- Indexes for table `product_stock`
--
ALTER TABLE `product_stock`
  ADD PRIMARY KEY (`stock_id`),
  ADD KEY `products_id` (`products_id`);

--
-- Indexes for table `raw_items`
--
ALTER TABLE `raw_items`
  ADD PRIMARY KEY (`raw_id`);

--
-- Indexes for table `raw_item_stock_history`
--
ALTER TABLE `raw_item_stock_history`
  ADD PRIMARY KEY (`history_id`),
  ADD KEY `raw_id` (`raw_id`);

--
-- Indexes for table `users`
--
ALTER TABLE `users`
  ADD PRIMARY KEY (`users_id`),
  ADD UNIQUE KEY `email` (`email`);

--
-- AUTO_INCREMENT for dumped tables
--

--
-- AUTO_INCREMENT for table `audit_logs`
--
ALTER TABLE `audit_logs`
  MODIFY `log_id` int(11) NOT NULL AUTO_INCREMENT, AUTO_INCREMENT=52;

--
-- AUTO_INCREMENT for table `cart`
--
ALTER TABLE `cart`
  MODIFY `cart_id` int(11) NOT NULL AUTO_INCREMENT, AUTO_INCREMENT=793;

--
-- AUTO_INCREMENT for table `customer_payments`
--
ALTER TABLE `customer_payments`
  MODIFY `payment_id` int(11) NOT NULL AUTO_INCREMENT, AUTO_INCREMENT=300;

--
-- AUTO_INCREMENT for table `messages`
--
ALTER TABLE `messages`
  MODIFY `users_id` int(11) NOT NULL AUTO_INCREMENT, AUTO_INCREMENT=48;

--
-- AUTO_INCREMENT for table `orders`
--
ALTER TABLE `orders`
  MODIFY `order_id` int(11) NOT NULL AUTO_INCREMENT, AUTO_INCREMENT=449;

--
-- AUTO_INCREMENT for table `order_items`
--
ALTER TABLE `order_items`
  MODIFY `order_item_id` int(11) NOT NULL AUTO_INCREMENT, AUTO_INCREMENT=891;

--
-- AUTO_INCREMENT for table `products`
--
ALTER TABLE `products`
  MODIFY `products_id` int(11) NOT NULL AUTO_INCREMENT, AUTO_INCREMENT=90;

--
-- AUTO_INCREMENT for table `product_recipes`
--
ALTER TABLE `product_recipes`
  MODIFY `recipe_id` int(11) NOT NULL AUTO_INCREMENT, AUTO_INCREMENT=484;

--
-- AUTO_INCREMENT for table `product_stock`
--
ALTER TABLE `product_stock`
  MODIFY `stock_id` int(11) NOT NULL AUTO_INCREMENT, AUTO_INCREMENT=281;

--
-- AUTO_INCREMENT for table `raw_items`
--
ALTER TABLE `raw_items`
  MODIFY `raw_id` int(11) NOT NULL AUTO_INCREMENT, AUTO_INCREMENT=62;

--
-- AUTO_INCREMENT for table `raw_item_stock_history`
--
ALTER TABLE `raw_item_stock_history`
  MODIFY `history_id` int(11) NOT NULL AUTO_INCREMENT, AUTO_INCREMENT=3744;

--
-- AUTO_INCREMENT for table `users`
--
ALTER TABLE `users`
  MODIFY `users_id` int(11) NOT NULL AUTO_INCREMENT, AUTO_INCREMENT=149;

--
-- Constraints for dumped tables
--

--
-- Constraints for table `cart`
--
ALTER TABLE `cart`
  ADD CONSTRAINT `cart_ibfk_1` FOREIGN KEY (`users_id`) REFERENCES `users` (`users_id`) ON DELETE CASCADE,
  ADD CONSTRAINT `cart_ibfk_2` FOREIGN KEY (`products_id`) REFERENCES `products` (`products_id`) ON DELETE CASCADE;

--
-- Constraints for table `customer_payments`
--
ALTER TABLE `customer_payments`
  ADD CONSTRAINT `fk_customer_payments_order` FOREIGN KEY (`order_id`) REFERENCES `orders` (`order_id`) ON DELETE CASCADE ON UPDATE CASCADE,
  ADD CONSTRAINT `fk_customer_paymnts_users` FOREIGN KEY (`users_id`) REFERENCES `users` (`users_id`) ON DELETE CASCADE ON UPDATE CASCADE;

--
-- Constraints for table `orders`
--
ALTER TABLE `orders`
  ADD CONSTRAINT `orders_ibfk_1` FOREIGN KEY (`users_id`) REFERENCES `users` (`users_id`);

--
-- Constraints for table `order_items`
--
ALTER TABLE `order_items`
  ADD CONSTRAINT `order_items_ibfk_1` FOREIGN KEY (`order_id`) REFERENCES `orders` (`order_id`) ON DELETE CASCADE,
  ADD CONSTRAINT `order_items_ibfk_2` FOREIGN KEY (`products_id`) REFERENCES `products` (`products_id`) ON DELETE CASCADE;

--
-- Constraints for table `product_recipes`
--
ALTER TABLE `product_recipes`
  ADD CONSTRAINT `product_recipes_ibfk_1` FOREIGN KEY (`products_id`) REFERENCES `products` (`products_id`) ON DELETE CASCADE,
  ADD CONSTRAINT `product_recipes_ibfk_2` FOREIGN KEY (`raw_id`) REFERENCES `raw_items` (`raw_id`) ON DELETE CASCADE;

--
-- Constraints for table `product_stock`
--
ALTER TABLE `product_stock`
  ADD CONSTRAINT `product_stock_ibfk_1` FOREIGN KEY (`products_id`) REFERENCES `products` (`products_id`) ON DELETE CASCADE;

--
-- Constraints for table `raw_item_stock_history`
--
ALTER TABLE `raw_item_stock_history`
  ADD CONSTRAINT `raw_item_stock_history_ibfk_1` FOREIGN KEY (`raw_id`) REFERENCES `raw_items` (`raw_id`) ON DELETE CASCADE;
COMMIT;

/*!40101 SET CHARACTER_SET_CLIENT=@OLD_CHARACTER_SET_CLIENT */;
/*!40101 SET CHARACTER_SET_RESULTS=@OLD_CHARACTER_SET_RESULTS */;
/*!40101 SET COLLATION_CONNECTION=@OLD_COLLATION_CONNECTION */;
