-- phpMyAdmin SQL Dump
-- version 5.2.1
-- https://www.phpmyadmin.net/
--
-- Host: 127.0.0.1
-- Generation Time: Nov 19, 2025 at 07:34 AM
-- Server version: 10.4.32-MariaDB
-- PHP Version: 8.0.30

SET SQL_MODE = "NO_AUTO_VALUE_ON_ZERO";
START TRANSACTION;
SET time_zone = "+00:00";


/*!40101 SET @OLD_CHARACTER_SET_CLIENT=@@CHARACTER_SET_CLIENT */;
/*!40101 SET @OLD_CHARACTER_SET_RESULTS=@@CHARACTER_SET_RESULTS */;
/*!40101 SET @OLD_COLLATION_CONNECTION=@@COLLATION_CONNECTION */;
/*!40101 SET NAMES utf8mb4 */;

--
-- Database: `maison_sakura`
--

-- --------------------------------------------------------

--
-- Table structure for table `audit_logs`
--

CREATE TABLE `audit_logs` (
  `log_id` int(11) NOT NULL,
  `action` varchar(255) NOT NULL,
  `table_name` varchar(100) DEFAULT NULL,
  `record_id` int(11) DEFAULT NULL,
  `ip_address` varchar(45) DEFAULT NULL,
  `created_at` datetime DEFAULT current_timestamp()
) ENGINE=InnoDB DEFAULT CHARSET=utf8mb4 COLLATE=utf8mb4_general_ci;

--
-- Dumping data for table `audit_logs`
--

INSERT INTO `audit_logs` (`log_id`, `action`, `table_name`, `record_id`, `ip_address`, `created_at`) VALUES
(24, 'Deleted admin ID: 107', 'users', 107, '::1', '2025-10-13 16:27:26'),
(25, 'Added new admin: Chen Lu Yu', 'users', 108, '::1', '2025-10-13 16:27:41'),
(26, 'Added new admin: Ya Han', 'users', 109, '::1', '2025-10-13 16:30:38'),
(27, 'Updated admin: Ya Han', 'users', 109, '::1', '2025-10-13 16:35:11'),
(28, 'Deleted admin ID: 108', 'users', 108, '::1', '2025-10-13 20:34:26'),
(29, 'Deleted admin ID: 89', 'users', 89, '::1', '2025-10-13 20:34:32'),
(30, 'Deleted admin ID: 82', 'users', 82, '::1', '2025-10-28 15:01:43'),
(31, 'Deleted admin ID: 84', 'users', 84, '::1', '2025-10-28 15:01:46'),
(32, 'Updated admin: Mona Ooi ', 'users', 114, '::1', '2025-11-01 23:44:31'),
(33, 'Added new admin: Marcus Ng', 'users', 116, '::1', '2025-11-03 13:17:33'),
(34, 'Updated admin: Marcus ', 'users', 116, '::1', '2025-11-03 13:18:32'),
(35, 'Deleted admin ID: 116', 'users', 116, '::1', '2025-11-03 13:19:01');

-- --------------------------------------------------------

--
-- Table structure for table `cart`
--

CREATE TABLE `cart` (
  `cart_id` int(11) NOT NULL,
  `users_id` int(11) NOT NULL,
  `products_id` int(11) NOT NULL,
  `quantity` int(11) NOT NULL,
  `created_at` timestamp NOT NULL DEFAULT current_timestamp(),
  `discount_percent` decimal(5,2) DEFAULT 0.00
) ENGINE=InnoDB DEFAULT CHARSET=utf8mb4 COLLATE=utf8mb4_general_ci;

--
-- Dumping data for table `cart`
--

INSERT INTO `cart` (`cart_id`, `users_id`, `products_id`, `quantity`, `created_at`, `discount_percent`) VALUES
(295, 112, 46, 1, '2025-11-03 06:32:33', 0.00);

-- --------------------------------------------------------

--
-- Table structure for table `customer_payments`
--

CREATE TABLE `customer_payments` (
  `payment_id` int(11) NOT NULL,
  `order_id` int(11) NOT NULL,
  `users_id` int(11) NOT NULL,
  `payment_method` varchar(50) DEFAULT NULL,
  `amount` decimal(10,2) NOT NULL,
  `payment_status` enum('Payment Success','Received','Cancelled & Refunded') NOT NULL DEFAULT 'Payment Success',
  `ewallet_phone` varchar(20) DEFAULT NULL,
  `ewallet_otp` int(11) DEFAULT NULL,
  `card_number` varchar(20) DEFAULT NULL,
  `card_name` varchar(100) DEFAULT NULL,
  `expiry_month` int(11) DEFAULT NULL,
  `expiry_year` int(11) DEFAULT NULL,
  `cvv` int(11) DEFAULT NULL,
  `created_at` timestamp NOT NULL DEFAULT current_timestamp()
) ENGINE=InnoDB DEFAULT CHARSET=utf8mb4 COLLATE=utf8mb4_general_ci;

--
-- Dumping data for table `customer_payments`
--

INSERT INTO `customer_payments` (`payment_id`, `order_id`, `users_id`, `payment_method`, `amount`, `payment_status`, `ewallet_phone`, `ewallet_otp`, `card_number`, `card_name`, `expiry_month`, `expiry_year`, `cvv`, `created_at`) VALUES
(168, 307, 43, 'Card', 44.00, 'Cancelled & Refunded', NULL, NULL, NULL, NULL, NULL, NULL, NULL, '2025-10-14 01:40:38'),
(169, 308, 43, 'TouchNGo', 7.12, 'Received', NULL, NULL, NULL, NULL, NULL, NULL, NULL, '2025-10-14 02:10:24'),
(170, 309, 43, 'TouchNGo', 7.12, 'Received', NULL, NULL, NULL, NULL, NULL, NULL, NULL, '2025-10-14 02:26:21'),
(171, 310, 51, 'TouchNGo', 3.60, 'Received', NULL, NULL, NULL, NULL, NULL, NULL, NULL, '2025-10-14 03:27:40'),
(172, 311, 51, 'TouchNGo', 7.12, 'Received', NULL, NULL, NULL, NULL, NULL, NULL, NULL, '2025-10-14 03:42:09'),
(173, 312, 22, 'TouchNGo', 118.96, 'Received', NULL, NULL, NULL, NULL, NULL, NULL, NULL, '2025-10-17 01:52:15'),
(174, 313, 64, 'Card', 7.20, 'Received', NULL, NULL, NULL, NULL, NULL, NULL, NULL, '2025-10-21 12:58:40'),
(175, 314, 112, 'Card', 19.44, 'Received', NULL, NULL, NULL, NULL, NULL, NULL, NULL, '2025-10-27 08:31:22'),
(176, 315, 112, 'Boost', 600.00, 'Received', NULL, NULL, NULL, NULL, NULL, NULL, NULL, '2025-10-27 13:14:39'),
(177, 316, 112, 'GrabPay', 74.56, 'Received', NULL, NULL, NULL, NULL, NULL, NULL, NULL, '2025-10-28 12:14:30'),
(178, 317, 112, 'GrabPay', 44.00, 'Received', NULL, NULL, NULL, NULL, NULL, NULL, NULL, '2025-10-28 12:29:15'),
(179, 318, 112, 'TouchNGo', 58.32, 'Cancelled & Refunded', NULL, NULL, NULL, NULL, NULL, NULL, NULL, '2025-10-31 03:18:01'),
(180, 323, 113, 'GrabPay', 88.00, 'Cancelled & Refunded', NULL, NULL, NULL, NULL, NULL, NULL, NULL, '2025-11-01 15:24:51'),
(181, 324, 113, 'TouchNGo', 12.00, 'Received', NULL, NULL, NULL, NULL, NULL, NULL, NULL, '2025-11-02 11:54:27'),
(182, 325, 113, 'TouchNGo', 44.00, 'Cancelled & Refunded', NULL, NULL, NULL, NULL, NULL, NULL, NULL, '2025-11-02 15:47:19'),
(183, 326, 113, 'TouchNGo', 7.12, 'Received', NULL, NULL, NULL, NULL, NULL, NULL, NULL, '2025-11-02 16:36:53'),
(184, 327, 112, 'TouchNGo', 140.00, 'Received', NULL, NULL, NULL, NULL, NULL, NULL, NULL, '2025-11-03 01:41:19'),
(185, 328, 113, 'Card', 50.96, 'Cancelled & Refunded', NULL, NULL, NULL, NULL, NULL, NULL, NULL, '2025-11-03 01:44:07'),
(186, 329, 113, 'Card', 7.12, 'Cancelled & Refunded', NULL, NULL, NULL, NULL, NULL, NULL, NULL, '2025-11-03 01:46:53'),
(187, 330, 113, 'Card', 7.12, 'Cancelled & Refunded', NULL, NULL, NULL, NULL, NULL, NULL, NULL, '2025-11-03 01:51:23'),
(188, 331, 113, 'Card', 3.60, 'Received', NULL, NULL, NULL, NULL, NULL, NULL, NULL, '2025-11-03 01:53:06'),
(189, 332, 113, 'TouchNGo', 5.20, 'Received', NULL, NULL, NULL, NULL, NULL, NULL, NULL, '2025-11-03 14:25:41'),
(190, 333, 113, 'TouchNGo', 3.60, 'Received', NULL, NULL, NULL, NULL, NULL, NULL, NULL, '2025-11-03 15:17:58'),
(191, 334, 118, 'Card', 68.72, 'Received', NULL, NULL, NULL, NULL, NULL, NULL, NULL, '2025-11-04 01:21:41'),
(192, 335, 113, 'TouchNGo', 7.12, 'Received', NULL, NULL, NULL, NULL, NULL, NULL, NULL, '2025-11-06 12:56:41'),
(193, 336, 113, 'Card', 60.40, 'Received', NULL, NULL, NULL, NULL, NULL, NULL, NULL, '2025-11-13 05:00:52'),
(194, 337, 117, 'Card', 3.60, 'Received', NULL, NULL, NULL, NULL, NULL, NULL, NULL, '2025-11-13 05:07:56'),
(195, 338, 118, 'TouchNGo', 7.12, 'Received', NULL, NULL, NULL, NULL, NULL, NULL, NULL, '2025-11-13 05:20:12'),
(196, 339, 113, 'GrabPay', 7.12, 'Received', NULL, NULL, NULL, NULL, NULL, NULL, NULL, '2025-11-13 05:26:48'),
(197, 341, 118, 'GrabPay', 28.48, 'Received', NULL, NULL, NULL, NULL, NULL, NULL, NULL, '2025-11-13 05:28:22'),
(198, 342, 118, 'TouchNGo', 24.00, 'Received', NULL, NULL, NULL, NULL, NULL, NULL, NULL, '2025-11-13 06:16:58'),
(199, 343, 32, 'GrabPay', 11.60, 'Received', NULL, NULL, NULL, NULL, NULL, NULL, NULL, '2025-11-13 07:41:21'),
(200, 344, 32, 'Card', 33.68, 'Cancelled & Refunded', NULL, NULL, NULL, NULL, NULL, NULL, NULL, '2025-11-14 03:37:47'),
(201, 345, 50, 'TouchNGo', 9.12, 'Cancelled & Refunded', NULL, NULL, NULL, NULL, NULL, NULL, NULL, '2025-11-14 05:02:25'),
(202, 346, 113, 'Card', 70.80, 'Received', NULL, NULL, NULL, NULL, NULL, NULL, NULL, '2025-11-14 07:40:34'),
(203, 347, 117, 'GrabPay', 40.64, 'Payment Success', NULL, NULL, NULL, NULL, NULL, NULL, NULL, '2025-11-14 08:11:29'),
(204, 348, 118, 'GrabPay', 14.24, 'Received', NULL, NULL, NULL, NULL, NULL, NULL, NULL, '2025-11-14 08:21:59'),
(205, 349, 22, 'GrabPay', 44.00, 'Received', NULL, NULL, NULL, NULL, NULL, NULL, NULL, '2025-11-14 08:24:38'),
(206, 350, 43, 'TouchNGo', 776.72, 'Payment Success', NULL, NULL, NULL, NULL, NULL, NULL, NULL, '2025-11-14 13:07:47'),
(207, 352, 32, 'TouchNGo', 10.80, 'Payment Success', NULL, NULL, NULL, NULL, NULL, NULL, NULL, '2025-11-14 13:22:37');

-- --------------------------------------------------------

--
-- Table structure for table `messages`
--

CREATE TABLE `messages` (
  `users_id` int(11) NOT NULL,
  `name` varchar(100) NOT NULL,
  `email` varchar(150) NOT NULL,
  `message` text NOT NULL,
  `created_at` timestamp NOT NULL DEFAULT current_timestamp()
) ENGINE=InnoDB DEFAULT CHARSET=utf8mb4 COLLATE=utf8mb4_general_ci;

--
-- Dumping data for table `messages`
--

INSERT INTO `messages` (`users_id`, `name`, `email`, `message`, `created_at`) VALUES
(36, 'Sophia', 'sophia@gmail.com', 'I have purchase 4 items and collect by 5pm sharp', '2025-10-27 08:33:02'),
(37, 'Sakura', 'rngkxxx@gmail.com', 'I will visit your bakery to collect my product at 12:00pm', '2025-11-01 15:25:38'),
(39, 'Keiko Yamamura', 'Keikokay@gmail.com', 'I will collect my products by 12pm', '2025-11-14 03:39:40'),
(40, 'Sakura', 'sakura123@gmail.com', 'test', '2025-11-14 07:42:21');

-- --------------------------------------------------------

--
-- Table structure for table `orders`
--

CREATE TABLE `orders` (
  `order_id` int(11) NOT NULL,
  `users_id` int(11) NOT NULL,
  `total_price` decimal(10,2) NOT NULL,
  `payment_method` varchar(50) DEFAULT NULL,
  `payment_status` enum('Payment Success','Received','Cancelled & Refunded') NOT NULL DEFAULT 'Payment Success',
  `pickup_date` date NOT NULL,
  `pickup_time` time NOT NULL,
  `created_at` datetime DEFAULT current_timestamp(),
  `cancelled_by` varchar(50) DEFAULT NULL,
  `cancelled_at` datetime DEFAULT NULL
) ENGINE=InnoDB DEFAULT CHARSET=utf8mb4 COLLATE=utf8mb4_general_ci;

--
-- Dumping data for table `orders`
--

INSERT INTO `orders` (`order_id`, `users_id`, `total_price`, `payment_method`, `payment_status`, `pickup_date`, `pickup_time`, `created_at`, `cancelled_by`, `cancelled_at`) VALUES
(307, 43, 44.00, 'Card', 'Cancelled & Refunded', '2025-10-14', '12:00:00', '2025-10-14 09:40:38', 'Eunice Choo', '2025-10-14 04:23:16'),
(308, 43, 7.12, 'TouchNGo', 'Received', '2025-10-14', '12:00:00', '2025-10-14 10:10:24', NULL, NULL),
(309, 43, 7.12, 'TouchNGo', 'Received', '2025-10-14', '12:00:00', '2025-10-14 10:26:21', NULL, NULL),
(310, 51, 3.60, 'TouchNGo', 'Received', '2025-10-14', '12:00:00', '2025-10-14 11:27:40', NULL, NULL),
(311, 51, 7.12, 'TouchNGo', 'Received', '2025-10-14', '12:00:00', '2025-10-14 11:42:09', NULL, NULL),
(312, 22, 118.96, 'TouchNGo', 'Received', '2025-10-17', '12:00:00', '2025-10-17 09:52:15', NULL, NULL),
(313, 64, 7.20, 'Card', 'Received', '2025-10-23', '12:00:00', '2025-10-21 20:58:40', NULL, NULL),
(314, 112, 19.44, 'Card', 'Received', '2025-10-27', '17:00:00', '2025-10-27 16:31:22', NULL, NULL),
(315, 112, 600.00, 'Boost', 'Received', '2025-10-28', '12:00:00', '2025-10-27 21:14:39', NULL, NULL),
(316, 112, 74.56, 'GrabPay', 'Received', '2025-10-29', '12:00:00', '2025-10-28 20:14:30', NULL, NULL),
(317, 112, 44.00, 'GrabPay', 'Received', '2025-10-29', '12:00:00', '2025-10-28 20:29:15', NULL, NULL),
(318, 112, 58.32, 'TouchNGo', 'Cancelled & Refunded', '2025-10-31', '12:00:00', '2025-10-31 11:18:01', 'Miri', '2025-10-31 08:23:26'),
(323, 113, 88.00, 'GrabPay', 'Cancelled & Refunded', '2025-11-02', '12:00:00', '2025-11-01 23:24:51', 'Miri', '2025-11-03 02:39:01'),
(324, 113, 12.00, 'TouchNGo', 'Received', '2025-11-03', '12:00:00', '2025-11-02 19:54:27', NULL, NULL),
(325, 113, 44.00, 'TouchNGo', 'Cancelled & Refunded', '2025-11-03', '12:00:00', '2025-11-02 23:47:19', 'Miri', '2025-11-03 02:38:57'),
(326, 113, 7.12, 'TouchNGo', 'Received', '2025-11-03', '12:00:00', '2025-11-03 00:36:53', NULL, NULL),
(327, 112, 140.00, 'TouchNGo', 'Received', '2025-11-03', '11:00:00', '2025-11-03 09:41:19', NULL, NULL),
(328, 113, 50.96, 'Card', 'Cancelled & Refunded', '2025-11-03', '10:00:00', '2025-11-03 09:44:07', 'Mona Ooi', '2025-11-04 02:22:18'),
(329, 113, 7.12, 'Card', 'Cancelled & Refunded', '2025-11-03', '12:00:00', '2025-11-03 09:46:53', 'Mona Ooi', '2025-11-04 02:22:15'),
(330, 113, 7.12, 'Card', 'Cancelled & Refunded', '2025-11-03', '12:00:00', '2025-11-03 09:51:23', 'Mona Ooi ', '2025-11-03 03:15:34'),
(331, 113, 3.60, 'Card', 'Received', '2025-11-03', '12:00:00', '2025-11-03 09:53:06', NULL, NULL),
(332, 113, 5.20, 'TouchNGo', 'Received', '2025-11-04', '12:00:00', '2025-11-03 22:25:41', NULL, NULL),
(333, 113, 3.60, 'TouchNGo', 'Received', '2025-11-04', '12:00:00', '2025-11-03 23:17:58', NULL, NULL),
(334, 118, 68.72, 'Card', 'Received', '2025-11-04', '10:30:00', '2025-11-04 09:21:41', NULL, NULL),
(335, 113, 7.12, 'TouchNGo', 'Received', '2025-11-07', '12:00:00', '2025-11-06 20:56:41', NULL, NULL),
(336, 113, 60.40, 'Card', 'Received', '2025-11-13', '15:00:00', '2025-11-13 13:00:52', NULL, NULL),
(337, 117, 3.60, 'Card', 'Received', '2025-11-13', '15:00:00', '2025-11-13 13:07:56', NULL, NULL),
(338, 118, 7.12, 'TouchNGo', 'Received', '2025-11-13', '15:00:00', '2025-11-13 13:20:12', NULL, NULL),
(339, 113, 7.12, 'GrabPay', 'Received', '2025-11-13', '15:00:00', '2025-11-13 13:26:48', NULL, NULL),
(341, 118, 28.48, 'GrabPay', 'Received', '2025-11-13', '15:00:00', '2025-11-13 13:28:22', NULL, NULL),
(342, 118, 24.00, 'TouchNGo', 'Received', '2025-11-13', '15:00:00', '2025-11-13 14:16:58', NULL, NULL),
(343, 32, 11.60, 'GrabPay', 'Received', '2025-11-13', '17:00:00', '2025-11-13 15:41:21', NULL, NULL),
(344, 32, 33.68, 'Card', 'Cancelled & Refunded', '2025-11-14', '12:00:00', '2025-11-14 11:37:47', 'tina cheah', '2025-11-14 06:03:18'),
(345, 50, 9.12, 'TouchNGo', 'Cancelled & Refunded', '2025-11-14', '14:00:00', '2025-11-14 13:02:25', 'tina cheah', '2025-11-14 06:03:26'),
(346, 113, 70.80, 'Card', 'Received', '2025-11-14', '19:00:00', '2025-11-14 15:40:34', NULL, NULL),
(347, 117, 40.64, 'GrabPay', 'Payment Success', '2025-11-15', '10:00:00', '2025-11-14 16:11:29', NULL, NULL),
(348, 118, 14.24, 'GrabPay', 'Received', '2025-11-14', '22:00:00', '2025-11-14 16:21:59', NULL, NULL),
(349, 22, 44.00, 'GrabPay', 'Received', '2025-11-14', '21:00:00', '2025-11-14 16:24:38', NULL, NULL),
(350, 43, 776.72, 'TouchNGo', 'Payment Success', '2025-11-15', '09:00:00', '2025-11-14 21:07:47', NULL, NULL),
(352, 32, 10.80, 'TouchNGo', 'Payment Success', '2025-11-14', '22:00:00', '2025-11-14 21:22:37', NULL, NULL);

-- --------------------------------------------------------

--
-- Table structure for table `order_items`
--

CREATE TABLE `order_items` (
  `order_item_id` int(11) NOT NULL,
  `order_id` int(11) NOT NULL,
  `products_id` int(11) NOT NULL,
  `price_original` decimal(10,2) NOT NULL,
  `price_after_discount` decimal(10,2) NOT NULL,
  `quantity` int(11) NOT NULL,
  `price` decimal(10,2) NOT NULL,
  `discount_percent` decimal(5,2) NOT NULL
) ENGINE=InnoDB DEFAULT CHARSET=utf8mb4 COLLATE=utf8mb4_general_ci;

--
-- Dumping data for table `order_items`
--

INSERT INTO `order_items` (`order_item_id`, `order_id`, `products_id`, `price_original`, `price_after_discount`, `quantity`, `price`, `discount_percent`) VALUES
(350, 307, 38, 55.00, 44.00, 1, 0.00, 20.00),
(351, 308, 45, 8.90, 7.12, 1, 0.00, 20.00),
(352, 309, 46, 8.90, 7.12, 1, 0.00, 20.00),
(353, 310, 56, 4.50, 3.60, 1, 0.00, 20.00),
(354, 311, 45, 8.90, 7.12, 1, 0.00, 20.00),
(355, 312, 35, 55.00, 44.00, 1, 0.00, 20.00),
(356, 312, 26, 55.00, 44.00, 1, 0.00, 20.00),
(357, 312, 21, 6.50, 5.20, 1, 0.00, 20.00),
(358, 312, 22, 5.50, 4.40, 1, 0.00, 20.00),
(359, 312, 49, 8.90, 7.12, 1, 0.00, 20.00),
(360, 312, 50, 8.90, 7.12, 1, 0.00, 20.00),
(361, 312, 47, 8.90, 7.12, 1, 0.00, 20.00),
(362, 313, 56, 4.50, 3.60, 2, 0.00, 20.00),
(363, 314, 33, 6.50, 5.20, 1, 0.00, 20.00),
(364, 314, 16, 8.90, 7.12, 1, 0.00, 20.00),
(365, 314, 44, 8.90, 7.12, 1, 0.00, 20.00),
(367, 316, 48, 8.90, 7.12, 1, 0.00, 20.00),
(368, 316, 47, 8.90, 7.12, 1, 0.00, 20.00),
(369, 316, 16, 8.90, 7.12, 1, 0.00, 20.00),
(370, 316, 23, 7.00, 5.60, 1, 0.00, 20.00),
(371, 316, 56, 4.50, 3.60, 1, 0.00, 20.00),
(372, 316, 1, 55.00, 44.00, 1, 0.00, 20.00),
(373, 317, 4, 55.00, 44.00, 1, 0.00, 20.00),
(374, 318, 50, 8.90, 7.12, 1, 0.00, 20.00),
(375, 318, 43, 15.00, 12.00, 1, 0.00, 20.00),
(376, 318, 33, 6.50, 5.20, 1, 0.00, 20.00),
(377, 318, 2, 3.50, 2.80, 1, 0.00, 20.00),
(378, 318, 6, 6.50, 5.20, 3, 0.00, 20.00),
(379, 318, 39, 6.50, 5.20, 3, 0.00, 20.00),
(381, 323, 4, 55.00, 44.00, 1, 0.00, 20.00),
(382, 323, 1, 55.00, 44.00, 1, 0.00, 20.00),
(383, 324, 43, 15.00, 12.00, 1, 0.00, 20.00),
(384, 325, 1, 55.00, 44.00, 1, 0.00, 20.00),
(385, 326, 48, 8.90, 7.12, 1, 0.00, 20.00),
(386, 327, 2, 3.50, 2.80, 1, 0.00, 20.00),
(387, 327, 33, 6.50, 5.20, 1, 0.00, 20.00),
(388, 327, 27, 55.00, 44.00, 1, 0.00, 20.00),
(389, 327, 24, 55.00, 44.00, 1, 0.00, 20.00),
(390, 327, 25, 55.00, 44.00, 1, 0.00, 20.00),
(391, 328, 2, 3.50, 2.80, 2, 0.00, 20.00),
(392, 328, 3, 2.50, 2.00, 1, 0.00, 20.00),
(393, 328, 6, 6.50, 5.20, 2, 0.00, 20.00),
(394, 328, 49, 8.90, 7.12, 1, 0.00, 20.00),
(395, 328, 45, 8.90, 7.12, 1, 0.00, 20.00),
(396, 328, 33, 6.50, 5.20, 1, 0.00, 20.00),
(397, 328, 32, 2.50, 2.00, 1, 0.00, 20.00),
(398, 328, 29, 5.50, 4.40, 1, 0.00, 20.00),
(399, 328, 48, 8.90, 7.12, 1, 0.00, 20.00),
(400, 329, 53, 8.90, 7.12, 1, 0.00, 20.00),
(401, 330, 53, 8.90, 7.12, 1, 0.00, 20.00),
(402, 331, 56, 4.50, 3.60, 1, 0.00, 20.00),
(403, 332, 33, 6.50, 5.20, 1, 0.00, 20.00),
(404, 333, 56, 4.50, 3.60, 1, 0.00, 20.00),
(405, 334, 3, 2.50, 2.00, 1, 0.00, 20.00),
(406, 334, 47, 8.90, 7.12, 2, 0.00, 20.00),
(407, 334, 41, 15.00, 12.00, 1, 0.00, 20.00),
(408, 334, 40, 15.00, 12.00, 1, 0.00, 20.00),
(409, 334, 49, 8.90, 7.12, 2, 0.00, 20.00),
(410, 334, 48, 8.90, 7.12, 2, 0.00, 20.00),
(411, 335, 53, 8.90, 7.12, 1, 0.00, 20.00),
(412, 336, 27, 55.00, 44.00, 1, 0.00, 20.00),
(413, 336, 18, 4.50, 3.60, 1, 0.00, 20.00),
(414, 336, 17, 6.50, 5.20, 1, 0.00, 20.00),
(415, 336, 6, 6.50, 5.20, 1, 0.00, 20.00),
(416, 336, 28, 3.00, 2.40, 1, 0.00, 20.00),
(417, 337, 70, 4.50, 3.60, 1, 0.00, 20.00),
(418, 338, 49, 8.90, 7.12, 1, 0.00, 20.00),
(419, 339, 71, 8.90, 7.12, 1, 0.00, 20.00),
(420, 341, 71, 8.90, 7.12, 4, 0.00, 20.00),
(421, 342, 43, 15.00, 12.00, 2, 0.00, 20.00),
(422, 343, 32, 2.50, 2.00, 1, 0.00, 20.00),
(423, 343, 29, 5.50, 4.40, 1, 0.00, 20.00),
(424, 343, 17, 6.50, 5.20, 1, 0.00, 20.00),
(425, 344, 44, 8.90, 7.12, 1, 0.00, 20.00),
(426, 344, 16, 8.90, 7.12, 1, 0.00, 20.00),
(427, 344, 69, 8.90, 7.12, 1, 0.00, 20.00),
(428, 344, 46, 8.90, 7.12, 1, 0.00, 20.00),
(429, 344, 33, 6.50, 5.20, 1, 0.00, 20.00),
(430, 345, 3, 2.50, 2.00, 1, 0.00, 20.00),
(431, 345, 71, 8.90, 7.12, 1, 0.00, 20.00),
(432, 346, 58, 55.00, 44.00, 1, 0.00, 20.00),
(433, 346, 70, 4.50, 3.60, 2, 0.00, 20.00),
(434, 346, 29, 5.50, 4.40, 1, 0.00, 20.00),
(435, 346, 32, 2.50, 2.00, 4, 0.00, 20.00),
(436, 346, 34, 4.50, 3.60, 2, 0.00, 20.00),
(437, 347, 56, 4.50, 3.60, 2, 0.00, 20.00),
(438, 347, 47, 8.90, 7.12, 1, 0.00, 20.00),
(439, 347, 5, 15.00, 12.00, 1, 0.00, 20.00),
(440, 347, 45, 8.90, 7.12, 1, 0.00, 20.00),
(441, 347, 70, 4.50, 3.60, 2, 0.00, 20.00),
(442, 348, 50, 8.90, 7.12, 2, 0.00, 20.00),
(443, 349, 38, 55.00, 44.00, 1, 0.00, 20.00),
(444, 350, 72, 55.00, 44.00, 1, 0.00, 20.00),
(445, 350, 71, 8.90, 7.12, 1, 0.00, 20.00),
(446, 350, 70, 4.50, 3.60, 1, 0.00, 20.00),
(447, 350, 69, 8.90, 7.12, 1, 0.00, 20.00),
(448, 350, 58, 55.00, 44.00, 1, 0.00, 20.00),
(449, 350, 57, 8.90, 7.12, 1, 0.00, 20.00),
(450, 350, 56, 4.50, 3.60, 1, 0.00, 20.00),
(451, 350, 53, 8.90, 7.12, 1, 0.00, 20.00),
(452, 350, 50, 8.90, 7.12, 1, 0.00, 20.00),
(453, 350, 49, 8.90, 7.12, 1, 0.00, 20.00),
(454, 350, 48, 8.90, 7.12, 1, 0.00, 20.00),
(455, 350, 47, 8.90, 7.12, 1, 0.00, 20.00),
(456, 350, 46, 8.90, 7.12, 1, 0.00, 20.00),
(457, 350, 45, 8.90, 7.12, 1, 0.00, 20.00),
(458, 350, 44, 8.90, 7.12, 1, 0.00, 20.00),
(459, 350, 43, 15.00, 12.00, 1, 0.00, 20.00),
(460, 350, 42, 15.00, 12.00, 1, 0.00, 20.00),
(461, 350, 41, 15.00, 12.00, 1, 0.00, 20.00),
(462, 350, 40, 15.00, 12.00, 1, 0.00, 20.00),
(463, 350, 39, 6.50, 5.20, 1, 0.00, 20.00),
(464, 350, 38, 55.00, 44.00, 1, 0.00, 20.00),
(465, 350, 37, 55.00, 44.00, 1, 0.00, 20.00),
(466, 350, 36, 55.00, 44.00, 1, 0.00, 20.00),
(467, 350, 35, 55.00, 44.00, 1, 0.00, 20.00),
(468, 350, 34, 4.50, 3.60, 1, 0.00, 20.00),
(469, 350, 33, 6.50, 5.20, 1, 0.00, 20.00),
(470, 350, 32, 2.50, 2.00, 1, 0.00, 20.00),
(471, 350, 31, 4.00, 3.20, 1, 0.00, 20.00),
(472, 350, 30, 5.50, 4.40, 1, 0.00, 20.00),
(473, 350, 29, 5.50, 4.40, 1, 0.00, 20.00),
(474, 350, 28, 3.00, 2.40, 1, 0.00, 20.00),
(475, 350, 27, 55.00, 44.00, 1, 0.00, 20.00),
(476, 350, 26, 55.00, 44.00, 1, 0.00, 20.00),
(477, 350, 25, 55.00, 44.00, 1, 0.00, 20.00),
(478, 350, 24, 55.00, 44.00, 1, 0.00, 20.00),
(479, 350, 23, 7.00, 5.60, 1, 0.00, 20.00),
(480, 350, 22, 5.50, 4.40, 1, 0.00, 20.00),
(481, 350, 21, 6.50, 5.20, 1, 0.00, 20.00),
(482, 350, 20, 4.00, 3.20, 1, 0.00, 20.00),
(483, 350, 19, 3.80, 3.04, 1, 0.00, 20.00),
(484, 350, 18, 4.50, 3.60, 1, 0.00, 20.00),
(485, 350, 17, 6.50, 5.20, 1, 0.00, 20.00),
(486, 350, 16, 8.90, 7.12, 1, 0.00, 20.00),
(487, 350, 14, 8.90, 7.12, 1, 0.00, 20.00),
(488, 350, 11, 4.50, 3.60, 1, 0.00, 20.00),
(489, 350, 10, 5.90, 4.72, 1, 0.00, 20.00),
(490, 350, 9, 7.50, 6.00, 1, 0.00, 20.00),
(491, 350, 8, 5.00, 4.00, 1, 0.00, 20.00),
(492, 350, 6, 6.50, 5.20, 1, 0.00, 20.00),
(493, 350, 5, 15.00, 12.00, 1, 0.00, 20.00),
(494, 350, 4, 55.00, 44.00, 1, 0.00, 20.00),
(495, 350, 3, 2.50, 2.00, 1, 0.00, 20.00),
(496, 350, 2, 3.50, 2.80, 1, 0.00, 20.00),
(497, 350, 1, 55.00, 44.00, 1, 0.00, 20.00),
(498, 352, 70, 4.50, 3.60, 3, 0.00, 20.00);

-- --------------------------------------------------------

--
-- Table structure for table `products`
--

CREATE TABLE `products` (
  `products_id` int(11) NOT NULL,
  `name` varchar(100) NOT NULL,
  `description` text DEFAULT NULL,
  `price` decimal(10,2) NOT NULL,
  `weight` decimal(6,2) NOT NULL,
  `image` varchar(255) DEFAULT NULL,
  `current_stock` int(11) DEFAULT 0,
  `calories` decimal(10,2) GENERATED ALWAYS AS (`weight` * 4.2) STORED,
  `max_stock` int(11) DEFAULT 100,
  `discount_percent` decimal(5,2) DEFAULT 0.00,
  `expiry_date` date DEFAULT NULL,
  `date_issued` timestamp NULL DEFAULT current_timestamp(),
  `expiry_duration` int(11) DEFAULT 7
) ENGINE=InnoDB DEFAULT CHARSET=utf8mb4 COLLATE=utf8mb4_general_ci;

--
-- Dumping data for table `products`
--

INSERT INTO `products` (`products_id`, `name`, `description`, `price`, `weight`, `image`, `current_stock`, `max_stock`, `discount_percent`, `expiry_date`, `date_issued`, `expiry_duration`) VALUES
(1, 'Strawberry Cream Cake (whole)', 'A delightful sponge cake layered with fresh cream and strawberries.', 55.00, 500.00, 'product_68e4c29ba07ee1.09738467.jpg', 1, 1, 20.00, '2025-11-21', '2025-11-14 13:14:52', 7),
(2, 'French Baguette', 'Crispy crust with soft interior, baked daily.', 3.50, 25.00, 'french.jpg', 4, 5, 20.00, '2025-11-21', '2025-11-14 08:03:23', 7),
(3, 'Butter Croissant', 'Flaky and buttery, baked fresh every morning.', 2.50, 25.00, 'croissant.jpg', 8, 10, 20.00, '2025-11-17', '2025-11-13 01:37:01', 7),
(4, 'Chocolate Fudge Cake (whole)', 'Rich and moist chocolate cake with fudge layers and ganache topping.', 55.00, 500.00, '1759825884_chocolate_whole_cake.jpg', 1, 1, 20.00, '2025-11-21', '2025-11-14 13:14:35', 7),
(5, 'Matcha Roll Cake', 'Soft sponge rolled with matcha cream, lightly sweet and refreshing.', 15.00, 300.00, 'matcha_roll.jpg', 3, 5, 20.00, '2025-11-17', '2025-11-13 01:41:25', 7),
(6, 'Red Velvet Cupcake', 'Moist red velvet cupcake with cream cheese frosting.', 6.50, 50.00, 'red_velvet_cupcake.jpg', 8, 10, 20.00, '2025-11-17', '2025-11-13 01:41:16', 7),
(8, 'Garlic Breadsticks', 'Crispy on the outside, soft inside, brushed with garlic butter.', 5.00, 50.00, 'garlic_breadsticks.jpg', 9, 10, 20.00, '2025-11-17', '2025-11-13 01:41:08', 7),
(9, 'Almond Danish', 'Layered pastry filled with almond cream and topped with sliced almonds.', 7.50, 25.00, 'almond_danish.jpg', 9, 10, 20.00, '2025-11-17', '2025-11-13 04:36:56', 7),
(10, 'Cheese Tart', 'Buttery tart filled with rich cream cheese custard.', 5.90, 340.00, 'cheese_tart.jpg', 19, 20, 20.00, '2025-11-17', '2025-11-13 01:40:51', 7),
(11, 'Chocolate Chip Cookies', 'Classic cookies baked with chunks of chocolate chips.', 4.50, 30.00, 'choc_chip_cookies.jpg', 19, 20, 20.00, '2025-11-17', '2025-11-13 01:40:41', 7),
(14, 'Strawberry Cream Cake (slices)', 'A delightful sponge cake layered with fresh cream and strawberries.', 8.90, 37.00, 'product_1762997419_Strawberry_Shortcake_5140sq.jpg', 4, 5, 20.00, '2025-11-17', '2025-11-13 01:40:31', 7),
(16, 'Chocolate Fudge Cake (slices)', 'Rich and moist chocolate cake with fudge layers and ganache topping.', 8.90, 37.00, 'chocolate_cake.jpg', 3, 5, 20.00, '2025-11-17', '2025-11-13 01:40:19', 7),
(17, 'Pizza Slice', 'Freshly baked pizza slice with cheese and tomato topping.', 6.50, 70.00, 'pizza.jpg', 7, 10, 20.00, '2025-11-17', '2025-11-13 01:40:10', 7),
(18, 'Chicken Ham Slice Bun', 'Soft bun filled with savory chicken ham slices.', 4.50, 25.00, 'chicken_ham_bun.jpg', 8, 10, 20.00, '2025-11-17', '2025-11-13 01:40:01', 7),
(19, 'Sardine Puff', 'Golden pastry puff stuffed with spicy sardine filling.', 3.80, 25.00, 'sardine_puff.jpg', 9, 10, 20.00, '2025-11-17', '2025-11-13 01:39:50', 7),
(20, 'Curry Chicken Puff', 'Crispy puff pastry filled with curry chicken.', 4.00, 25.00, 'curry_chicken_puff.jpg', 9, 10, 20.00, '2025-11-17', '2025-11-13 01:39:39', 7),
(21, 'Chicken Pie', 'Flaky pie crust with creamy chicken filling.', 6.50, 25.00, 'chicken_pie.jpg', 9, 10, 20.00, '2025-11-17', '2025-11-13 01:39:29', 7),
(22, 'Mushroom Pie', 'Buttery pie filled with savory mushroom cream.', 5.50, 25.00, 'mushroom_pie.jpg', 4, 5, 20.00, '2025-11-17', '2025-11-13 01:39:14', 7),
(23, 'Sushi Sausage Rolls', 'Unique rolls combining sausage and sushi-style rice wrap.', 7.00, 25.00, 'sushi_sausage_rolls.jpg', 4, 5, 20.00, '2025-11-17', '2025-11-13 01:39:05', 7),
(24, 'Vanilla cheesecake (whole)', 'Classic creamy cheesecake with buttery biscuit base.', 55.00, 500.00, 'cheesecake.jpg', 1, 1, 20.00, '2025-11-21', '2025-11-14 13:13:09', 7),
(25, 'Red Velvet Cake (whole)', 'Moist red velvet sponge with cream cheese frosting.', 55.00, 500.00, 'red_velvet.jpg', 1, 1, 20.00, '2025-11-17', '2025-11-14 13:12:57', 7),
(26, 'Tiramisu Cake (whole)', 'Italian dessert cake with coffee-soaked layers and mascarpone.', 55.00, 500.00, 'tiramisu.jpg', 1, 1, 20.00, '2025-11-21', '2025-11-14 13:12:49', 7),
(27, 'Rainbow Cream Cake (whole)', 'Colorful layered sponge cake with vanilla cream.', 55.00, 500.00, 'product_1763009950_rainbow_cake.jpg', 1, 1, 20.00, '2025-11-21', '2025-11-14 13:12:42', 7),
(28, 'Egg Tart', 'Crispy pastry shell filled with smooth egg custard.', 3.00, 340.00, 'egg_tart.jpg', 8, 10, 20.00, '2025-11-17', '2025-11-13 01:38:36', 7),
(29, 'Chicken Slice Sandwich', 'Fresh sandwich with chicken slices, lettuce, and mayo.', 5.50, 25.00, 'chicken_sandwich.jpg', 2, 5, 20.00, '2025-11-17', '2025-11-13 01:38:24', 7),
(30, 'Fish Fillet Sandwich', 'Crispy fish fillet served in soft sandwich bread.', 5.50, 25.00, 'fish_fillet_sandwich.jpg', 4, 5, 20.00, '2025-11-17', '2025-11-13 01:36:49', 7),
(31, 'Cream Horn', 'Crispy pastry horn filled with fresh cream.', 4.00, 25.00, 'cream_horn.jpg', 4, 5, 20.00, '2025-11-17', '2025-11-13 01:36:38', 7),
(32, 'Doughnut', 'Classic soft doughnut coated with sugar.', 2.50, 25.00, 'doughnut.jpg', 4, 10, 20.00, '2025-11-17', '2025-11-13 01:36:25', 7),
(33, 'Hokkaido Milk Soft Cake', 'Fluffy sponge cake with rich Hokkaido milk flavor.', 6.50, 300.00, 'hokkaido_milk_cake.jpg', 3, 5, 20.00, '2025-11-17', '2025-11-13 01:36:16', 7),
(34, 'Kiwi Fruit Muffin', 'Moist muffin baked with fresh kiwi fruit pieces.', 4.50, 85.00, 'kiwi_muffin.jpg', 7, 10, 20.00, '2025-11-17', '2025-11-13 04:10:51', 7),
(35, 'Blueberry Cheesecake (whole)', 'Rich cheesecake topped with blueberry sauce.', 55.00, 500.00, '1760449624_blueberry_cheesecake.jpg', 1, 1, 20.00, '2025-11-21', '2025-11-14 13:12:32', 7),
(36, 'Oreo Cheesecake (whole)', 'Creamy cheesecake blended with Oreo crumbs.', 55.00, 500.00, 'product_1763011278_oreo_cheesecake.jpg', 1, 1, 20.00, '2025-11-21', '2025-11-14 13:12:10', 7),
(37, 'Black Forest Cake (whole)', 'Chocolate sponge layered with cream and cherries.', 55.00, 500.00, 'black_forest.jpg', 1, 1, 20.00, '2025-11-21', '2025-11-14 13:10:59', 7),
(38, 'Carrot Cream Cake (whole)', 'Moist carrot cake with cream cheese frosting.', 55.00, 500.00, 'carrot_cake.jpg', 1, 1, 20.00, '2025-11-21', '2025-11-14 13:10:47', 7),
(39, 'Chocolate Vanilla Cupcake', 'Cupcake swirled with chocolate and vanilla flavors.', 6.50, 85.00, 'choc_vanilla_cupcake.jpg', 19, 20, 20.00, '2025-11-17', '2025-11-13 01:34:41', 7),
(40, 'Chocolate Swiss Roll', 'Soft roll cake with chocolate filling.', 15.00, 300.00, 'chocolate_swiss_roll.jpg', 4, 5, 20.00, '2025-11-17', '2025-11-13 01:34:30', 7),
(41, 'Coffee Swiss Roll', 'Light roll cake with coffee cream filling.', 15.00, 300.00, 'coffee_swiss_roll.jpg', 4, 5, 20.00, '2025-11-17', '2025-11-13 01:34:21', 7),
(42, 'Pandan Swiss Roll', 'Fragrant pandan sponge rolled with cream.', 15.00, 300.00, 'pandan_swiss_roll.jpg', 4, 5, 20.00, '2025-11-17', '2025-11-13 01:34:12', 7),
(43, 'Orange Swiss Roll', 'Citrusy sponge roll with orange cream.', 15.00, 300.00, 'orange_swiss_roll.jpg', 2, 5, 20.00, '2025-11-17', '2025-11-13 01:34:03', 7),
(44, 'Vanilla cheesecake (slices)', 'Classic creamy cheesecake with buttery biscuit base.', 8.90, 37.00, 'cheesecake.jpg', 3, 5, 20.00, '2025-11-17', '2025-11-13 01:33:51', 7),
(45, 'Red Velvet Cake (slices)', 'Moist red velvet sponge with cream cheese frosting.', 8.90, 37.00, 'red_velvet.jpg', 3, 5, 20.00, '2025-11-17', '2025-11-13 01:33:39', 7),
(46, 'Tiramisu Cake (slices)', 'Italian dessert cake with coffee-soaked layers and mascarpone.', 8.90, 37.00, 'tiramisu.jpg', 3, 5, 20.00, '2025-11-17', '2025-11-13 01:33:29', 7),
(47, 'Rainbow Cake (slices)', 'Colorful layered sponge cake with vanilla cream.', 8.90, 37.00, 'product_1763009647_Rainbow-Cake-24-of-50.jpeg', 3, 5, 20.00, '2025-11-17', '2025-11-13 01:33:07', 7),
(48, 'Blueberry Cheesecake (slices)', 'Rich cheesecake topped with blueberry sauce.', 8.90, 37.00, '1759827469_delish-blueberry-cheesecake-still003-1557335639.jpg', 4, 5, 20.00, '2025-11-17', '2025-11-13 01:32:43', 7),
(49, 'Oreo Cheesecake (slices)', 'Creamy cheesecake blended with Oreo crumbs.', 8.90, 37.00, 'product_1763011154_oreo-cheesecake-recipe-SQUARE.jpg', 3, 5, 20.00, '2025-11-16', '2025-11-13 01:32:08', 7),
(50, 'Black Forest Cake (slices)', 'Chocolate sponge layered with cream and cherries.', 8.90, 37.00, 'black_forest.jpg', 2, 5, 20.00, '2025-11-16', '2025-11-13 01:31:57', 7),
(53, 'Carrot Cream Cake (slices)', 'Moist carrot cake with cream cheese frosting.', 8.90, 37.00, 'carrot_cake.jpg', 4, 5, 20.00, '2025-11-16', '2025-11-13 01:31:42', 7),
(56, 'Bread Bakua', 'Popular Penang street food consisting of a soft, plain bun stuffed with a generous amount of sweet and savory pork floss and thin, grilled bak kua.', 4.50, 25.00, '1759910151_images.jpg', 7, 10, 20.00, '2025-11-16', '2025-11-13 01:31:33', 7),
(57, 'Pistachio Cake (slices)', 'Moist, fluffy pistachio cake made with a yogurt batter base and topped with a pistachio butter glaze', 8.90, 37.00, '1759997235_Pistachio-Cake-Lead-6-Edited.jpg', 4, 5, 20.00, '2025-11-16', '2025-11-13 01:31:21', 7),
(58, 'Pistachio Cake (Whole)', 'Moist, fluffy pistachio cake made with a yogurt batter base and topped with a pistachio butter glaze', 55.00, 500.00, '1759997381_Pistachio-Cake-Lead-6-Edited.jpg', 1, 1, 20.00, '2025-11-21', '2025-11-14 13:10:27', 7),
(64, 'Mooncake', 'Available in August to October', 12.00, 100.00, 'product_1762221465_images.jpeg', 0, 50, 20.00, '2025-11-30', '2025-11-03 02:45:58', 3),
(69, 'Chocolate cheesecake (slices)', 'Indulge in the rich and creamy decadence of our Chocolate Cheesecake, crafted with smooth cream cheese blended with premium dark chocolate for a perfectly balanced flavor.', 8.90, 37.00, 'product_1762221088_No-Bake-Chocolate-Cheesecake3.jpg', 4, 5, 20.00, '2025-11-17', '2025-11-14 03:44:03', 3),
(70, 'Brownie Slice', 'Brownies are pastries with a dense texture and a chocolate flavour. Traditionally, brownies are served in small square-shaped pieces. Brownies often contain ingredients such as nuts or other ingredients that give them a special flavour to take the edge off the full chocolate taste.', 4.50, 37.00, 'product_1762997336_classic-chewy-brownie-102727-1.jpeg', 0, 9, 20.00, '2025-11-21', '2025-11-13 01:28:56', 3),
(71, 'Strawberry Cheesecake (slides)', 'This strawberry cheesecake has a graham cracker crust and creamy filling with swirls of sweetened strawberry sauce. It\'s perfect for any special occasion! This strawberry cheesecake recipe is easy, impressive, and the perfect sweet treat to make at home.', 8.90, 37.00, 'product_1763011538_Strawberry-cheesecake-recipe-6-of-8.jpg', 3, 5, 20.00, '2025-11-17', '2025-11-13 05:28:52', 3),
(72, 'Strawberry Cheesecake (whole)', 'This strawberry cheesecake has a graham cracker crust and creamy filling with swirls of sweetened strawberry sauce. It\'s perfect for any special occasion! This strawberry cheesecake recipe is easy, impressive, and the perfect sweet treat to make at home.', 55.00, 500.00, 'product_1763011997_images.jpeg', 1, 1, 20.00, '2025-11-21', '2025-11-14 13:10:21', 3);

-- --------------------------------------------------------

--
-- Table structure for table `product_recipes`
--

CREATE TABLE `product_recipes` (
  `recipe_id` int(11) NOT NULL,
  `products_id` int(11) NOT NULL,
  `raw_id` int(11) NOT NULL,
  `quantity` decimal(10,2) NOT NULL
) ENGINE=InnoDB DEFAULT CHARSET=utf8mb4 COLLATE=utf8mb4_general_ci;

--
-- Dumping data for table `product_recipes`
--

INSERT INTO `product_recipes` (`recipe_id`, `products_id`, `raw_id`, `quantity`) VALUES
(1, 1, 1, 2.00),
(2, 1, 2, 2.00),
(3, 1, 3, 2.00),
(4, 1, 4, 2.00),
(5, 1, 5, 2.00),
(6, 1, 6, 2.00),
(7, 1, 7, 2.00),
(8, 1, 8, 2.00),
(9, 1, 9, 2.00),
(10, 1, 10, 2.00),
(11, 14, 1, 1.00),
(12, 14, 2, 1.00),
(13, 14, 3, 1.00),
(14, 14, 4, 1.00),
(15, 14, 5, 1.00),
(16, 14, 6, 1.00),
(17, 14, 7, 1.00),
(18, 14, 8, 1.00),
(19, 14, 9, 1.00),
(20, 14, 10, 1.00),
(21, 4, 1, 2.00),
(22, 4, 11, 2.00),
(23, 4, 2, 2.00),
(24, 4, 3, 2.00),
(25, 4, 4, 2.00),
(26, 4, 5, 2.00),
(27, 4, 12, 2.00),
(28, 4, 9, 2.00),
(29, 4, 10, 2.00),
(30, 16, 1, 1.00),
(31, 16, 11, 1.00),
(32, 16, 2, 1.00),
(33, 16, 3, 1.00),
(34, 16, 4, 1.00),
(35, 16, 5, 1.00),
(36, 16, 12, 1.00),
(37, 16, 9, 1.00),
(38, 16, 10, 1.00),
(39, 24, 1, 2.00),
(40, 24, 2, 2.00),
(41, 24, 3, 2.00),
(42, 24, 4, 2.00),
(43, 24, 5, 2.00),
(44, 24, 13, 2.00),
(45, 24, 8, 2.00),
(46, 44, 1, 1.00),
(47, 44, 2, 1.00),
(48, 44, 3, 1.00),
(49, 44, 4, 1.00),
(50, 44, 5, 1.00),
(51, 44, 13, 1.00),
(52, 44, 8, 1.00),
(53, 25, 1, 2.00),
(54, 25, 2, 2.00),
(55, 25, 3, 2.00),
(56, 25, 4, 2.00),
(57, 25, 5, 2.00),
(58, 25, 11, 2.00),
(59, 25, 20, 2.00),
(60, 25, 13, 2.00),
(61, 25, 9, 2.00),
(62, 25, 10, 2.00),
(63, 45, 1, 1.00),
(64, 45, 2, 1.00),
(65, 45, 3, 1.00),
(66, 45, 4, 1.00),
(67, 45, 5, 1.00),
(68, 45, 11, 1.00),
(69, 45, 20, 1.00),
(70, 45, 13, 1.00),
(71, 37, 1, 2.00),
(72, 37, 2, 2.00),
(73, 37, 3, 2.00),
(74, 37, 4, 2.00),
(75, 37, 5, 2.00),
(76, 37, 11, 2.00),
(77, 37, 16, 2.00),
(78, 37, 6, 2.00),
(79, 50, 1, 1.00),
(80, 50, 2, 1.00),
(81, 50, 3, 1.00),
(82, 50, 4, 1.00),
(83, 50, 5, 1.00),
(84, 50, 11, 1.00),
(85, 50, 16, 1.00),
(86, 50, 6, 1.00),
(87, 26, 1, 2.00),
(88, 26, 2, 2.00),
(89, 26, 3, 2.00),
(90, 26, 4, 2.00),
(91, 26, 5, 2.00),
(92, 26, 14, 2.00),
(93, 26, 15, 2.00),
(94, 26, 11, 2.00),
(95, 46, 1, 1.00),
(96, 46, 2, 1.00),
(97, 46, 3, 1.00),
(98, 46, 4, 1.00),
(99, 46, 5, 1.00),
(100, 46, 14, 1.00),
(101, 46, 15, 1.00),
(102, 27, 1, 2.00),
(103, 27, 2, 2.00),
(104, 27, 3, 2.00),
(105, 27, 4, 2.00),
(106, 27, 5, 2.00),
(107, 27, 25, 2.00),
(108, 27, 6, 2.00),
(109, 47, 1, 1.00),
(110, 47, 2, 1.00),
(111, 47, 3, 1.00),
(112, 47, 4, 1.00),
(113, 47, 5, 1.00),
(114, 47, 25, 1.00),
(115, 47, 6, 1.00),
(116, 38, 1, 2.00),
(117, 38, 21, 2.00),
(118, 38, 2, 2.00),
(119, 38, 3, 2.00),
(120, 38, 4, 2.00),
(121, 38, 5, 2.00),
(122, 38, 22, 2.00),
(123, 38, 9, 2.00),
(124, 53, 1, 1.00),
(125, 53, 21, 1.00),
(126, 53, 2, 1.00),
(127, 53, 3, 1.00),
(128, 53, 4, 1.00),
(129, 53, 5, 1.00),
(130, 53, 22, 1.00),
(145, 58, 1, 2.00),
(146, 58, 17, 2.00),
(147, 58, 2, 2.00),
(148, 58, 3, 2.00),
(149, 58, 4, 2.00),
(150, 58, 5, 2.00),
(151, 58, 18, 2.00),
(152, 58, 8, 2.00),
(153, 57, 1, 1.00),
(154, 57, 17, 1.00),
(155, 57, 2, 1.00),
(156, 57, 3, 1.00),
(157, 57, 4, 1.00),
(158, 57, 5, 1.00),
(159, 57, 18, 1.00),
(160, 57, 8, 1.00),
(161, 35, 1, 2.00),
(162, 35, 2, 2.00),
(163, 35, 3, 2.00),
(164, 35, 4, 2.00),
(165, 35, 5, 2.00),
(166, 35, 13, 2.00),
(167, 35, 23, 2.00),
(168, 48, 1, 1.00),
(169, 48, 2, 1.00),
(170, 48, 3, 1.00),
(171, 48, 4, 1.00),
(172, 48, 5, 1.00),
(173, 48, 13, 1.00),
(174, 48, 23, 1.00),
(175, 36, 1, 2.00),
(176, 36, 2, 2.00),
(177, 36, 3, 2.00),
(178, 36, 4, 2.00),
(179, 36, 5, 2.00),
(180, 36, 13, 2.00),
(181, 36, 24, 2.00),
(182, 49, 1, 1.00),
(183, 49, 2, 1.00),
(184, 49, 3, 1.00),
(185, 49, 4, 1.00),
(186, 49, 5, 1.00),
(187, 49, 13, 1.00),
(188, 49, 24, 1.00),
(189, 56, 1, 1.00),
(190, 56, 2, 1.00),
(191, 56, 4, 1.00),
(192, 56, 5, 1.00),
(193, 56, 3, 1.00),
(194, 56, 26, 1.00),
(195, 56, 9, 1.00),
(196, 56, 10, 1.00),
(197, 43, 1, 2.00),
(198, 43, 2, 2.00),
(199, 43, 3, 2.00),
(200, 43, 4, 2.00),
(201, 43, 5, 2.00),
(202, 43, 6, 2.00),
(203, 43, 27, 2.00),
(204, 43, 9, 2.00),
(205, 42, 1, 2.00),
(206, 42, 2, 2.00),
(207, 42, 3, 2.00),
(208, 42, 4, 2.00),
(209, 42, 5, 2.00),
(210, 42, 6, 2.00),
(211, 42, 28, 2.00),
(212, 42, 9, 2.00),
(213, 41, 1, 2.00),
(214, 41, 2, 2.00),
(215, 41, 3, 2.00),
(216, 41, 4, 2.00),
(217, 41, 5, 2.00),
(218, 41, 6, 2.00),
(219, 41, 15, 2.00),
(220, 41, 9, 2.00),
(221, 40, 1, 2.00),
(222, 40, 2, 2.00),
(223, 40, 3, 2.00),
(224, 40, 4, 2.00),
(225, 40, 5, 2.00),
(226, 40, 6, 2.00),
(227, 40, 11, 2.00),
(228, 40, 9, 2.00),
(229, 39, 1, 1.00),
(230, 39, 2, 1.00),
(231, 39, 3, 1.00),
(232, 39, 4, 1.00),
(233, 39, 5, 1.00),
(234, 39, 11, 1.00),
(235, 39, 8, 1.00),
(236, 39, 9, 1.00),
(237, 34, 1, 1.00),
(238, 34, 2, 1.00),
(239, 34, 3, 1.00),
(240, 34, 4, 1.00),
(241, 34, 5, 1.00),
(242, 34, 29, 1.00),
(243, 34, 9, 1.00),
(244, 33, 1, 1.00),
(245, 33, 2, 1.00),
(246, 33, 3, 1.00),
(247, 33, 4, 1.00),
(248, 33, 5, 1.00),
(249, 33, 30, 1.00),
(250, 33, 8, 1.00),
(251, 33, 9, 1.00),
(252, 32, 1, 1.00),
(253, 32, 2, 1.00),
(254, 32, 3, 1.00),
(255, 32, 4, 1.00),
(256, 32, 5, 1.00),
(257, 32, 9, 1.00),
(258, 32, 10, 1.00),
(259, 31, 1, 1.00),
(260, 31, 2, 1.00),
(261, 31, 3, 1.00),
(262, 31, 4, 1.00),
(263, 31, 5, 1.00),
(264, 31, 6, 1.00),
(265, 30, 31, 1.00),
(266, 30, 32, 1.00),
(267, 30, 33, 1.00),
(268, 30, 34, 1.00),
(269, 29, 31, 1.00),
(270, 29, 35, 1.00),
(271, 29, 33, 1.00),
(272, 29, 36, 1.00),
(273, 28, 1, 1.00),
(274, 28, 2, 1.00),
(275, 28, 3, 1.00),
(276, 28, 4, 1.00),
(277, 28, 5, 1.00),
(278, 23, 37, 1.00),
(279, 23, 38, 1.00),
(280, 23, 39, 1.00),
(281, 23, 40, 1.00),
(282, 23, 41, 1.00),
(283, 22, 1, 1.00),
(284, 22, 2, 1.00),
(285, 22, 3, 1.00),
(286, 22, 4, 1.00),
(287, 22, 5, 1.00),
(288, 22, 42, 1.00),
(289, 22, 43, 1.00),
(290, 21, 1, 1.00),
(291, 21, 2, 1.00),
(292, 21, 3, 1.00),
(293, 21, 4, 1.00),
(294, 21, 5, 1.00),
(295, 21, 44, 1.00),
(296, 21, 43, 1.00),
(297, 20, 1, 1.00),
(298, 20, 2, 1.00),
(299, 20, 3, 1.00),
(300, 20, 4, 1.00),
(301, 20, 5, 1.00),
(302, 20, 44, 1.00),
(303, 20, 45, 1.00),
(304, 19, 1, 1.00),
(305, 19, 2, 1.00),
(306, 19, 3, 1.00),
(307, 19, 4, 1.00),
(308, 19, 5, 1.00),
(309, 19, 46, 1.00),
(310, 19, 45, 1.00),
(311, 18, 1, 1.00),
(312, 18, 2, 1.00),
(313, 18, 3, 1.00),
(314, 18, 4, 1.00),
(315, 18, 5, 1.00),
(316, 18, 47, 1.00),
(317, 17, 1, 1.00),
(318, 17, 48, 1.00),
(322, 17, 9, 1.00),
(336, 11, 1, 1.00),
(337, 11, 2, 1.00),
(338, 11, 3, 1.00),
(339, 11, 4, 1.00),
(341, 11, 8, 1.00),
(342, 11, 9, 1.00),
(343, 11, 10, 1.00),
(344, 10, 1, 1.00),
(345, 10, 2, 1.00),
(346, 10, 3, 1.00),
(347, 10, 4, 1.00),
(348, 10, 5, 1.00),
(349, 10, 13, 1.00),
(350, 9, 1, 1.00),
(351, 9, 2, 1.00),
(352, 9, 3, 1.00),
(353, 9, 4, 1.00),
(354, 9, 5, 1.00),
(356, 9, 9, 1.00),
(357, 8, 1, 1.00),
(358, 8, 4, 1.00),
(361, 8, 2, 1.00),
(362, 8, 9, 1.00),
(367, 6, 1, 1.00),
(368, 6, 2, 1.00),
(369, 6, 3, 1.00),
(370, 6, 4, 1.00),
(371, 6, 5, 1.00),
(372, 6, 20, 1.00),
(373, 6, 13, 1.00),
(374, 5, 1, 2.00),
(375, 5, 19, 2.00),
(376, 5, 2, 2.00),
(377, 5, 3, 2.00),
(378, 5, 4, 2.00),
(379, 5, 5, 2.00),
(380, 5, 6, 2.00),
(381, 3, 1, 1.00),
(382, 3, 4, 1.00),
(383, 3, 2, 1.00),
(384, 3, 3, 1.00),
(385, 3, 5, 1.00),
(386, 3, 9, 1.00),
(387, 3, 10, 1.00),
(388, 2, 1, 1.00),
(391, 2, 10, 1.00),
(410, 69, 13, 1.00),
(411, 69, 12, 1.00),
(412, 69, 3, 1.00),
(413, 69, 5, 1.00),
(414, 69, 2, 1.00),
(415, 70, 44, 1.00),
(416, 70, 3, 1.00),
(417, 70, 10, 1.00),
(418, 70, 2, 1.00),
(419, 34, 41, 1.00),
(420, 71, 29, 1.00),
(421, 71, 13, 1.00),
(422, 71, 5, 1.00),
(423, 71, 2, 1.00),
(424, 71, 8, 1.00),
(425, 72, 29, 2.00),
(426, 72, 3, 2.00),
(427, 72, 5, 2.00),
(428, 72, 7, 2.00),
(429, 72, 2, 2.00),
(430, 72, 8, 2.00);

-- --------------------------------------------------------

--
-- Table structure for table `product_stock`
--

CREATE TABLE `product_stock` (
  `stock_id` int(11) NOT NULL,
  `products_id` int(11) NOT NULL,
  `stock_change` int(11) NOT NULL,
  `reason` varchar(100) DEFAULT 'Manual Update',
  `created_at` timestamp NOT NULL DEFAULT current_timestamp(),
  `date_issued` timestamp NOT NULL DEFAULT current_timestamp(),
  `expiry_date` date DEFAULT NULL
) ENGINE=InnoDB DEFAULT CHARSET=utf8mb4 COLLATE=utf8mb4_general_ci;

--
-- Dumping data for table `product_stock`
--

INSERT INTO `product_stock` (`stock_id`, `products_id`, `stock_change`, `reason`, `created_at`, `date_issued`, `expiry_date`) VALUES
(12, 44, 1, 'no balance', '2025-10-08 08:02:22', '2025-10-13 16:00:00', NULL),
(13, 56, 1, 'no balance', '2025-10-08 08:02:44', '2025-10-13 16:00:00', NULL),
(14, 30, 1, 'no balance', '2025-10-08 08:02:57', '2025-10-13 16:00:00', NULL),
(15, 4, 1, 'out of stock', '2025-10-08 08:03:09', '2025-10-13 16:00:00', NULL),
(16, 49, 3, 'no balance', '2025-10-08 08:03:25', '2025-10-13 16:00:00', NULL),
(17, 1, 1, 'nil', '2025-10-09 07:15:06', '2025-10-13 16:00:00', NULL),
(18, 1, 1, 'nil', '2025-10-09 07:15:09', '2025-10-13 16:00:00', NULL),
(19, 1, 1, 'nil', '2025-10-09 07:15:14', '2025-10-13 16:00:00', NULL),
(20, 1, 1, 'nil', '2025-10-09 07:16:47', '2025-10-13 16:00:00', NULL),
(21, 1, 1, 'nil', '2025-10-09 07:17:09', '2025-10-13 16:00:00', NULL),
(22, 1, -2, 'nil', '2025-10-09 07:28:39', '2025-10-13 16:00:00', NULL),
(23, 1, -2, 'nil', '2025-10-09 07:28:42', '2025-10-13 16:00:00', NULL),
(24, 1, 1, 'out of stock', '2025-10-09 07:29:05', '2025-10-13 16:00:00', NULL),
(26, 16, 1, 'not enough', '2025-10-09 08:22:17', '2025-10-13 16:00:00', NULL),
(27, 49, 1, 'not enough', '2025-10-09 08:22:25', '2025-10-13 16:00:00', NULL),
(28, 44, 1, 'not enough', '2025-10-09 08:22:45', '2025-10-13 16:00:00', NULL),
(29, 48, 1, 'not enough', '2025-10-09 08:22:54', '2025-10-13 16:00:00', NULL),
(30, 16, 2, 'not enough', '2025-10-10 07:37:49', '2025-10-13 16:00:00', NULL),
(31, 21, 1, 'not enough', '2025-10-10 07:55:42', '2025-10-13 16:00:00', NULL),
(32, 21, 10, 'out of stock', '2025-10-10 08:03:12', '2025-10-13 16:00:00', NULL),
(33, 21, 10, 'out of stock', '2025-10-10 08:03:32', '2025-10-13 16:00:00', NULL),
(34, 58, 1, 'out of stock', '2025-10-13 12:24:01', '2025-10-13 16:00:00', NULL),
(35, 58, 1, 'out of stock', '2025-10-13 13:01:22', '2025-10-13 16:00:00', NULL),
(36, 58, 1, 'out of stock', '2025-10-13 14:53:01', '2025-10-13 16:00:00', NULL),
(37, 58, 1, 'out of stock', '2025-10-13 16:00:21', '2025-10-13 16:00:00', NULL),
(38, 58, 1, 'out of stock', '2025-10-13 16:04:41', '2025-10-13 16:00:00', NULL),
(39, 58, 1, 'out of stock', '2025-10-13 16:26:35', '2025-10-13 16:00:00', NULL),
(40, 58, 1, 'out of stock', '2025-10-14 01:04:52', '2025-10-13 16:00:00', NULL),
(41, 38, 1, 'out of stock', '2025-10-14 01:41:55', '2025-10-13 16:00:00', NULL),
(42, 58, 1, 'not enough', '2025-10-14 05:32:04', '2025-10-13 16:00:00', '2025-10-14'),
(43, 58, 1, 'not enough', '2025-10-14 05:36:06', '2025-10-13 16:00:00', '2025-10-21'),
(44, 57, 5, 'not enough', '2025-10-14 05:36:16', '2025-10-13 16:00:00', '2025-10-13'),
(45, 57, 1, 'out of stock', '2025-10-14 10:37:21', '2025-10-13 16:00:00', '2025-10-17'),
(46, 58, 1, 'not enough', '2025-10-14 10:45:50', '2025-10-13 16:00:00', '2025-10-14'),
(47, 58, 1, 'not enough', '2025-10-14 10:47:03', '2025-10-13 16:00:00', '2025-10-13'),
(48, 58, 1, 'not enough', '2025-10-14 10:47:08', '2025-10-13 16:00:00', '2025-10-13'),
(49, 58, 1, 'out of stock', '2025-10-14 10:47:33', '2025-10-13 16:00:00', '2025-10-21'),
(54, 1, 1, 'out of stock', '2025-10-14 11:33:44', '2025-10-13 16:00:00', NULL),
(55, 57, 5, 'out of stock', '2025-10-14 11:41:22', '2025-10-13 16:00:00', NULL),
(56, 57, 5, 'out of stock', '2025-10-14 11:41:41', '2025-10-13 16:00:00', NULL),
(57, 57, 5, 'out of stock', '2025-10-14 11:45:08', '2025-10-13 16:00:00', NULL),
(58, 56, 10, 'not enough', '2025-10-14 11:45:54', '2025-10-13 16:00:00', NULL),
(59, 57, 5, 'out of stock', '2025-10-14 11:49:25', '2025-10-13 16:00:00', NULL),
(60, 57, 5, 'out of stock', '2025-10-14 11:55:04', '2025-10-13 16:00:00', NULL),
(61, 58, 1, 'out of stock', '2025-10-14 11:55:16', '2025-10-13 16:00:00', NULL),
(62, 58, 1, 'out of stock', '2025-10-14 11:55:53', '2025-10-13 16:00:00', NULL),
(63, 58, 1, 'out of stock', '2025-10-14 11:56:09', '2025-10-13 16:00:00', NULL),
(64, 58, 1, 'out of stock', '2025-10-14 12:01:29', '2025-10-13 16:00:00', NULL),
(65, 57, 5, 'out of stock', '2025-10-14 12:01:41', '2025-10-13 16:00:00', NULL),
(66, 57, 5, 'out of stock', '2025-10-14 12:05:47', '2025-10-13 16:00:00', NULL),
(67, 57, 5, 'not enough', '2025-10-14 12:06:29', '2025-10-13 16:00:00', NULL),
(68, 57, 5, 'not enough', '2025-10-14 12:06:53', '2025-10-13 16:00:00', NULL),
(69, 57, 5, 'out of stock', '2025-10-14 12:07:53', '2025-10-13 16:00:00', NULL),
(70, 58, 1, 'out of stock', '2025-10-14 12:08:00', '2025-10-13 16:00:00', NULL),
(87, 46, 1, 'not enough', '2025-10-14 12:50:20', '2025-10-13 16:00:00', NULL),
(98, 42, 10, 'not enough', '2025-10-17 03:13:30', '2025-10-16 16:00:00', '2025-10-21'),
(99, 57, 5, 'restock', '2025-10-17 03:18:18', '2025-10-16 16:00:00', '2025-10-21'),
(100, 58, 1, 'out of stock', '2025-10-17 03:30:25', '2025-10-16 16:00:00', '2025-10-21'),
(101, 53, 5, 'restock', '2025-10-17 03:31:49', '2025-10-16 16:00:00', '2025-10-22'),
(102, 56, 10, 'restock', '2025-10-17 03:45:59', '2025-10-16 16:00:00', '2025-10-22'),
(103, 50, 5, 'restock', '2025-10-17 03:51:01', '2025-10-17 03:51:01', '2025-10-22'),
(104, 50, 5, 'restock', '2025-10-17 03:55:45', '2025-10-17 03:55:45', '2025-10-22'),
(105, 42, 5, 'restock', '2025-10-17 03:55:54', '2025-10-17 03:55:54', '2025-10-22'),
(106, 58, 1, 'restock', '2025-10-17 03:56:24', '2025-10-17 03:56:24', '2025-10-27'),
(107, 57, 5, 'restock', '2025-10-17 03:56:34', '2025-10-17 03:56:34', '2025-10-22'),
(108, 56, 5, 'restock', '2025-10-17 03:56:45', '2025-10-17 03:56:45', '2025-10-22'),
(109, 53, 4, 'restock', '2025-10-17 03:57:00', '2025-10-17 03:57:00', '2025-10-22'),
(110, 49, 5, 'restock', '2025-10-17 03:58:39', '2025-10-17 03:58:39', '2025-10-22'),
(111, 48, 5, 'restock', '2025-10-17 04:00:29', '2025-10-17 04:00:29', '2025-10-21'),
(112, 47, 5, 'out of stock', '2025-10-17 04:00:37', '2025-10-17 04:00:37', '2025-10-21'),
(113, 46, 5, 'restock', '2025-10-17 04:00:45', '2025-10-17 04:00:45', '2025-10-21'),
(114, 43, 5, 'restock', '2025-10-17 04:00:57', '2025-10-17 04:00:57', '2025-10-22'),
(115, 44, 5, 'restock', '2025-10-17 04:01:08', '2025-10-17 04:01:08', '2025-10-22'),
(116, 45, 5, 'restock', '2025-10-17 04:01:15', '2025-10-17 04:01:15', '2025-10-21'),
(117, 56, 1, 'restock', '2025-10-17 04:02:31', '2025-10-17 04:02:31', '2025-10-22'),
(118, 56, 2, 'restock', '2025-10-17 04:03:57', '2025-10-17 04:03:57', '2025-10-22'),
(119, 56, 2, 'restock', '2025-10-17 04:05:25', '2025-10-17 04:05:25', '2025-10-22'),
(120, 56, 1, 'restock', '2025-10-17 04:06:09', '2025-10-17 04:06:09', '2025-10-22'),
(121, 56, 1, 'restock', '2025-10-17 04:07:18', '2025-10-17 04:07:18', '2025-10-22'),
(122, 56, 3, 'restock', '2025-10-17 04:08:29', '2025-10-17 04:08:29', '2025-10-22'),
(123, 1, 1, 'restock', '2025-10-21 12:56:03', '2025-10-21 12:56:03', '2025-10-27'),
(124, 58, 1, 'restock', '2025-10-27 07:49:06', '2025-10-27 07:49:06', '2025-11-07'),
(125, 57, 5, 'restock', '2025-10-27 07:49:15', '2025-10-27 07:49:15', '2025-10-31'),
(126, 56, 10, 'restock', '2025-10-27 07:49:25', '2025-10-27 07:49:25', '2025-10-31'),
(127, 53, 5, 'restock', '2025-10-27 07:49:37', '2025-10-27 07:49:37', '2025-10-31'),
(128, 50, 5, 'restock', '2025-10-27 07:49:44', '2025-10-27 07:49:44', '2025-10-31'),
(129, 49, 5, 'restock', '2025-10-27 07:49:55', '2025-10-27 07:49:55', '2025-10-31'),
(130, 48, 5, 'restock', '2025-10-27 07:50:02', '2025-10-27 07:50:02', '2025-10-31'),
(131, 47, 5, 'restock', '2025-10-27 07:50:12', '2025-10-27 07:50:12', '2025-10-31'),
(132, 46, 5, 'restock', '2025-10-27 07:50:20', '2025-10-27 07:50:20', '2025-10-31'),
(133, 45, 5, 'restock', '2025-10-27 07:50:28', '2025-10-27 07:50:28', '2025-10-31'),
(134, 44, 5, 'restock', '2025-10-27 07:50:37', '2025-10-27 07:50:37', '2025-10-31'),
(135, 43, 5, 'restock', '2025-10-27 07:50:48', '2025-10-27 07:50:48', '2025-10-31'),
(136, 42, 5, 'restock', '2025-10-27 07:51:10', '2025-10-27 07:51:10', '2025-10-31'),
(137, 41, 5, 'restock', '2025-10-27 07:51:18', '2025-10-27 07:51:18', '2025-10-31'),
(138, 40, 5, 'restock', '2025-10-27 07:51:27', '2025-10-27 07:51:27', '2025-10-31'),
(139, 39, 20, 'restock', '2025-10-27 07:53:24', '2025-10-27 07:53:24', '2025-10-31'),
(140, 38, 1, 'restock', '2025-10-27 07:53:38', '2025-10-27 07:53:38', '2025-11-07'),
(141, 37, 1, 'restock', '2025-10-27 07:53:51', '2025-10-27 07:53:51', '2025-11-07'),
(142, 36, 1, 'restock', '2025-10-27 07:54:01', '2025-10-27 07:54:01', '2025-11-07'),
(143, 35, 1, 'restock', '2025-10-27 07:54:13', '2025-10-27 07:54:13', '2025-11-07'),
(144, 34, 10, 'restock', '2025-10-27 07:56:19', '2025-10-27 07:56:19', '2025-10-31'),
(145, 33, 5, 'restock', '2025-10-27 07:56:30', '2025-10-27 07:56:30', '2025-10-31'),
(146, 32, 10, 'restock', '2025-10-27 07:56:41', '2025-10-27 07:56:41', '2025-10-31'),
(147, 31, 5, 'restock', '2025-10-27 07:56:54', '2025-10-27 07:56:54', '2025-10-31'),
(148, 30, 5, 'restock', '2025-10-27 07:57:04', '2025-10-27 07:57:04', '2025-10-31'),
(149, 29, 5, 'restock', '2025-10-27 07:57:14', '2025-10-27 07:57:14', '2025-10-31'),
(150, 28, 10, 'restock', '2025-10-27 07:57:32', '2025-10-27 07:57:32', '2025-10-31'),
(151, 27, 1, 'restock', '2025-10-27 07:57:48', '2025-10-27 07:57:48', '2025-11-07'),
(152, 26, 1, 'restock', '2025-10-27 07:59:01', '2025-10-27 07:59:01', '2025-11-07'),
(153, 25, 1, 'restock', '2025-10-27 07:59:11', '2025-10-27 07:59:11', '2025-11-07'),
(154, 24, 1, 'restock', '2025-10-27 07:59:20', '2025-10-27 07:59:20', '2025-10-31'),
(155, 23, 5, 'restock', '2025-10-27 07:59:34', '2025-10-27 07:59:34', '2025-10-31'),
(156, 22, 5, 'restock', '2025-10-27 07:59:57', '2025-10-27 07:59:57', '2025-10-31'),
(157, 21, 10, 'restock', '2025-10-27 08:00:10', '2025-10-27 08:00:10', '2025-10-31'),
(158, 20, 10, 'restock', '2025-10-27 08:00:21', '2025-10-27 08:00:21', '2025-10-31'),
(159, 19, 10, 'restock', '2025-10-27 08:00:32', '2025-10-27 08:00:32', '2025-10-31'),
(160, 18, 10, 'restock', '2025-10-27 08:00:45', '2025-10-27 08:00:45', '2025-10-31'),
(161, 17, 10, 'restock', '2025-10-27 08:01:48', '2025-10-27 08:01:48', '2025-10-31'),
(162, 16, 5, 'restock', '2025-10-27 08:01:58', '2025-10-27 08:01:58', '2025-10-31'),
(163, 4, 1, 'restock', '2025-10-27 08:02:06', '2025-10-27 08:02:06', '2025-11-07'),
(164, 14, 5, 'restock', '2025-10-27 08:02:19', '2025-10-27 08:02:19', '2025-10-31'),
(165, 3, 10, 'restock', '2025-10-27 08:02:28', '2025-10-27 08:02:28', '2025-10-31'),
(166, 2, 5, 'restock', '2025-10-27 08:02:41', '2025-10-27 08:02:41', '2025-10-31'),
(167, 1, 1, 'restock', '2025-10-27 08:02:52', '2025-10-27 08:02:52', '2025-11-07'),
(168, 5, 5, 'restock', '2025-10-27 13:06:15', '2025-10-27 13:06:15', '2025-10-31'),
(169, 6, 10, 'restock', '2025-10-27 13:09:36', '2025-10-27 13:09:36', '2025-10-31'),
(170, 11, 20, 'restock', '2025-10-27 13:10:25', '2025-10-27 13:10:25', '2025-10-31'),
(171, 10, 20, 'restock', '2025-10-27 13:10:45', '2025-10-27 13:10:45', '2025-10-31'),
(172, 9, 10, 'restock', '2025-10-27 13:12:16', '2025-10-27 13:12:16', '2025-10-31'),
(173, 8, 10, 'restock', '2025-10-27 13:13:41', '2025-10-27 13:13:41', '2025-10-31'),
(174, 1, 1, 'restock', '2025-10-28 12:28:10', '2025-10-28 12:28:10', '2025-11-07'),
(175, 4, 1, 'restock', '2025-10-28 12:39:34', '2025-10-28 12:39:34', '2025-11-07'),
(176, 2, 5, 'restock', '2025-10-31 07:32:45', '2025-10-31 07:32:45', '2025-11-03'),
(177, 57, 5, 'expire', '2025-11-01 15:29:34', '2025-11-01 15:29:34', '2025-11-07'),
(178, 56, 10, 'expiry', '2025-11-01 15:29:46', '2025-11-01 15:29:46', '2025-11-07'),
(179, 53, 5, 'restock', '2025-11-01 15:29:57', '2025-11-01 15:29:57', '2025-11-07'),
(180, 50, 5, 'restock', '2025-11-01 15:30:06', '2025-11-01 15:30:06', '2025-11-07'),
(181, 49, 5, 'restock', '2025-11-01 15:30:15', '2025-11-01 15:30:15', '2025-11-07'),
(182, 48, 5, 'restock', '2025-11-01 15:30:30', '2025-11-01 15:30:30', '2025-11-07'),
(183, 47, 5, 'restock', '2025-11-01 15:30:40', '2025-11-01 15:30:40', '2025-11-07'),
(184, 46, 5, 'restock', '2025-11-01 15:30:48', '2025-11-01 15:30:48', '2025-11-07'),
(185, 45, 5, 'restock', '2025-11-01 15:30:57', '2025-11-01 15:30:57', '2025-11-07'),
(186, 44, 5, 'restock', '2025-11-01 15:31:04', '2025-11-01 15:31:04', '2025-11-07'),
(187, 16, 5, 'restock', '2025-11-01 15:31:17', '2025-11-01 15:31:17', '2025-11-07'),
(188, 14, 5, 'restock', '2025-11-01 15:31:28', '2025-11-01 15:31:28', '2025-11-07'),
(189, 1, 1, 'restock', '2025-11-01 15:31:37', '2025-11-01 15:31:37', '2025-11-07'),
(190, 4, 1, 'restock', '2025-11-01 15:31:54', '2025-11-01 15:31:54', '2025-11-07'),
(191, 24, 1, 'restock', '2025-11-01 15:33:41', '2025-11-01 15:33:41', '2025-11-07'),
(192, 3, 10, 'restock', '2025-11-02 02:53:48', '2025-11-02 02:53:48', '2025-11-07'),
(193, 43, 5, 'restock', '2025-11-02 02:53:59', '2025-11-02 02:53:59', '2025-11-07'),
(194, 42, 5, 'restock', '2025-11-02 02:54:10', '2025-11-02 02:54:10', '2025-11-07'),
(195, 41, 5, 'restock', '2025-11-02 02:54:18', '2025-11-02 02:54:18', '2025-11-07'),
(196, 40, 5, 'restock', '2025-11-02 02:54:27', '2025-11-02 02:54:27', '2025-11-07'),
(197, 34, 10, 'restock', '2025-11-02 02:54:35', '2025-11-02 02:54:35', '2025-11-07'),
(198, 33, 5, 'restock', '2025-11-02 02:57:27', '2025-11-02 02:57:27', '2025-11-07'),
(199, 39, 20, 'restock', '2025-11-02 02:57:36', '2025-11-02 02:57:36', '2025-11-07'),
(200, 32, 10, 'restock', '2025-11-02 02:57:46', '2025-11-02 02:57:46', '2025-11-07'),
(201, 31, 5, 'restock', '2025-11-02 02:57:54', '2025-11-02 02:57:54', '2025-11-07'),
(202, 30, 5, 'restock', '2025-11-02 02:58:06', '2025-11-02 02:58:06', '2025-11-07'),
(203, 29, 5, 'restock', '2025-11-02 02:58:14', '2025-11-02 02:58:14', '2025-11-07'),
(204, 28, 10, 'restock', '2025-11-02 02:58:22', '2025-11-02 02:58:22', '2025-11-07'),
(205, 23, 5, 'restock', '2025-11-02 02:58:30', '2025-11-02 02:58:30', '2025-11-07'),
(206, 22, 5, 'restock', '2025-11-02 02:58:40', '2025-11-02 02:58:40', '2025-11-07'),
(207, 21, 10, 'restock', '2025-11-02 02:59:44', '2025-11-02 02:59:44', '2025-11-07'),
(208, 20, 10, 'restock', '2025-11-02 02:59:54', '2025-11-02 02:59:54', '2025-11-07'),
(209, 19, 10, 'restock', '2025-11-02 03:00:02', '2025-11-02 03:00:02', '2025-11-07'),
(210, 18, 10, 'restock', '2025-11-02 03:00:27', '2025-11-02 03:00:27', '2025-11-07'),
(211, 17, 10, 'restock', '2025-11-02 03:00:37', '2025-11-02 03:00:37', '2025-11-07'),
(212, 11, 20, 'restock', '2025-11-02 03:00:53', '2025-11-02 03:00:53', '2025-11-07'),
(213, 10, 20, 'restock', '2025-11-02 03:01:05', '2025-11-02 03:01:05', '2025-11-07'),
(214, 8, 10, 'restock', '2025-11-02 03:01:53', '2025-11-02 03:01:53', '2025-11-07'),
(215, 6, 10, 'restock', '2025-11-02 03:04:35', '2025-11-02 03:04:35', '2025-11-07'),
(216, 5, 5, 'restock', '2025-11-02 03:06:09', '2025-11-02 03:06:09', '2025-11-07'),
(217, 9, 10, 'restock', '2025-11-02 03:06:20', '2025-11-02 03:06:20', '2025-11-07'),
(218, 2, 5, 'restock', '2025-11-04 01:23:14', '2025-11-04 01:23:14', '2025-11-14'),
(219, 1, 1, 'restock', '2025-11-04 01:23:36', '2025-11-04 01:23:36', '2025-11-21'),
(220, 69, 5, 'restock', '2025-11-04 01:57:50', '2025-11-04 01:57:50', '2025-11-14'),
(221, 58, 1, 'restock', '2025-11-13 01:31:06', '2025-11-13 01:31:06', '2025-11-21'),
(222, 57, 5, 'restock', '2025-11-13 01:31:21', '2025-11-13 01:31:21', '2025-11-16'),
(223, 56, 10, 'restock', '2025-11-13 01:31:33', '2025-11-13 01:31:33', '2025-11-16'),
(224, 53, 5, 'restock', '2025-11-13 01:31:42', '2025-11-13 01:31:42', '2025-11-16'),
(225, 50, 5, 'out of stock', '2025-11-13 01:31:57', '2025-11-13 01:31:57', '2025-11-16'),
(226, 49, 5, 'restock', '2025-11-13 01:32:08', '2025-11-13 01:32:08', '2025-11-16'),
(227, 48, 5, 'restock', '2025-11-13 01:32:43', '2025-11-13 01:32:43', '2025-11-17'),
(228, 47, 5, 'restock', '2025-11-13 01:33:07', '2025-11-13 01:33:07', '2025-11-17'),
(229, 46, 5, 'restock', '2025-11-13 01:33:29', '2025-11-13 01:33:29', '2025-11-17'),
(230, 45, 5, 'restock', '2025-11-13 01:33:39', '2025-11-13 01:33:39', '2025-11-17'),
(231, 44, 5, 'restock', '2025-11-13 01:33:51', '2025-11-13 01:33:51', '2025-11-17'),
(232, 43, 5, 'restock', '2025-11-13 01:34:03', '2025-11-13 01:34:03', '2025-11-17'),
(233, 42, 5, 'nil', '2025-11-13 01:34:12', '2025-11-13 01:34:12', '2025-11-17'),
(234, 41, 5, 'restock', '2025-11-13 01:34:21', '2025-11-13 01:34:21', '2025-11-17'),
(235, 40, 5, 'restock', '2025-11-13 01:34:30', '2025-11-13 01:34:30', '2025-11-17'),
(236, 39, 20, 'restock', '2025-11-13 01:34:41', '2025-11-13 01:34:41', '2025-11-17'),
(237, 38, 1, 'nil', '2025-11-13 01:35:11', '2025-11-13 01:35:11', '2025-11-21'),
(238, 37, 1, 'restock', '2025-11-13 01:35:28', '2025-11-13 01:35:28', '2025-11-21'),
(239, 36, 1, 'nil', '2025-11-13 01:35:40', '2025-11-13 01:35:40', '2025-11-21'),
(240, 35, 1, 'restock', '2025-11-13 01:35:52', '2025-11-13 01:35:52', '2025-11-21'),
(241, 34, 10, 'restock', '2025-11-13 01:36:01', '2025-11-13 01:36:01', '2025-11-17'),
(242, 33, 5, 'restock', '2025-11-13 01:36:16', '2025-11-13 01:36:16', '2025-11-17'),
(243, 32, 10, 'restock', '2025-11-13 01:36:25', '2025-11-13 01:36:25', '2025-11-17'),
(244, 31, 5, 'restock', '2025-11-13 01:36:38', '2025-11-13 01:36:38', '2025-11-17'),
(245, 30, 5, 'restock', '2025-11-13 01:36:49', '2025-11-13 01:36:49', '2025-11-17'),
(246, 3, 10, 'restock', '2025-11-13 01:37:01', '2025-11-13 01:37:01', '2025-11-17'),
(247, 25, 1, 'restock', '2025-11-13 01:37:09', '2025-11-13 01:37:09', '2025-11-17'),
(248, 27, 1, 'restock', '2025-11-13 01:37:20', '2025-11-13 01:37:20', '2025-11-21'),
(249, 29, 5, 'nil', '2025-11-13 01:38:24', '2025-11-13 01:38:24', '2025-11-17'),
(250, 28, 10, 'restock', '2025-11-13 01:38:36', '2025-11-13 01:38:36', '2025-11-17'),
(251, 26, 1, 'restock', '2025-11-13 01:38:46', '2025-11-13 01:38:46', '2025-11-21'),
(252, 24, 1, 'restock', '2025-11-13 01:38:56', '2025-11-13 01:38:56', '2025-11-21'),
(253, 23, 5, 'restock', '2025-11-13 01:39:05', '2025-11-13 01:39:05', '2025-11-17'),
(254, 22, 5, 'restock', '2025-11-13 01:39:14', '2025-11-13 01:39:14', '2025-11-17'),
(255, 21, 10, 'restock', '2025-11-13 01:39:29', '2025-11-13 01:39:29', '2025-11-17'),
(256, 20, 10, 'restock', '2025-11-13 01:39:39', '2025-11-13 01:39:39', '2025-11-17'),
(257, 19, 10, 'restock', '2025-11-13 01:39:50', '2025-11-13 01:39:50', '2025-11-17'),
(258, 18, 10, 'restock', '2025-11-13 01:40:01', '2025-11-13 01:40:01', '2025-11-17'),
(259, 17, 10, 'restock', '2025-11-13 01:40:10', '2025-11-13 01:40:10', '2025-11-17'),
(260, 16, 5, 'restock', '2025-11-13 01:40:19', '2025-11-13 01:40:19', '2025-11-17'),
(261, 14, 5, 'restock', '2025-11-13 01:40:31', '2025-11-13 01:40:31', '2025-11-17'),
(262, 11, 20, 'restock', '2025-11-13 01:40:41', '2025-11-13 01:40:41', '2025-11-17'),
(263, 10, 20, 'restock', '2025-11-13 01:40:51', '2025-11-13 01:40:51', '2025-11-17'),
(264, 9, 10, 'restock', '2025-11-13 01:40:59', '2025-11-13 01:40:59', '2025-11-17'),
(265, 8, 10, 'restock', '2025-11-13 01:41:08', '2025-11-13 01:41:08', '2025-11-17'),
(266, 6, 10, 'restock', '2025-11-13 01:41:16', '2025-11-13 01:41:16', '2025-11-17'),
(267, 5, 5, 'restock', '2025-11-13 01:41:25', '2025-11-13 01:41:25', '2025-11-17'),
(268, 4, 1, 'restock', '2025-11-13 01:41:52', '2025-11-13 01:41:52', '2025-11-21'),
(269, 34, 10, 'restock', '2025-11-13 02:37:18', '2025-11-13 02:37:18', '2025-11-17'),
(270, 34, 10, 'restock', '2025-11-13 02:38:53', '2025-11-13 02:38:53', '2025-11-17'),
(271, 34, 10, 'restock', '2025-11-13 02:41:37', '2025-11-13 02:41:37', '2025-11-17'),
(272, 34, 10, 'restock', '2025-11-13 02:47:12', '2025-11-13 02:47:12', '2025-11-17'),
(273, 34, 10, 'restock', '2025-11-13 02:49:42', '2025-11-13 02:49:42', '2025-11-17'),
(274, 34, 10, 'restock', '2025-11-13 02:52:51', '2025-11-13 02:52:51', '2025-11-17'),
(275, 34, 10, 'restock', '2025-11-13 02:54:24', '2025-11-13 02:54:24', '2025-11-17'),
(276, 34, 10, 'restock', '2025-11-13 02:54:47', '2025-11-13 02:54:47', '2025-11-17'),
(277, 34, 10, 'restock', '2025-11-13 02:56:16', '2025-11-13 02:56:16', '2025-11-17'),
(278, 34, 10, 'restock', '2025-11-13 02:58:50', '2025-11-13 02:58:50', '2025-11-17'),
(279, 34, 10, 'restock', '2025-11-13 03:03:51', '2025-11-13 03:03:51', '2025-11-17'),
(280, 34, 10, 'restock', '2025-11-13 03:06:20', '2025-11-13 03:06:20', '2025-11-17');

-- --------------------------------------------------------

--
-- Table structure for table `raw_items`
--

CREATE TABLE `raw_items` (
  `raw_id` int(11) NOT NULL,
  `name` varchar(255) NOT NULL,
  `unit` varchar(50) NOT NULL,
  `current_stock` int(11) NOT NULL DEFAULT 0,
  `max_stock` int(11) NOT NULL DEFAULT 0,
  `date_issued` timestamp NOT NULL DEFAULT current_timestamp(),
  `expiry_date` date DEFAULT NULL
) ENGINE=InnoDB DEFAULT CHARSET=utf8mb4 COLLATE=utf8mb4_general_ci;

--
-- Dumping data for table `raw_items`
--

INSERT INTO `raw_items` (`raw_id`, `name`, `unit`, `current_stock`, `max_stock`, `date_issued`, `expiry_date`) VALUES
(1, 'Wheat Flour', 'packet', 978, 1000, '2025-11-13 05:06:13', '2026-04-30'),
(2, 'Sugar', 'packet', 976, 1000, '2025-11-13 05:06:00', '2026-10-15'),
(3, 'Eggs', 'pcs', 976, 1000, '2025-11-13 05:04:21', '2025-11-21'),
(4, 'Butter', 'packet', 978, 1000, '2025-11-13 02:35:13', '2025-12-31'),
(5, 'Fresh Milk', 'bottle', 976, 1000, '2025-11-13 02:33:59', '2025-11-21'),
(6, 'Whipping Cream', 'bottle', 994, 1000, '2025-11-02 02:56:55', '2025-11-30'),
(7, 'Strawberries', 'packet', 996, 1000, '2025-10-27 07:05:56', '2025-12-31'),
(8, 'Vanilla Essence', 'packet', 992, 1000, '2025-10-30 07:26:26', '2026-10-15'),
(9, 'Baking Powder', 'packet', 992, 1000, '2025-10-30 07:34:09', '2026-10-15'),
(10, 'Salt', 'packet', 994, 1000, '2025-10-30 07:34:00', '2027-10-15'),
(11, 'Cocoa Powder', 'packet', 992, 1000, '2025-10-14 16:00:00', '2026-10-15'),
(12, 'Dark Chocolate', 'packet', 998, 1000, '2025-10-14 16:00:00', '2026-04-15'),
(13, 'Cream Cheese', 'packet', 992, 1000, '2025-11-13 02:33:02', '2025-11-21'),
(14, 'Mascarpone Cheese', 'packet', 998, 1000, '2025-10-14 16:00:00', '2025-12-15'),
(15, 'Espresso Coffee', 'bottle', 998, 1000, '2025-10-30 07:33:37', '2025-12-15'),
(16, 'Cherries', 'packet', 998, 1000, '2025-11-13 02:32:32', '2025-11-21'),
(17, 'Pistachios', 'packet', 998, 1000, '2025-10-30 07:33:27', '2026-04-15'),
(18, 'Almonds', 'packet', 998, 1000, '2025-10-14 16:00:00', '2026-04-15'),
(19, 'Matcha Powder', 'packet', 1000, 1000, '2025-10-30 07:33:15', '2026-10-15'),
(20, 'Red Food Coloring', 'bottle', 998, 1000, '2025-10-30 07:33:00', '2026-10-15'),
(21, 'Carrots', 'packet', 998, 1000, '2025-11-13 02:31:57', '2025-11-21'),
(22, 'Cinnamon Powder', 'packet', 998, 1000, '2025-10-30 07:32:25', '2026-10-15'),
(23, 'Blueberries', 'packet', 998, 1000, '2025-11-13 02:31:19', '2025-11-30'),
(24, 'Oreo Cookies', 'packet', 998, 1000, '2025-10-14 16:00:00', '2026-04-15'),
(25, 'Food Coloring (Assorted)', 'bottle', 998, 1000, '2025-10-30 07:32:10', '2026-10-15'),
(26, 'Yeast', 'packet', 1000, 1000, '2025-10-30 07:31:22', '2026-10-15'),
(27, 'Bread Improver', 'packet', 1000, 1000, '2025-10-30 07:31:05', '2026-10-15'),
(28, 'Olive Oil', 'bottle', 1000, 1000, '2025-10-17 04:12:15', '2026-10-15'),
(29, 'Cheese', 'packet', 998, 1000, '2025-10-17 04:11:57', '2025-12-15'),
(30, 'Garlic', 'packet', 1000, 1000, '2025-10-17 04:10:45', '2025-11-15'),
(31, 'Ham Slices', 'pack', 1000, 1000, '2025-11-13 02:30:39', '2025-11-21'),
(32, 'Chicken Fillet', 'packet', 1000, 1000, '2025-11-13 02:29:08', '2025-11-21'),
(33, 'Fish Fillet', 'packet', 1000, 1000, '2025-11-13 02:28:17', '2025-11-17'),
(34, 'Mayonnaise', 'packet', 1000, 1000, '2025-10-17 04:11:30', '2025-12-15'),
(35, 'Tomato Sauce', 'packet', 1000, 1000, '2025-11-02 03:05:28', '2026-04-30'),
(36, 'Curry Paste', 'packet', 1000, 1000, '2025-10-17 04:11:22', '2025-11-15'),
(37, 'Sardines', 'packet', 1000, 1000, '2025-11-13 02:29:56', '2025-11-21'),
(38, 'Mushrooms', 'packet', 1000, 1000, '2025-11-13 02:27:22', '2025-11-21'),
(39, 'Egg Custard', 'packet', 1000, 1000, '2025-11-13 02:13:57', '2025-11-17'),
(40, 'Chocolate Chips', 'packet', 1000, 1000, '2025-10-17 04:09:51', '2026-10-15'),
(41, 'Kiwi Fruit', 'packet', 1000, 1000, '2025-11-13 04:09:49', '2025-11-17'),
(42, 'Honey', 'packet', 1000, 1000, '2025-10-17 04:09:34', '2026-10-15'),
(43, 'Macaron Shells', 'packet', 1000, 1000, '2025-10-17 04:09:15', '2026-01-15'),
(44, 'Baking Chocolate', 'packet', 1000, 1000, '2025-11-13 01:51:35', '2026-04-15'),
(45, 'Wholemeal Flour', 'packet', 1000, 1000, '2025-10-17 04:10:16', '2026-04-15'),
(46, 'Buttercream', 'packet', 1000, 1000, '2025-10-17 04:09:10', '2025-11-15'),
(47, 'Parmesan Cheese', 'packet', 1000, 1000, '2025-11-02 03:05:14', '2025-12-31'),
(48, 'Bread Crumbs', 'packet', 1000, 1000, '2025-10-30 08:04:07', '2026-10-15');

-- --------------------------------------------------------

--
-- Table structure for table `raw_item_stock_history`
--

CREATE TABLE `raw_item_stock_history` (
  `history_id` int(11) NOT NULL,
  `raw_id` int(11) NOT NULL,
  `stock_change` int(11) NOT NULL,
  `reason` varchar(255) DEFAULT NULL,
  `date_updated` datetime NOT NULL,
  `created_at` datetime NOT NULL
) ENGINE=InnoDB DEFAULT CHARSET=utf8mb4 COLLATE=utf8mb4_general_ci;

--
-- Dumping data for table `raw_item_stock_history`
--

INSERT INTO `raw_item_stock_history` (`history_id`, `raw_id`, `stock_change`, `reason`, `date_updated`, `created_at`) VALUES
(14, 1, -1, 'restock', '2025-10-15 13:49:38', '2025-10-15 13:49:38'),
(15, 2, -1, 'restock', '2025-10-15 13:49:38', '2025-10-15 13:49:38'),
(16, 3, -4, 'restock', '2025-10-15 13:49:38', '2025-10-15 13:49:38'),
(17, 4, 0, 'restock', '2025-10-15 13:49:38', '2025-10-15 13:49:38'),
(18, 5, 0, 'restock', '2025-10-15 13:49:38', '2025-10-15 13:49:38'),
(19, 6, 0, 'restock', '2025-10-15 13:49:38', '2025-10-15 13:49:38'),
(20, 7, 0, 'restock', '2025-10-15 13:49:38', '2025-10-15 13:49:38'),
(21, 8, 0, 'restock', '2025-10-15 13:49:38', '2025-10-15 13:49:38'),
(22, 9, 0, 'restock', '2025-10-15 13:49:38', '2025-10-15 13:49:38'),
(23, 10, 0, 'restock', '2025-10-15 13:49:38', '2025-10-15 13:49:38'),
(24, 1, -5, 'restock', '2025-10-15 13:52:48', '2025-10-15 13:52:48'),
(27, 10, 0, 'restock', '2025-10-15 13:52:48', '2025-10-15 13:52:48'),
(28, 1, -1, 'restock', '2025-10-15 19:38:59', '2025-10-15 19:38:59'),
(29, 2, -1, 'restock', '2025-10-15 19:38:59', '2025-10-15 19:38:59'),
(30, 3, -4, 'restock', '2025-10-15 19:38:59', '2025-10-15 19:38:59'),
(31, 4, 0, 'restock', '2025-10-15 19:38:59', '2025-10-15 19:38:59'),
(32, 5, 0, 'restock', '2025-10-15 19:38:59', '2025-10-15 19:38:59'),
(33, 6, 0, 'restock', '2025-10-15 19:38:59', '2025-10-15 19:38:59'),
(34, 7, 0, 'restock', '2025-10-15 19:38:59', '2025-10-15 19:38:59'),
(35, 8, 0, 'restock', '2025-10-15 19:38:59', '2025-10-15 19:38:59'),
(36, 9, 0, 'restock', '2025-10-15 19:38:59', '2025-10-15 19:38:59'),
(37, 10, 0, 'restock', '2025-10-15 19:38:59', '2025-10-15 19:38:59'),
(38, 1, -1, 'restock', '2025-10-17 10:41:26', '2025-10-17 10:41:26'),
(39, 17, 0, 'restock', '2025-10-17 10:41:26', '2025-10-17 10:41:26'),
(40, 2, 0, 'restock', '2025-10-17 10:41:26', '2025-10-17 10:41:26'),
(41, 3, -5, 'restock', '2025-10-17 10:41:26', '2025-10-17 10:41:26'),
(42, 4, 0, 'restock', '2025-10-17 10:41:26', '2025-10-17 10:41:26'),
(43, 5, 0, 'restock', '2025-10-17 10:41:26', '2025-10-17 10:41:26'),
(44, 18, 0, 'restock', '2025-10-17 10:41:26', '2025-10-17 10:41:26'),
(45, 8, 0, 'restock', '2025-10-17 10:41:26', '2025-10-17 10:41:26'),
(46, 1, -10, 'restock', '2025-10-17 10:42:06', '2025-10-17 10:42:06'),
(47, 2, -5, 'restock', '2025-10-17 10:42:06', '2025-10-17 10:42:06'),
(48, 4, -4, 'restock', '2025-10-17 10:42:06', '2025-10-17 10:42:06'),
(49, 5, -3, 'restock', '2025-10-17 10:42:06', '2025-10-17 10:42:06'),
(50, 3, -20, 'restock', '2025-10-17 10:42:06', '2025-10-17 10:42:06'),
(51, 26, -5, 'restock', '2025-10-17 10:42:06', '2025-10-17 10:42:06'),
(52, 9, 0, 'restock', '2025-10-17 10:42:06', '2025-10-17 10:42:06'),
(53, 10, 0, 'restock', '2025-10-17 10:42:06', '2025-10-17 10:42:06'),
(54, 1, -1, 'restock', '2025-10-17 10:42:15', '2025-10-17 10:42:15'),
(55, 21, 0, 'restock', '2025-10-17 10:42:15', '2025-10-17 10:42:15'),
(56, 2, 0, 'restock', '2025-10-17 10:42:15', '2025-10-17 10:42:15'),
(57, 3, -5, 'restock', '2025-10-17 10:42:15', '2025-10-17 10:42:15'),
(58, 4, 0, 'restock', '2025-10-17 10:42:15', '2025-10-17 10:42:15'),
(59, 5, 0, 'restock', '2025-10-17 10:42:15', '2025-10-17 10:42:15'),
(60, 22, 0, 'restock', '2025-10-17 10:42:15', '2025-10-17 10:42:15'),
(61, 1, -1, 'restock', '2025-10-17 10:42:41', '2025-10-17 10:42:41'),
(62, 2, 0, 'restock', '2025-10-17 10:42:41', '2025-10-17 10:42:41'),
(63, 3, -5, 'restock', '2025-10-17 10:42:41', '2025-10-17 10:42:41'),
(64, 4, 0, 'restock', '2025-10-17 10:42:41', '2025-10-17 10:42:41'),
(65, 5, 0, 'restock', '2025-10-17 10:42:41', '2025-10-17 10:42:41'),
(66, 11, 0, 'restock', '2025-10-17 10:42:41', '2025-10-17 10:42:41'),
(67, 16, 0, 'restock', '2025-10-17 10:42:41', '2025-10-17 10:42:41'),
(68, 6, 0, 'restock', '2025-10-17 10:42:41', '2025-10-17 10:42:41'),
(69, 1, 0, 'restock', '2025-10-17 10:42:53', '2025-10-17 10:42:53'),
(70, 2, 0, 'restock', '2025-10-17 10:42:53', '2025-10-17 10:42:53'),
(71, 3, -5, 'restock', '2025-10-17 10:42:53', '2025-10-17 10:42:53'),
(72, 4, 0, 'restock', '2025-10-17 10:42:53', '2025-10-17 10:42:53'),
(73, 5, 0, 'restock', '2025-10-17 10:42:53', '2025-10-17 10:42:53'),
(74, 13, 0, 'restock', '2025-10-17 10:42:53', '2025-10-17 10:42:53'),
(75, 24, -1, 'restock', '2025-10-17 10:42:53', '2025-10-17 10:42:53'),
(76, 1, 0, 'restock', '2025-10-17 10:43:04', '2025-10-17 10:43:04'),
(77, 2, 0, 'restock', '2025-10-17 10:43:04', '2025-10-17 10:43:04'),
(78, 3, -5, 'restock', '2025-10-17 10:43:04', '2025-10-17 10:43:04'),
(79, 4, 0, 'restock', '2025-10-17 10:43:04', '2025-10-17 10:43:04'),
(80, 5, 0, 'restock', '2025-10-17 10:43:04', '2025-10-17 10:43:04'),
(81, 13, 0, 'restock', '2025-10-17 10:43:04', '2025-10-17 10:43:04'),
(82, 23, 0, 'restock', '2025-10-17 10:43:04', '2025-10-17 10:43:04'),
(83, 1, 0, 'restock', '2025-10-17 10:48:27', '2025-10-17 10:48:27'),
(84, 2, 0, 'restock', '2025-10-17 10:48:27', '2025-10-17 10:48:27'),
(85, 3, -5, 'restock', '2025-10-17 10:48:27', '2025-10-17 10:48:27'),
(86, 4, 0, 'restock', '2025-10-17 10:48:27', '2025-10-17 10:48:27'),
(87, 5, 0, 'restock', '2025-10-17 10:48:27', '2025-10-17 10:48:27'),
(88, 14, 0, 'restock', '2025-10-17 10:48:27', '2025-10-17 10:48:27'),
(89, 15, 0, 'restock', '2025-10-17 10:48:27', '2025-10-17 10:48:27'),
(90, 1, -1, 'restock', '2025-10-17 10:48:39', '2025-10-17 10:48:39'),
(91, 2, 0, 'restock', '2025-10-17 10:48:39', '2025-10-17 10:48:39'),
(92, 3, -5, 'restock', '2025-10-17 10:48:39', '2025-10-17 10:48:39'),
(93, 4, 0, 'restock', '2025-10-17 10:48:39', '2025-10-17 10:48:39'),
(94, 5, 0, 'restock', '2025-10-17 10:48:39', '2025-10-17 10:48:39'),
(95, 25, 0, 'restock', '2025-10-17 10:48:39', '2025-10-17 10:48:39'),
(96, 6, 0, 'restock', '2025-10-17 10:48:39', '2025-10-17 10:48:39'),
(97, 1, -1, 'out of stock', '2025-10-17 10:48:53', '2025-10-17 10:48:53'),
(98, 2, 0, 'out of stock', '2025-10-17 10:48:53', '2025-10-17 10:48:53'),
(99, 3, -5, 'out of stock', '2025-10-17 10:48:53', '2025-10-17 10:48:53'),
(100, 4, 0, 'out of stock', '2025-10-17 10:48:53', '2025-10-17 10:48:53'),
(101, 5, 0, 'out of stock', '2025-10-17 10:48:53', '2025-10-17 10:48:53'),
(102, 11, 0, 'out of stock', '2025-10-17 10:48:53', '2025-10-17 10:48:53'),
(103, 20, 0, 'out of stock', '2025-10-17 10:48:53', '2025-10-17 10:48:53'),
(104, 13, 0, 'out of stock', '2025-10-17 10:48:53', '2025-10-17 10:48:53'),
(105, 1, 0, 'out of stock', '2025-10-17 10:49:10', '2025-10-17 10:49:10'),
(106, 2, 0, 'out of stock', '2025-10-17 10:49:10', '2025-10-17 10:49:10'),
(107, 3, -5, 'out of stock', '2025-10-17 10:49:10', '2025-10-17 10:49:10'),
(108, 4, 0, 'out of stock', '2025-10-17 10:49:10', '2025-10-17 10:49:10'),
(109, 5, 0, 'out of stock', '2025-10-17 10:49:10', '2025-10-17 10:49:10'),
(110, 13, 0, 'out of stock', '2025-10-17 10:49:10', '2025-10-17 10:49:10'),
(111, 8, 0, 'out of stock', '2025-10-17 10:49:10', '2025-10-17 10:49:10'),
(112, 1, -4, 'restock', '2025-10-17 10:49:28', '2025-10-17 10:49:28'),
(113, 2, -3, 'restock', '2025-10-17 10:49:28', '2025-10-17 10:49:28'),
(114, 3, -15, 'restock', '2025-10-17 10:49:28', '2025-10-17 10:49:28'),
(115, 4, -2, 'restock', '2025-10-17 10:49:28', '2025-10-17 10:49:28'),
(116, 5, -2, 'restock', '2025-10-17 10:49:28', '2025-10-17 10:49:28'),
(117, 6, -1, 'restock', '2025-10-17 10:49:28', '2025-10-17 10:49:28'),
(118, 28, 0, 'restock', '2025-10-17 10:49:28', '2025-10-17 10:49:28'),
(119, 9, 0, 'restock', '2025-10-17 10:49:28', '2025-10-17 10:49:28'),
(120, 1, -4, 'restock', '2025-10-17 10:49:51', '2025-10-17 10:49:51'),
(121, 2, -3, 'restock', '2025-10-17 10:49:51', '2025-10-17 10:49:51'),
(122, 3, -15, 'restock', '2025-10-17 10:49:51', '2025-10-17 10:49:51'),
(123, 4, -2, 'restock', '2025-10-17 10:49:51', '2025-10-17 10:49:51'),
(124, 5, -2, 'restock', '2025-10-17 10:49:51', '2025-10-17 10:49:51'),
(125, 6, -1, 'restock', '2025-10-17 10:49:51', '2025-10-17 10:49:51'),
(126, 28, 0, 'restock', '2025-10-17 10:49:51', '2025-10-17 10:49:51'),
(127, 9, 0, 'restock', '2025-10-17 10:49:51', '2025-10-17 10:49:51'),
(128, 1, -10, 'restock', '2025-10-17 10:58:14', '2025-10-17 10:58:14'),
(129, 4, -5, 'restock', '2025-10-17 10:58:14', '2025-10-17 10:58:14'),
(130, 2, -4, 'restock', '2025-10-17 10:58:14', '2025-10-17 10:58:14'),
(131, 3, -20, 'restock', '2025-10-17 10:58:14', '2025-10-17 10:58:14'),
(132, 5, -3, 'restock', '2025-10-17 10:58:14', '2025-10-17 10:58:14'),
(133, 9, 0, 'restock', '2025-10-17 10:58:14', '2025-10-17 10:58:14'),
(134, 10, 0, 'restock', '2025-10-17 10:58:14', '2025-10-17 10:58:14'),
(135, 1, -8, 'not enough', '2025-10-17 11:13:30', '2025-10-17 11:13:30'),
(136, 2, -6, 'not enough', '2025-10-17 11:13:30', '2025-10-17 11:13:30'),
(137, 3, -30, 'not enough', '2025-10-17 11:13:30', '2025-10-17 11:13:30'),
(138, 4, -3, 'not enough', '2025-10-17 11:13:30', '2025-10-17 11:13:30'),
(139, 5, -3, 'not enough', '2025-10-17 11:13:30', '2025-10-17 11:13:30'),
(140, 6, -2, 'not enough', '2025-10-17 11:13:30', '2025-10-17 11:13:30'),
(141, 28, -1, 'not enough', '2025-10-17 11:13:30', '2025-10-17 11:13:30'),
(142, 9, 0, 'not enough', '2025-10-17 11:13:30', '2025-10-17 11:13:30'),
(143, 1, -1, 'restock', '2025-10-17 11:18:18', '2025-10-17 11:18:18'),
(144, 17, 0, 'restock', '2025-10-17 11:18:18', '2025-10-17 11:18:18'),
(145, 2, 0, 'restock', '2025-10-17 11:18:18', '2025-10-17 11:18:18'),
(146, 3, -5, 'restock', '2025-10-17 11:18:18', '2025-10-17 11:18:18'),
(147, 4, 0, 'restock', '2025-10-17 11:18:18', '2025-10-17 11:18:18'),
(148, 5, 0, 'restock', '2025-10-17 11:18:18', '2025-10-17 11:18:18'),
(149, 18, 0, 'restock', '2025-10-17 11:18:18', '2025-10-17 11:18:18'),
(150, 8, 0, 'restock', '2025-10-17 11:18:18', '2025-10-17 11:18:18'),
(151, 1, -1, 'out of stock', '2025-10-17 11:30:25', '2025-10-17 11:30:25'),
(152, 17, 0, 'out of stock', '2025-10-17 11:30:25', '2025-10-17 11:30:25'),
(153, 2, -1, 'out of stock', '2025-10-17 11:30:25', '2025-10-17 11:30:25'),
(154, 3, -4, 'out of stock', '2025-10-17 11:30:25', '2025-10-17 11:30:25'),
(155, 4, 0, 'out of stock', '2025-10-17 11:30:25', '2025-10-17 11:30:25'),
(156, 5, 0, 'out of stock', '2025-10-17 11:30:25', '2025-10-17 11:30:25'),
(157, 18, 0, 'out of stock', '2025-10-17 11:30:25', '2025-10-17 11:30:25'),
(158, 8, 0, 'out of stock', '2025-10-17 11:30:25', '2025-10-17 11:30:25'),
(159, 1, -1, 'restock', '2025-10-17 11:31:49', '2025-10-17 11:31:49'),
(160, 21, 0, 'restock', '2025-10-17 11:31:49', '2025-10-17 11:31:49'),
(161, 2, 0, 'restock', '2025-10-17 11:31:49', '2025-10-17 11:31:49'),
(162, 3, -5, 'restock', '2025-10-17 11:31:49', '2025-10-17 11:31:49'),
(163, 4, 0, 'restock', '2025-10-17 11:31:49', '2025-10-17 11:31:49'),
(164, 5, 0, 'restock', '2025-10-17 11:31:49', '2025-10-17 11:31:49'),
(165, 22, 0, 'restock', '2025-10-17 11:31:49', '2025-10-17 11:31:49'),
(166, 26, 10, 'restock', '2025-10-17 11:39:42', '2025-10-17 11:39:42'),
(167, 1, -10, 'restock', '2025-10-17 11:45:59', '2025-10-17 11:45:59'),
(168, 2, -5, 'restock', '2025-10-17 11:45:59', '2025-10-17 11:45:59'),
(169, 4, -4, 'restock', '2025-10-17 11:45:59', '2025-10-17 11:45:59'),
(170, 5, -3, 'restock', '2025-10-17 11:45:59', '2025-10-17 11:45:59'),
(171, 3, -20, 'restock', '2025-10-17 11:45:59', '2025-10-17 11:45:59'),
(172, 26, -5, 'restock', '2025-10-17 11:45:59', '2025-10-17 11:45:59'),
(173, 9, 0, 'restock', '2025-10-17 11:45:59', '2025-10-17 11:45:59'),
(174, 10, 0, 'restock', '2025-10-17 11:45:59', '2025-10-17 11:45:59'),
(175, 1, -1, 'restock', '2025-10-17 11:51:01', '2025-10-17 11:51:01'),
(176, 2, 0, 'restock', '2025-10-17 11:51:01', '2025-10-17 11:51:01'),
(177, 3, -5, 'restock', '2025-10-17 11:51:01', '2025-10-17 11:51:01'),
(178, 4, 0, 'restock', '2025-10-17 11:51:01', '2025-10-17 11:51:01'),
(179, 5, 0, 'restock', '2025-10-17 11:51:01', '2025-10-17 11:51:01'),
(180, 11, 0, 'restock', '2025-10-17 11:51:01', '2025-10-17 11:51:01'),
(181, 16, 0, 'restock', '2025-10-17 11:51:01', '2025-10-17 11:51:01'),
(182, 6, 0, 'restock', '2025-10-17 11:51:01', '2025-10-17 11:51:01'),
(183, 1, -1, 'restock', '2025-10-17 11:55:45', '2025-10-17 11:55:45'),
(184, 2, 0, 'restock', '2025-10-17 11:55:45', '2025-10-17 11:55:45'),
(185, 3, -5, 'restock', '2025-10-17 11:55:45', '2025-10-17 11:55:45'),
(186, 4, 0, 'restock', '2025-10-17 11:55:45', '2025-10-17 11:55:45'),
(187, 5, 0, 'restock', '2025-10-17 11:55:45', '2025-10-17 11:55:45'),
(188, 11, 0, 'restock', '2025-10-17 11:55:45', '2025-10-17 11:55:45'),
(189, 16, 0, 'restock', '2025-10-17 11:55:45', '2025-10-17 11:55:45'),
(190, 6, 0, 'restock', '2025-10-17 11:55:45', '2025-10-17 11:55:45'),
(191, 1, -4, 'restock', '2025-10-17 11:55:54', '2025-10-17 11:55:54'),
(192, 2, -3, 'restock', '2025-10-17 11:55:54', '2025-10-17 11:55:54'),
(193, 3, -15, 'restock', '2025-10-17 11:55:54', '2025-10-17 11:55:54'),
(194, 4, -2, 'restock', '2025-10-17 11:55:54', '2025-10-17 11:55:54'),
(195, 5, -2, 'restock', '2025-10-17 11:55:54', '2025-10-17 11:55:54'),
(196, 6, -1, 'restock', '2025-10-17 11:55:54', '2025-10-17 11:55:54'),
(197, 28, 0, 'restock', '2025-10-17 11:55:54', '2025-10-17 11:55:54'),
(198, 9, 0, 'restock', '2025-10-17 11:55:54', '2025-10-17 11:55:54'),
(199, 1, -1, 'restock', '2025-10-17 11:56:24', '2025-10-17 11:56:24'),
(200, 17, 0, 'restock', '2025-10-17 11:56:24', '2025-10-17 11:56:24'),
(201, 2, -1, 'restock', '2025-10-17 11:56:24', '2025-10-17 11:56:24'),
(202, 3, -4, 'restock', '2025-10-17 11:56:24', '2025-10-17 11:56:24'),
(203, 4, 0, 'restock', '2025-10-17 11:56:24', '2025-10-17 11:56:24'),
(204, 5, 0, 'restock', '2025-10-17 11:56:24', '2025-10-17 11:56:24'),
(205, 18, 0, 'restock', '2025-10-17 11:56:24', '2025-10-17 11:56:24'),
(206, 8, 0, 'restock', '2025-10-17 11:56:24', '2025-10-17 11:56:24'),
(207, 1, -1, 'restock', '2025-10-17 11:56:34', '2025-10-17 11:56:34'),
(208, 17, 0, 'restock', '2025-10-17 11:56:34', '2025-10-17 11:56:34'),
(209, 2, 0, 'restock', '2025-10-17 11:56:34', '2025-10-17 11:56:34'),
(210, 3, -5, 'restock', '2025-10-17 11:56:34', '2025-10-17 11:56:34'),
(211, 4, 0, 'restock', '2025-10-17 11:56:34', '2025-10-17 11:56:34'),
(212, 5, 0, 'restock', '2025-10-17 11:56:34', '2025-10-17 11:56:34'),
(213, 18, 0, 'restock', '2025-10-17 11:56:34', '2025-10-17 11:56:34'),
(214, 8, 0, 'restock', '2025-10-17 11:56:34', '2025-10-17 11:56:34'),
(215, 1, -5, 'restock', '2025-10-17 11:56:45', '2025-10-17 11:56:45'),
(216, 2, -2, 'restock', '2025-10-17 11:56:45', '2025-10-17 11:56:45'),
(217, 4, -2, 'restock', '2025-10-17 11:56:45', '2025-10-17 11:56:45'),
(218, 5, -2, 'restock', '2025-10-17 11:56:45', '2025-10-17 11:56:45'),
(219, 3, -10, 'restock', '2025-10-17 11:56:45', '2025-10-17 11:56:45'),
(220, 26, -2, 'restock', '2025-10-17 11:56:45', '2025-10-17 11:56:45'),
(221, 9, 0, 'restock', '2025-10-17 11:56:45', '2025-10-17 11:56:45'),
(222, 10, 0, 'restock', '2025-10-17 11:56:45', '2025-10-17 11:56:45'),
(223, 1, -1, 'restock', '2025-10-17 11:57:00', '2025-10-17 11:57:00'),
(224, 21, 0, 'restock', '2025-10-17 11:57:00', '2025-10-17 11:57:00'),
(225, 2, 0, 'restock', '2025-10-17 11:57:00', '2025-10-17 11:57:00'),
(226, 3, -4, 'restock', '2025-10-17 11:57:00', '2025-10-17 11:57:00'),
(227, 4, 0, 'restock', '2025-10-17 11:57:00', '2025-10-17 11:57:00'),
(228, 5, 0, 'restock', '2025-10-17 11:57:00', '2025-10-17 11:57:00'),
(229, 22, 0, 'restock', '2025-10-17 11:57:00', '2025-10-17 11:57:00'),
(230, 1, 0, 'restock', '2025-10-17 11:58:39', '2025-10-17 11:58:39'),
(231, 2, 0, 'restock', '2025-10-17 11:58:39', '2025-10-17 11:58:39'),
(232, 3, -5, 'restock', '2025-10-17 11:58:39', '2025-10-17 11:58:39'),
(233, 4, 0, 'restock', '2025-10-17 11:58:39', '2025-10-17 11:58:39'),
(234, 5, 0, 'restock', '2025-10-17 11:58:39', '2025-10-17 11:58:39'),
(235, 13, 0, 'restock', '2025-10-17 11:58:39', '2025-10-17 11:58:39'),
(236, 24, -1, 'restock', '2025-10-17 11:58:39', '2025-10-17 11:58:39'),
(237, 1, 0, 'restock', '2025-10-17 12:00:29', '2025-10-17 12:00:29'),
(238, 2, 0, 'restock', '2025-10-17 12:00:29', '2025-10-17 12:00:29'),
(239, 3, -5, 'restock', '2025-10-17 12:00:29', '2025-10-17 12:00:29'),
(240, 4, 0, 'restock', '2025-10-17 12:00:29', '2025-10-17 12:00:29'),
(241, 5, 0, 'restock', '2025-10-17 12:00:29', '2025-10-17 12:00:29'),
(242, 13, 0, 'restock', '2025-10-17 12:00:29', '2025-10-17 12:00:29'),
(243, 23, 0, 'restock', '2025-10-17 12:00:29', '2025-10-17 12:00:29'),
(244, 1, -1, 'out of stock', '2025-10-17 12:00:37', '2025-10-17 12:00:37'),
(245, 2, 0, 'out of stock', '2025-10-17 12:00:37', '2025-10-17 12:00:37'),
(246, 3, -5, 'out of stock', '2025-10-17 12:00:37', '2025-10-17 12:00:37'),
(247, 4, 0, 'out of stock', '2025-10-17 12:00:37', '2025-10-17 12:00:37'),
(248, 5, 0, 'out of stock', '2025-10-17 12:00:37', '2025-10-17 12:00:37'),
(249, 25, 0, 'out of stock', '2025-10-17 12:00:37', '2025-10-17 12:00:37'),
(250, 6, 0, 'out of stock', '2025-10-17 12:00:37', '2025-10-17 12:00:37'),
(251, 1, 0, 'restock', '2025-10-17 12:00:45', '2025-10-17 12:00:45'),
(252, 2, 0, 'restock', '2025-10-17 12:00:45', '2025-10-17 12:00:45'),
(253, 3, -5, 'restock', '2025-10-17 12:00:45', '2025-10-17 12:00:45'),
(254, 4, 0, 'restock', '2025-10-17 12:00:45', '2025-10-17 12:00:45'),
(255, 5, 0, 'restock', '2025-10-17 12:00:45', '2025-10-17 12:00:45'),
(256, 14, 0, 'restock', '2025-10-17 12:00:45', '2025-10-17 12:00:45'),
(257, 15, 0, 'restock', '2025-10-17 12:00:45', '2025-10-17 12:00:45'),
(258, 1, -4, 'restock', '2025-10-17 12:00:57', '2025-10-17 12:00:57'),
(259, 2, -3, 'restock', '2025-10-17 12:00:57', '2025-10-17 12:00:57'),
(260, 3, -15, 'restock', '2025-10-17 12:00:57', '2025-10-17 12:00:57'),
(261, 4, -2, 'restock', '2025-10-17 12:00:57', '2025-10-17 12:00:57'),
(262, 5, -2, 'restock', '2025-10-17 12:00:57', '2025-10-17 12:00:57'),
(263, 6, -1, 'restock', '2025-10-17 12:00:57', '2025-10-17 12:00:57'),
(264, 27, 0, 'restock', '2025-10-17 12:00:57', '2025-10-17 12:00:57'),
(265, 9, 0, 'restock', '2025-10-17 12:00:57', '2025-10-17 12:00:57'),
(266, 1, 0, 'restock', '2025-10-17 12:01:08', '2025-10-17 12:01:08'),
(267, 2, 0, 'restock', '2025-10-17 12:01:08', '2025-10-17 12:01:08'),
(268, 3, -5, 'restock', '2025-10-17 12:01:08', '2025-10-17 12:01:08'),
(269, 4, 0, 'restock', '2025-10-17 12:01:08', '2025-10-17 12:01:08'),
(270, 5, 0, 'restock', '2025-10-17 12:01:08', '2025-10-17 12:01:08'),
(271, 13, 0, 'restock', '2025-10-17 12:01:08', '2025-10-17 12:01:08'),
(272, 8, 0, 'restock', '2025-10-17 12:01:08', '2025-10-17 12:01:08'),
(273, 1, -1, 'restock', '2025-10-17 12:01:15', '2025-10-17 12:01:15'),
(274, 2, 0, 'restock', '2025-10-17 12:01:15', '2025-10-17 12:01:15'),
(275, 3, -5, 'restock', '2025-10-17 12:01:15', '2025-10-17 12:01:15'),
(276, 4, 0, 'restock', '2025-10-17 12:01:15', '2025-10-17 12:01:15'),
(277, 5, 0, 'restock', '2025-10-17 12:01:15', '2025-10-17 12:01:15'),
(278, 11, 0, 'restock', '2025-10-17 12:01:15', '2025-10-17 12:01:15'),
(279, 20, 0, 'restock', '2025-10-17 12:01:15', '2025-10-17 12:01:15'),
(280, 13, 0, 'restock', '2025-10-17 12:01:15', '2025-10-17 12:01:15'),
(281, 26, 8, 'not enough', '2025-10-17 12:02:18', '2025-10-17 12:02:18'),
(282, 1, -1, 'restock', '2025-10-17 12:02:30', '2025-10-17 12:02:30'),
(283, 2, 0, 'restock', '2025-10-17 12:02:30', '2025-10-17 12:02:30'),
(284, 4, 0, 'restock', '2025-10-17 12:02:30', '2025-10-17 12:02:30'),
(285, 5, 0, 'restock', '2025-10-17 12:02:30', '2025-10-17 12:02:30'),
(286, 3, -2, 'restock', '2025-10-17 12:02:30', '2025-10-17 12:02:30'),
(287, 26, 0, 'restock', '2025-10-17 12:02:31', '2025-10-17 12:02:31'),
(288, 9, 0, 'restock', '2025-10-17 12:02:31', '2025-10-17 12:02:31'),
(289, 10, 0, 'restock', '2025-10-17 12:02:31', '2025-10-17 12:02:31'),
(290, 1, -2, 'restock', '2025-10-17 12:03:57', '2025-10-17 12:03:57'),
(291, 2, -1, 'restock', '2025-10-17 12:03:57', '2025-10-17 12:03:57'),
(292, 4, -1, 'restock', '2025-10-17 12:03:57', '2025-10-17 12:03:57'),
(293, 5, -1, 'restock', '2025-10-17 12:03:57', '2025-10-17 12:03:57'),
(294, 3, -4, 'restock', '2025-10-17 12:03:57', '2025-10-17 12:03:57'),
(295, 26, -1, 'restock', '2025-10-17 12:03:57', '2025-10-17 12:03:57'),
(296, 9, 0, 'restock', '2025-10-17 12:03:57', '2025-10-17 12:03:57'),
(297, 10, 0, 'restock', '2025-10-17 12:03:57', '2025-10-17 12:03:57'),
(298, 26, 1, 'restock', '2025-10-17 12:05:13', '2025-10-17 12:05:13'),
(299, 1, -2, 'restock', '2025-10-17 12:05:25', '2025-10-17 12:05:25'),
(300, 2, -1, 'restock', '2025-10-17 12:05:25', '2025-10-17 12:05:25'),
(301, 4, -1, 'restock', '2025-10-17 12:05:25', '2025-10-17 12:05:25'),
(302, 5, -1, 'restock', '2025-10-17 12:05:25', '2025-10-17 12:05:25'),
(303, 3, -4, 'restock', '2025-10-17 12:05:25', '2025-10-17 12:05:25'),
(304, 26, -1, 'restock', '2025-10-17 12:05:25', '2025-10-17 12:05:25'),
(305, 9, 0, 'restock', '2025-10-17 12:05:25', '2025-10-17 12:05:25'),
(306, 10, 0, 'restock', '2025-10-17 12:05:25', '2025-10-17 12:05:25'),
(307, 1, -1, 'restock', '2025-10-17 12:06:09', '2025-10-17 12:06:09'),
(308, 2, 0, 'restock', '2025-10-17 12:06:09', '2025-10-17 12:06:09'),
(309, 4, 0, 'restock', '2025-10-17 12:06:09', '2025-10-17 12:06:09'),
(310, 5, 0, 'restock', '2025-10-17 12:06:09', '2025-10-17 12:06:09'),
(311, 3, -2, 'restock', '2025-10-17 12:06:09', '2025-10-17 12:06:09'),
(312, 26, 0, 'restock', '2025-10-17 12:06:09', '2025-10-17 12:06:09'),
(313, 9, 0, 'restock', '2025-10-17 12:06:09', '2025-10-17 12:06:09'),
(314, 10, 0, 'restock', '2025-10-17 12:06:09', '2025-10-17 12:06:09'),
(315, 26, 2, 'restock', '2025-10-17 12:07:08', '2025-10-17 12:07:08'),
(316, 1, -1, 'restock', '2025-10-17 12:07:18', '2025-10-17 12:07:18'),
(317, 2, 0, 'restock', '2025-10-17 12:07:18', '2025-10-17 12:07:18'),
(318, 4, 0, 'restock', '2025-10-17 12:07:18', '2025-10-17 12:07:18'),
(319, 5, 0, 'restock', '2025-10-17 12:07:18', '2025-10-17 12:07:18'),
(320, 3, -2, 'restock', '2025-10-17 12:07:18', '2025-10-17 12:07:18'),
(321, 26, 0, 'restock', '2025-10-17 12:07:18', '2025-10-17 12:07:18'),
(322, 9, 0, 'restock', '2025-10-17 12:07:18', '2025-10-17 12:07:18'),
(323, 10, 0, 'restock', '2025-10-17 12:07:18', '2025-10-17 12:07:18'),
(324, 1, -3, 'restock', '2025-10-17 12:08:29', '2025-10-17 12:08:29'),
(325, 2, -2, 'restock', '2025-10-17 12:08:29', '2025-10-17 12:08:29'),
(326, 4, -1, 'restock', '2025-10-17 12:08:29', '2025-10-17 12:08:29'),
(327, 5, -1, 'restock', '2025-10-17 12:08:29', '2025-10-17 12:08:29'),
(328, 3, -6, 'restock', '2025-10-17 12:08:29', '2025-10-17 12:08:29'),
(329, 26, -2, 'restock', '2025-10-17 12:08:29', '2025-10-17 12:08:29'),
(330, 9, 0, 'restock', '2025-10-17 12:08:29', '2025-10-17 12:08:29'),
(331, 10, 0, 'restock', '2025-10-17 12:08:29', '2025-10-17 12:08:29'),
(332, 48, 10, 'restock', '2025-10-17 12:08:56', '2025-10-17 12:08:56'),
(333, 47, 7, 'restock', '2025-10-17 12:09:03', '2025-10-17 12:09:03'),
(334, 46, 15, 'restock', '2025-10-17 12:09:10', '2025-10-17 12:09:10'),
(335, 43, 20, 'restock', '2025-10-17 12:09:15', '2025-10-17 12:09:15'),
(336, 44, 20, 'restock', '2025-10-17 12:09:23', '2025-10-17 12:09:23'),
(337, 42, 10, 'restock', '2025-10-17 12:09:34', '2025-10-17 12:09:34'),
(338, 41, 10, 'no balance', '2025-10-17 12:09:44', '2025-10-17 12:09:44'),
(339, 40, 20, 'restock', '2025-10-17 12:09:51', '2025-10-17 12:09:51'),
(340, 39, 15, 'restock', '2025-10-17 12:10:08', '2025-10-17 12:10:08'),
(341, 45, 20, 'restock', '2025-10-17 12:10:16', '2025-10-17 12:10:16'),
(342, 38, 10, 'nil', '2025-10-17 12:10:26', '2025-10-17 12:10:26'),
(343, 35, 10, 'overloaded', '2025-10-17 12:10:34', '2025-10-17 12:10:34'),
(344, 30, 7, 'out of stock', '2025-10-17 12:10:45', '2025-10-17 12:10:45'),
(345, 31, 20, 'out of stock', '2025-10-17 12:10:54', '2025-10-17 12:10:54'),
(346, 37, 10, 'restock', '2025-10-17 12:11:05', '2025-10-17 12:11:05'),
(347, 36, 10, 'restock', '2025-10-17 12:11:22', '2025-10-17 12:11:22'),
(348, 34, 10, 'restock', '2025-10-17 12:11:30', '2025-10-17 12:11:30'),
(349, 33, 15, 'restock', '2025-10-17 12:11:40', '2025-10-17 12:11:40'),
(350, 32, 15, 'no balance', '2025-10-17 12:11:47', '2025-10-17 12:11:47'),
(351, 29, 25, 'no balance', '2025-10-17 12:11:57', '2025-10-17 12:11:57'),
(352, 28, 12, 'not enough', '2025-10-17 12:12:15', '2025-10-17 12:12:15'),
(353, 27, 3, 'out of stock', '2025-10-17 12:12:27', '2025-10-17 12:12:27'),
(354, 26, 2, 'restock', '2025-10-17 12:12:34', '2025-10-17 12:12:34'),
(355, 25, 5, 'overloaded', '2025-10-17 12:12:41', '2025-10-17 12:12:41'),
(356, 22, 5, 'no balance', '2025-10-17 12:12:50', '2025-10-17 12:12:50'),
(357, 23, 15, 'not enough', '2025-10-17 12:13:04', '2025-10-17 12:13:04'),
(358, 1, -1, 'restock', '2025-10-21 20:56:03', '2025-10-21 20:56:03'),
(359, 2, -1, 'restock', '2025-10-21 20:56:03', '2025-10-21 20:56:03'),
(360, 3, -4, 'restock', '2025-10-21 20:56:03', '2025-10-21 20:56:03'),
(361, 4, 0, 'restock', '2025-10-21 20:56:03', '2025-10-21 20:56:03'),
(362, 5, 0, 'restock', '2025-10-21 20:56:03', '2025-10-21 20:56:03'),
(363, 6, 0, 'restock', '2025-10-21 20:56:03', '2025-10-21 20:56:03'),
(364, 7, 0, 'restock', '2025-10-21 20:56:03', '2025-10-21 20:56:03'),
(365, 8, 0, 'restock', '2025-10-21 20:56:03', '2025-10-21 20:56:03'),
(366, 9, 0, 'restock', '2025-10-21 20:56:03', '2025-10-21 20:56:03'),
(367, 10, 0, 'restock', '2025-10-21 20:56:03', '2025-10-21 20:56:03'),
(368, 1, 194, 'restock', '2025-10-27 15:02:27', '2025-10-27 15:02:27'),
(369, 39, 30, 'restock', '2025-10-27 15:02:49', '2025-10-27 15:02:49'),
(370, 41, 20, 'restock', '2025-10-27 15:03:30', '2025-10-27 15:03:30'),
(371, 38, 20, 'restock', '2025-10-27 15:03:37', '2025-10-27 15:03:37'),
(372, 37, 20, 'restock', '2025-10-27 15:03:46', '2025-10-27 15:03:46'),
(373, 33, 30, 'restock', '2025-10-27 15:03:57', '2025-10-27 15:03:57'),
(374, 32, 30, 'restock', '2025-10-27 15:04:07', '2025-10-27 15:04:07'),
(375, 31, 40, 'restock', '2025-10-27 15:04:20', '2025-10-27 15:04:20'),
(376, 23, 30, 'restock', '2025-10-27 15:04:44', '2025-10-27 15:04:44'),
(377, 16, 30, 'restock', '2025-10-27 15:05:05', '2025-10-27 15:05:05'),
(378, 21, 40, 'restock', '2025-10-27 15:05:16', '2025-10-27 15:05:16'),
(379, 13, 30, 'restock', '2025-10-27 15:05:35', '2025-10-27 15:05:35'),
(380, 7, 40, 'restock', '2025-10-27 15:05:56', '2025-10-27 15:05:56'),
(381, 3, 500, 'restock', '2025-10-27 15:06:21', '2025-10-27 15:06:21'),
(382, 4, 80, 'restock', '2025-10-27 15:06:49', '2025-10-27 15:06:49'),
(383, 1, -1, 'restock', '2025-10-27 15:49:06', '2025-10-27 15:49:06'),
(384, 17, 0, 'restock', '2025-10-27 15:49:06', '2025-10-27 15:49:06'),
(385, 2, -1, 'restock', '2025-10-27 15:49:06', '2025-10-27 15:49:06'),
(386, 3, -4, 'restock', '2025-10-27 15:49:06', '2025-10-27 15:49:06'),
(387, 4, 0, 'restock', '2025-10-27 15:49:06', '2025-10-27 15:49:06'),
(388, 5, 0, 'restock', '2025-10-27 15:49:06', '2025-10-27 15:49:06'),
(389, 18, 0, 'restock', '2025-10-27 15:49:06', '2025-10-27 15:49:06'),
(390, 8, 0, 'restock', '2025-10-27 15:49:06', '2025-10-27 15:49:06'),
(391, 1, -1, 'restock', '2025-10-27 15:49:15', '2025-10-27 15:49:15'),
(392, 17, 0, 'restock', '2025-10-27 15:49:15', '2025-10-27 15:49:15'),
(393, 2, 0, 'restock', '2025-10-27 15:49:15', '2025-10-27 15:49:15'),
(394, 3, -5, 'restock', '2025-10-27 15:49:15', '2025-10-27 15:49:15'),
(395, 4, 0, 'restock', '2025-10-27 15:49:15', '2025-10-27 15:49:15'),
(396, 5, 0, 'restock', '2025-10-27 15:49:15', '2025-10-27 15:49:15'),
(397, 18, 0, 'restock', '2025-10-27 15:49:15', '2025-10-27 15:49:15'),
(398, 8, 0, 'restock', '2025-10-27 15:49:15', '2025-10-27 15:49:15'),
(399, 1, -10, 'restock', '2025-10-27 15:49:25', '2025-10-27 15:49:25'),
(400, 2, -5, 'restock', '2025-10-27 15:49:25', '2025-10-27 15:49:25'),
(401, 4, -4, 'restock', '2025-10-27 15:49:25', '2025-10-27 15:49:25'),
(402, 5, -3, 'restock', '2025-10-27 15:49:25', '2025-10-27 15:49:25'),
(403, 3, -20, 'restock', '2025-10-27 15:49:25', '2025-10-27 15:49:25'),
(404, 26, -5, 'restock', '2025-10-27 15:49:25', '2025-10-27 15:49:25'),
(405, 9, 0, 'restock', '2025-10-27 15:49:25', '2025-10-27 15:49:25'),
(406, 10, 0, 'restock', '2025-10-27 15:49:25', '2025-10-27 15:49:25'),
(407, 1, -1, 'restock', '2025-10-27 15:49:37', '2025-10-27 15:49:37'),
(408, 21, 0, 'restock', '2025-10-27 15:49:37', '2025-10-27 15:49:37'),
(409, 2, 0, 'restock', '2025-10-27 15:49:37', '2025-10-27 15:49:37'),
(410, 3, -5, 'restock', '2025-10-27 15:49:37', '2025-10-27 15:49:37'),
(411, 4, 0, 'restock', '2025-10-27 15:49:37', '2025-10-27 15:49:37'),
(412, 5, 0, 'restock', '2025-10-27 15:49:37', '2025-10-27 15:49:37'),
(413, 22, 0, 'restock', '2025-10-27 15:49:37', '2025-10-27 15:49:37'),
(414, 1, -1, 'restock', '2025-10-27 15:49:44', '2025-10-27 15:49:44'),
(415, 2, 0, 'restock', '2025-10-27 15:49:44', '2025-10-27 15:49:44'),
(416, 3, -5, 'restock', '2025-10-27 15:49:44', '2025-10-27 15:49:44'),
(417, 4, 0, 'restock', '2025-10-27 15:49:44', '2025-10-27 15:49:44'),
(418, 5, 0, 'restock', '2025-10-27 15:49:44', '2025-10-27 15:49:44'),
(419, 11, 0, 'restock', '2025-10-27 15:49:44', '2025-10-27 15:49:44'),
(420, 16, 0, 'restock', '2025-10-27 15:49:44', '2025-10-27 15:49:44'),
(421, 6, 0, 'restock', '2025-10-27 15:49:44', '2025-10-27 15:49:44'),
(422, 1, 0, 'restock', '2025-10-27 15:49:55', '2025-10-27 15:49:55'),
(423, 2, 0, 'restock', '2025-10-27 15:49:55', '2025-10-27 15:49:55'),
(424, 3, -5, 'restock', '2025-10-27 15:49:55', '2025-10-27 15:49:55'),
(425, 4, 0, 'restock', '2025-10-27 15:49:55', '2025-10-27 15:49:55'),
(426, 5, 0, 'restock', '2025-10-27 15:49:55', '2025-10-27 15:49:55'),
(427, 13, 0, 'restock', '2025-10-27 15:49:55', '2025-10-27 15:49:55'),
(428, 24, -1, 'restock', '2025-10-27 15:49:55', '2025-10-27 15:49:55'),
(429, 1, 0, 'restock', '2025-10-27 15:50:02', '2025-10-27 15:50:02'),
(430, 2, 0, 'restock', '2025-10-27 15:50:02', '2025-10-27 15:50:02'),
(431, 3, -5, 'restock', '2025-10-27 15:50:02', '2025-10-27 15:50:02'),
(432, 4, 0, 'restock', '2025-10-27 15:50:02', '2025-10-27 15:50:02'),
(433, 5, 0, 'restock', '2025-10-27 15:50:02', '2025-10-27 15:50:02'),
(434, 13, 0, 'restock', '2025-10-27 15:50:02', '2025-10-27 15:50:02'),
(435, 23, 0, 'restock', '2025-10-27 15:50:02', '2025-10-27 15:50:02'),
(436, 1, -1, 'restock', '2025-10-27 15:50:12', '2025-10-27 15:50:12'),
(437, 2, 0, 'restock', '2025-10-27 15:50:12', '2025-10-27 15:50:12'),
(438, 3, -5, 'restock', '2025-10-27 15:50:12', '2025-10-27 15:50:12'),
(439, 4, 0, 'restock', '2025-10-27 15:50:12', '2025-10-27 15:50:12'),
(440, 5, 0, 'restock', '2025-10-27 15:50:12', '2025-10-27 15:50:12'),
(441, 25, 0, 'restock', '2025-10-27 15:50:12', '2025-10-27 15:50:12'),
(442, 6, 0, 'restock', '2025-10-27 15:50:12', '2025-10-27 15:50:12'),
(443, 1, 0, 'restock', '2025-10-27 15:50:20', '2025-10-27 15:50:20'),
(444, 2, 0, 'restock', '2025-10-27 15:50:20', '2025-10-27 15:50:20'),
(445, 3, -5, 'restock', '2025-10-27 15:50:20', '2025-10-27 15:50:20'),
(446, 4, 0, 'restock', '2025-10-27 15:50:20', '2025-10-27 15:50:20'),
(447, 5, 0, 'restock', '2025-10-27 15:50:20', '2025-10-27 15:50:20'),
(448, 14, 0, 'restock', '2025-10-27 15:50:20', '2025-10-27 15:50:20'),
(449, 15, 0, 'restock', '2025-10-27 15:50:20', '2025-10-27 15:50:20'),
(450, 1, -1, 'restock', '2025-10-27 15:50:28', '2025-10-27 15:50:28'),
(451, 2, 0, 'restock', '2025-10-27 15:50:28', '2025-10-27 15:50:28'),
(452, 3, -5, 'restock', '2025-10-27 15:50:28', '2025-10-27 15:50:28'),
(453, 4, 0, 'restock', '2025-10-27 15:50:28', '2025-10-27 15:50:28'),
(454, 5, 0, 'restock', '2025-10-27 15:50:28', '2025-10-27 15:50:28'),
(455, 11, 0, 'restock', '2025-10-27 15:50:28', '2025-10-27 15:50:28'),
(456, 20, 0, 'restock', '2025-10-27 15:50:28', '2025-10-27 15:50:28'),
(457, 13, 0, 'restock', '2025-10-27 15:50:28', '2025-10-27 15:50:28'),
(458, 1, 0, 'restock', '2025-10-27 15:50:37', '2025-10-27 15:50:37'),
(459, 2, 0, 'restock', '2025-10-27 15:50:37', '2025-10-27 15:50:37'),
(460, 3, -5, 'restock', '2025-10-27 15:50:37', '2025-10-27 15:50:37'),
(461, 4, 0, 'restock', '2025-10-27 15:50:37', '2025-10-27 15:50:37'),
(462, 5, 0, 'restock', '2025-10-27 15:50:37', '2025-10-27 15:50:37'),
(463, 13, 0, 'restock', '2025-10-27 15:50:37', '2025-10-27 15:50:37'),
(464, 8, 0, 'restock', '2025-10-27 15:50:37', '2025-10-27 15:50:37'),
(465, 1, -4, 'restock', '2025-10-27 15:50:48', '2025-10-27 15:50:48'),
(466, 2, -3, 'restock', '2025-10-27 15:50:48', '2025-10-27 15:50:48'),
(467, 3, -15, 'restock', '2025-10-27 15:50:48', '2025-10-27 15:50:48'),
(468, 4, -2, 'restock', '2025-10-27 15:50:48', '2025-10-27 15:50:48'),
(469, 5, -2, 'restock', '2025-10-27 15:50:48', '2025-10-27 15:50:48'),
(470, 6, -1, 'restock', '2025-10-27 15:50:48', '2025-10-27 15:50:48'),
(471, 27, 0, 'restock', '2025-10-27 15:50:48', '2025-10-27 15:50:48'),
(472, 9, 0, 'restock', '2025-10-27 15:50:48', '2025-10-27 15:50:48'),
(473, 1, -4, 'restock', '2025-10-27 15:51:10', '2025-10-27 15:51:10'),
(474, 2, -3, 'restock', '2025-10-27 15:51:10', '2025-10-27 15:51:10'),
(475, 3, -15, 'restock', '2025-10-27 15:51:10', '2025-10-27 15:51:10'),
(476, 4, -2, 'restock', '2025-10-27 15:51:10', '2025-10-27 15:51:10'),
(477, 5, -2, 'restock', '2025-10-27 15:51:10', '2025-10-27 15:51:10'),
(478, 6, -1, 'restock', '2025-10-27 15:51:10', '2025-10-27 15:51:10'),
(479, 28, 0, 'restock', '2025-10-27 15:51:10', '2025-10-27 15:51:10'),
(480, 9, 0, 'restock', '2025-10-27 15:51:10', '2025-10-27 15:51:10'),
(481, 1, -4, 'restock', '2025-10-27 15:51:18', '2025-10-27 15:51:18'),
(482, 2, -3, 'restock', '2025-10-27 15:51:18', '2025-10-27 15:51:18'),
(483, 3, -15, 'restock', '2025-10-27 15:51:18', '2025-10-27 15:51:18'),
(484, 4, -2, 'restock', '2025-10-27 15:51:18', '2025-10-27 15:51:18'),
(485, 5, -2, 'restock', '2025-10-27 15:51:18', '2025-10-27 15:51:18'),
(486, 6, -1, 'restock', '2025-10-27 15:51:18', '2025-10-27 15:51:18'),
(487, 15, 0, 'restock', '2025-10-27 15:51:18', '2025-10-27 15:51:18'),
(488, 9, 0, 'restock', '2025-10-27 15:51:18', '2025-10-27 15:51:18'),
(489, 1, -4, 'restock', '2025-10-27 15:51:27', '2025-10-27 15:51:27'),
(490, 2, -3, 'restock', '2025-10-27 15:51:27', '2025-10-27 15:51:27'),
(491, 3, -15, 'restock', '2025-10-27 15:51:27', '2025-10-27 15:51:27'),
(492, 4, -2, 'restock', '2025-10-27 15:51:27', '2025-10-27 15:51:27'),
(493, 5, -2, 'restock', '2025-10-27 15:51:27', '2025-10-27 15:51:27'),
(494, 6, -1, 'restock', '2025-10-27 15:51:27', '2025-10-27 15:51:27'),
(495, 11, 0, 'restock', '2025-10-27 15:51:27', '2025-10-27 15:51:27'),
(496, 9, 0, 'restock', '2025-10-27 15:51:27', '2025-10-27 15:51:27'),
(497, 5, 100, 'restock', '2025-10-27 15:52:25', '2025-10-27 15:52:25'),
(498, 1, -12, 'restock', '2025-10-27 15:53:24', '2025-10-27 15:53:24'),
(499, 2, -8, 'restock', '2025-10-27 15:53:24', '2025-10-27 15:53:24'),
(500, 3, -60, 'restock', '2025-10-27 15:53:24', '2025-10-27 15:53:24'),
(501, 4, -6, 'restock', '2025-10-27 15:53:24', '2025-10-27 15:53:24'),
(502, 5, -6, 'restock', '2025-10-27 15:53:24', '2025-10-27 15:53:24'),
(503, 11, -2, 'restock', '2025-10-27 15:53:24', '2025-10-27 15:53:24'),
(504, 8, -1, 'restock', '2025-10-27 15:53:24', '2025-10-27 15:53:24'),
(505, 9, 0, 'restock', '2025-10-27 15:53:24', '2025-10-27 15:53:24'),
(506, 1, -1, 'restock', '2025-10-27 15:53:38', '2025-10-27 15:53:38'),
(507, 21, -1, 'restock', '2025-10-27 15:53:38', '2025-10-27 15:53:38'),
(508, 2, -1, 'restock', '2025-10-27 15:53:38', '2025-10-27 15:53:38'),
(509, 3, -4, 'restock', '2025-10-27 15:53:38', '2025-10-27 15:53:38'),
(510, 4, 0, 'restock', '2025-10-27 15:53:38', '2025-10-27 15:53:38'),
(511, 5, 0, 'restock', '2025-10-27 15:53:38', '2025-10-27 15:53:38'),
(512, 22, 0, 'restock', '2025-10-27 15:53:38', '2025-10-27 15:53:38'),
(513, 9, 0, 'restock', '2025-10-27 15:53:38', '2025-10-27 15:53:38'),
(514, 1, -1, 'restock', '2025-10-27 15:53:51', '2025-10-27 15:53:51'),
(515, 2, -1, 'restock', '2025-10-27 15:53:51', '2025-10-27 15:53:51'),
(516, 3, -4, 'restock', '2025-10-27 15:53:51', '2025-10-27 15:53:51'),
(517, 4, 0, 'restock', '2025-10-27 15:53:51', '2025-10-27 15:53:51'),
(518, 5, 0, 'restock', '2025-10-27 15:53:51', '2025-10-27 15:53:51'),
(519, 11, 0, 'restock', '2025-10-27 15:53:51', '2025-10-27 15:53:51'),
(520, 16, 0, 'restock', '2025-10-27 15:53:51', '2025-10-27 15:53:51'),
(521, 6, 0, 'restock', '2025-10-27 15:53:51', '2025-10-27 15:53:51'),
(522, 1, -1, 'restock', '2025-10-27 15:54:01', '2025-10-27 15:54:01'),
(523, 2, -1, 'restock', '2025-10-27 15:54:01', '2025-10-27 15:54:01'),
(524, 3, -3, 'restock', '2025-10-27 15:54:01', '2025-10-27 15:54:01'),
(525, 4, 0, 'restock', '2025-10-27 15:54:01', '2025-10-27 15:54:01'),
(526, 5, 0, 'restock', '2025-10-27 15:54:01', '2025-10-27 15:54:01'),
(527, 13, -1, 'restock', '2025-10-27 15:54:01', '2025-10-27 15:54:01'),
(528, 24, -2, 'restock', '2025-10-27 15:54:01', '2025-10-27 15:54:01'),
(529, 1, -1, 'restock', '2025-10-27 15:54:13', '2025-10-27 15:54:13'),
(530, 2, -1, 'restock', '2025-10-27 15:54:13', '2025-10-27 15:54:13'),
(531, 3, -3, 'restock', '2025-10-27 15:54:13', '2025-10-27 15:54:13'),
(532, 4, 0, 'restock', '2025-10-27 15:54:13', '2025-10-27 15:54:13'),
(533, 5, 0, 'restock', '2025-10-27 15:54:13', '2025-10-27 15:54:13'),
(534, 13, -1, 'restock', '2025-10-27 15:54:13', '2025-10-27 15:54:13'),
(535, 23, 0, 'restock', '2025-10-27 15:54:13', '2025-10-27 15:54:13'),
(536, 2, 148, 'restock', '2025-10-27 15:56:05', '2025-10-27 15:56:05'),
(537, 1, -8, 'restock', '2025-10-27 15:56:19', '2025-10-27 15:56:19'),
(538, 2, -6, 'restock', '2025-10-27 15:56:19', '2025-10-27 15:56:19'),
(539, 3, -20, 'restock', '2025-10-27 15:56:19', '2025-10-27 15:56:19'),
(540, 4, -3, 'restock', '2025-10-27 15:56:19', '2025-10-27 15:56:19'),
(541, 5, -3, 'restock', '2025-10-27 15:56:19', '2025-10-27 15:56:19'),
(542, 29, -2, 'restock', '2025-10-27 15:56:19', '2025-10-27 15:56:19'),
(543, 9, 0, 'restock', '2025-10-27 15:56:19', '2025-10-27 15:56:19'),
(544, 1, -5, 'restock', '2025-10-27 15:56:30', '2025-10-27 15:56:30'),
(545, 2, -4, 'restock', '2025-10-27 15:56:30', '2025-10-27 15:56:30'),
(546, 3, -20, 'restock', '2025-10-27 15:56:30', '2025-10-27 15:56:30'),
(547, 4, -2, 'restock', '2025-10-27 15:56:30', '2025-10-27 15:56:30'),
(548, 5, -2, 'restock', '2025-10-27 15:56:30', '2025-10-27 15:56:30'),
(549, 30, -2, 'restock', '2025-10-27 15:56:30', '2025-10-27 15:56:30'),
(550, 8, 0, 'restock', '2025-10-27 15:56:30', '2025-10-27 15:56:30'),
(551, 9, 0, 'restock', '2025-10-27 15:56:30', '2025-10-27 15:56:30'),
(552, 1, -10, 'restock', '2025-10-27 15:56:41', '2025-10-27 15:56:41'),
(553, 2, -5, 'restock', '2025-10-27 15:56:41', '2025-10-27 15:56:41'),
(554, 3, -20, 'restock', '2025-10-27 15:56:41', '2025-10-27 15:56:41'),
(555, 4, -4, 'restock', '2025-10-27 15:56:41', '2025-10-27 15:56:41'),
(556, 5, -3, 'restock', '2025-10-27 15:56:41', '2025-10-27 15:56:41'),
(557, 9, 0, 'restock', '2025-10-27 15:56:41', '2025-10-27 15:56:41'),
(558, 10, 0, 'restock', '2025-10-27 15:56:41', '2025-10-27 15:56:41'),
(559, 1, -4, 'restock', '2025-10-27 15:56:54', '2025-10-27 15:56:54'),
(560, 2, -2, 'restock', '2025-10-27 15:56:54', '2025-10-27 15:56:54'),
(561, 3, -10, 'restock', '2025-10-27 15:56:54', '2025-10-27 15:56:54'),
(562, 4, -2, 'restock', '2025-10-27 15:56:54', '2025-10-27 15:56:54'),
(563, 5, -2, 'restock', '2025-10-27 15:56:54', '2025-10-27 15:56:54'),
(564, 6, -2, 'restock', '2025-10-27 15:56:54', '2025-10-27 15:56:54'),
(565, 31, -10, 'restock', '2025-10-27 15:57:04', '2025-10-27 15:57:04'),
(566, 32, -5, 'restock', '2025-10-27 15:57:04', '2025-10-27 15:57:04'),
(567, 33, 0, 'restock', '2025-10-27 15:57:04', '2025-10-27 15:57:04'),
(568, 34, 0, 'restock', '2025-10-27 15:57:04', '2025-10-27 15:57:04'),
(569, 31, -10, 'restock', '2025-10-27 15:57:14', '2025-10-27 15:57:14'),
(570, 35, -5, 'restock', '2025-10-27 15:57:14', '2025-10-27 15:57:14'),
(571, 33, 0, 'restock', '2025-10-27 15:57:14', '2025-10-27 15:57:14'),
(572, 36, 0, 'restock', '2025-10-27 15:57:14', '2025-10-27 15:57:14'),
(573, 1, -8, 'restock', '2025-10-27 15:57:32', '2025-10-27 15:57:32'),
(574, 2, -4, 'restock', '2025-10-27 15:57:32', '2025-10-27 15:57:32'),
(575, 3, -20, 'restock', '2025-10-27 15:57:32', '2025-10-27 15:57:32'),
(576, 4, -3, 'restock', '2025-10-27 15:57:32', '2025-10-27 15:57:32'),
(577, 5, -3, 'restock', '2025-10-27 15:57:32', '2025-10-27 15:57:32'),
(578, 1, -1, 'restock', '2025-10-27 15:57:48', '2025-10-27 15:57:48'),
(579, 2, -1, 'restock', '2025-10-27 15:57:48', '2025-10-27 15:57:48'),
(580, 3, -4, 'restock', '2025-10-27 15:57:48', '2025-10-27 15:57:48'),
(581, 4, 0, 'restock', '2025-10-27 15:57:48', '2025-10-27 15:57:48'),
(582, 5, 0, 'restock', '2025-10-27 15:57:48', '2025-10-27 15:57:48'),
(583, 25, 0, 'restock', '2025-10-27 15:57:48', '2025-10-27 15:57:48'),
(584, 6, 0, 'restock', '2025-10-27 15:57:48', '2025-10-27 15:57:48'),
(585, 1, 0, 'restock', '2025-10-27 15:59:01', '2025-10-27 15:59:01'),
(586, 2, -1, 'restock', '2025-10-27 15:59:01', '2025-10-27 15:59:01'),
(587, 3, -4, 'restock', '2025-10-27 15:59:01', '2025-10-27 15:59:01'),
(588, 4, 0, 'restock', '2025-10-27 15:59:01', '2025-10-27 15:59:01'),
(589, 5, 0, 'restock', '2025-10-27 15:59:01', '2025-10-27 15:59:01'),
(590, 14, 0, 'restock', '2025-10-27 15:59:01', '2025-10-27 15:59:01'),
(591, 15, 0, 'restock', '2025-10-27 15:59:01', '2025-10-27 15:59:01'),
(592, 11, 0, 'restock', '2025-10-27 15:59:01', '2025-10-27 15:59:01'),
(593, 1, -1, 'restock', '2025-10-27 15:59:11', '2025-10-27 15:59:11'),
(594, 2, -1, 'restock', '2025-10-27 15:59:11', '2025-10-27 15:59:11'),
(595, 3, -4, 'restock', '2025-10-27 15:59:11', '2025-10-27 15:59:11'),
(596, 4, 0, 'restock', '2025-10-27 15:59:11', '2025-10-27 15:59:11'),
(597, 5, 0, 'restock', '2025-10-27 15:59:11', '2025-10-27 15:59:11'),
(598, 11, 0, 'restock', '2025-10-27 15:59:11', '2025-10-27 15:59:11'),
(599, 20, 0, 'restock', '2025-10-27 15:59:11', '2025-10-27 15:59:11'),
(600, 13, 0, 'restock', '2025-10-27 15:59:11', '2025-10-27 15:59:11'),
(601, 9, 0, 'restock', '2025-10-27 15:59:11', '2025-10-27 15:59:11'),
(602, 10, 0, 'restock', '2025-10-27 15:59:11', '2025-10-27 15:59:11'),
(603, 1, -1, 'restock', '2025-10-27 15:59:20', '2025-10-27 15:59:20'),
(604, 2, -1, 'restock', '2025-10-27 15:59:20', '2025-10-27 15:59:20'),
(605, 3, -3, 'restock', '2025-10-27 15:59:20', '2025-10-27 15:59:20'),
(606, 4, 0, 'restock', '2025-10-27 15:59:20', '2025-10-27 15:59:20'),
(607, 5, 0, 'restock', '2025-10-27 15:59:20', '2025-10-27 15:59:20'),
(608, 13, -1, 'restock', '2025-10-27 15:59:20', '2025-10-27 15:59:20'),
(609, 8, 0, 'restock', '2025-10-27 15:59:20', '2025-10-27 15:59:20'),
(610, 37, -4, 'restock', '2025-10-27 15:59:34', '2025-10-27 15:59:34'),
(611, 38, -5, 'restock', '2025-10-27 15:59:34', '2025-10-27 15:59:34'),
(612, 39, 0, 'restock', '2025-10-27 15:59:34', '2025-10-27 15:59:34'),
(613, 40, 0, 'restock', '2025-10-27 15:59:34', '2025-10-27 15:59:34'),
(614, 41, 0, 'restock', '2025-10-27 15:59:34', '2025-10-27 15:59:34'),
(615, 1, -4, 'restock', '2025-10-27 15:59:57', '2025-10-27 15:59:57'),
(616, 2, -2, 'restock', '2025-10-27 15:59:57', '2025-10-27 15:59:57'),
(617, 3, -10, 'restock', '2025-10-27 15:59:57', '2025-10-27 15:59:57'),
(618, 4, -2, 'restock', '2025-10-27 15:59:57', '2025-10-27 15:59:57'),
(619, 5, -2, 'restock', '2025-10-27 15:59:57', '2025-10-27 15:59:57'),
(620, 42, -2, 'restock', '2025-10-27 15:59:57', '2025-10-27 15:59:57'),
(621, 43, -2, 'restock', '2025-10-27 15:59:57', '2025-10-27 15:59:57'),
(622, 1, -8, 'restock', '2025-10-27 16:00:10', '2025-10-27 16:00:10'),
(623, 2, -5, 'restock', '2025-10-27 16:00:10', '2025-10-27 16:00:10'),
(624, 3, -20, 'restock', '2025-10-27 16:00:10', '2025-10-27 16:00:10'),
(625, 4, -4, 'restock', '2025-10-27 16:00:10', '2025-10-27 16:00:10'),
(626, 5, -3, 'restock', '2025-10-27 16:00:10', '2025-10-27 16:00:10'),
(627, 44, -5, 'restock', '2025-10-27 16:00:10', '2025-10-27 16:00:10'),
(628, 43, -3, 'restock', '2025-10-27 16:00:10', '2025-10-27 16:00:10'),
(629, 1, -8, 'restock', '2025-10-27 16:00:21', '2025-10-27 16:00:21'),
(630, 2, -5, 'restock', '2025-10-27 16:00:21', '2025-10-27 16:00:21'),
(631, 3, -20, 'restock', '2025-10-27 16:00:21', '2025-10-27 16:00:21'),
(632, 4, -3, 'restock', '2025-10-27 16:00:21', '2025-10-27 16:00:21'),
(633, 5, -2, 'restock', '2025-10-27 16:00:21', '2025-10-27 16:00:21'),
(634, 44, -4, 'restock', '2025-10-27 16:00:21', '2025-10-27 16:00:21'),
(635, 45, -1, 'restock', '2025-10-27 16:00:21', '2025-10-27 16:00:21'),
(636, 1, -8, 'restock', '2025-10-27 16:00:32', '2025-10-27 16:00:32'),
(637, 2, -5, 'restock', '2025-10-27 16:00:32', '2025-10-27 16:00:32'),
(638, 3, -20, 'restock', '2025-10-27 16:00:32', '2025-10-27 16:00:32'),
(639, 4, -3, 'restock', '2025-10-27 16:00:32', '2025-10-27 16:00:32'),
(640, 5, -2, 'restock', '2025-10-27 16:00:32', '2025-10-27 16:00:32'),
(641, 46, -4, 'restock', '2025-10-27 16:00:32', '2025-10-27 16:00:32'),
(642, 45, 0, 'restock', '2025-10-27 16:00:32', '2025-10-27 16:00:32'),
(643, 1, -8, 'restock', '2025-10-27 16:00:45', '2025-10-27 16:00:45'),
(644, 2, -5, 'restock', '2025-10-27 16:00:45', '2025-10-27 16:00:45'),
(645, 3, -20, 'restock', '2025-10-27 16:00:45', '2025-10-27 16:00:45'),
(646, 4, -4, 'restock', '2025-10-27 16:00:45', '2025-10-27 16:00:45'),
(647, 5, -3, 'restock', '2025-10-27 16:00:45', '2025-10-27 16:00:45'),
(648, 47, -3, 'restock', '2025-10-27 16:00:45', '2025-10-27 16:00:45'),
(649, 1, -8, 'restock', '2025-10-27 16:01:48', '2025-10-27 16:01:48'),
(650, 48, -2, 'restock', '2025-10-27 16:01:48', '2025-10-27 16:01:48'),
(653, 9, 0, 'restock', '2025-10-27 16:01:48', '2025-10-27 16:01:48'),
(654, 1, -1, 'restock', '2025-10-27 16:01:58', '2025-10-27 16:01:58'),
(655, 11, 0, 'restock', '2025-10-27 16:01:58', '2025-10-27 16:01:58'),
(656, 2, 0, 'restock', '2025-10-27 16:01:58', '2025-10-27 16:01:58'),
(657, 3, -5, 'restock', '2025-10-27 16:01:58', '2025-10-27 16:01:58'),
(658, 4, 0, 'restock', '2025-10-27 16:01:58', '2025-10-27 16:01:58'),
(659, 5, 0, 'restock', '2025-10-27 16:01:58', '2025-10-27 16:01:58'),
(660, 12, 0, 'restock', '2025-10-27 16:01:58', '2025-10-27 16:01:58'),
(661, 9, 0, 'restock', '2025-10-27 16:01:58', '2025-10-27 16:01:58'),
(662, 10, 0, 'restock', '2025-10-27 16:01:58', '2025-10-27 16:01:58'),
(663, 1, -1, 'restock', '2025-10-27 16:02:06', '2025-10-27 16:02:06'),
(664, 11, 0, 'restock', '2025-10-27 16:02:06', '2025-10-27 16:02:06'),
(665, 2, -1, 'restock', '2025-10-27 16:02:06', '2025-10-27 16:02:06'),
(666, 3, -4, 'restock', '2025-10-27 16:02:06', '2025-10-27 16:02:06'),
(667, 4, 0, 'restock', '2025-10-27 16:02:06', '2025-10-27 16:02:06'),
(668, 5, 0, 'restock', '2025-10-27 16:02:06', '2025-10-27 16:02:06'),
(669, 12, 0, 'restock', '2025-10-27 16:02:06', '2025-10-27 16:02:06'),
(670, 9, 0, 'restock', '2025-10-27 16:02:06', '2025-10-27 16:02:06'),
(671, 10, 0, 'restock', '2025-10-27 16:02:06', '2025-10-27 16:02:06'),
(672, 1, -1, 'restock', '2025-10-27 16:02:19', '2025-10-27 16:02:19'),
(673, 2, 0, 'restock', '2025-10-27 16:02:19', '2025-10-27 16:02:19'),
(674, 3, -5, 'restock', '2025-10-27 16:02:19', '2025-10-27 16:02:19'),
(675, 4, 0, 'restock', '2025-10-27 16:02:19', '2025-10-27 16:02:19'),
(676, 5, 0, 'restock', '2025-10-27 16:02:19', '2025-10-27 16:02:19'),
(677, 6, 0, 'restock', '2025-10-27 16:02:19', '2025-10-27 16:02:19'),
(678, 7, 0, 'restock', '2025-10-27 16:02:19', '2025-10-27 16:02:19'),
(679, 8, 0, 'restock', '2025-10-27 16:02:19', '2025-10-27 16:02:19'),
(680, 9, 0, 'restock', '2025-10-27 16:02:19', '2025-10-27 16:02:19'),
(681, 10, 0, 'restock', '2025-10-27 16:02:19', '2025-10-27 16:02:19'),
(682, 1, -10, 'restock', '2025-10-27 16:02:28', '2025-10-27 16:02:28'),
(683, 4, -5, 'restock', '2025-10-27 16:02:28', '2025-10-27 16:02:28'),
(684, 2, -4, 'restock', '2025-10-27 16:02:28', '2025-10-27 16:02:28'),
(685, 3, -20, 'restock', '2025-10-27 16:02:28', '2025-10-27 16:02:28'),
(686, 5, -3, 'restock', '2025-10-27 16:02:28', '2025-10-27 16:02:28'),
(687, 9, 0, 'restock', '2025-10-27 16:02:28', '2025-10-27 16:02:28'),
(688, 10, 0, 'restock', '2025-10-27 16:02:28', '2025-10-27 16:02:28'),
(689, 1, -5, 'restock', '2025-10-27 16:02:41', '2025-10-27 16:02:41'),
(692, 10, 0, 'restock', '2025-10-27 16:02:41', '2025-10-27 16:02:41'),
(693, 1, -1, 'restock', '2025-10-27 16:02:52', '2025-10-27 16:02:52'),
(694, 2, -1, 'restock', '2025-10-27 16:02:52', '2025-10-27 16:02:52'),
(695, 3, -4, 'restock', '2025-10-27 16:02:52', '2025-10-27 16:02:52'),
(696, 4, 0, 'restock', '2025-10-27 16:02:52', '2025-10-27 16:02:52'),
(697, 5, 0, 'restock', '2025-10-27 16:02:52', '2025-10-27 16:02:52'),
(698, 6, 0, 'restock', '2025-10-27 16:02:52', '2025-10-27 16:02:52'),
(699, 7, 0, 'restock', '2025-10-27 16:02:52', '2025-10-27 16:02:52'),
(700, 8, 0, 'restock', '2025-10-27 16:02:52', '2025-10-27 16:02:52'),
(701, 9, 0, 'restock', '2025-10-27 16:02:52', '2025-10-27 16:02:52'),
(702, 10, 0, 'restock', '2025-10-27 16:02:52', '2025-10-27 16:02:52'),
(703, 1, -4, 'restock', '2025-10-27 21:06:15', '2025-10-27 21:06:15'),
(704, 19, 0, 'restock', '2025-10-27 21:06:15', '2025-10-27 21:06:15'),
(705, 2, -3, 'restock', '2025-10-27 21:06:15', '2025-10-27 21:06:15'),
(706, 3, -15, 'restock', '2025-10-27 21:06:15', '2025-10-27 21:06:15'),
(707, 4, -2, 'restock', '2025-10-27 21:06:15', '2025-10-27 21:06:15'),
(708, 5, -2, 'restock', '2025-10-27 21:06:15', '2025-10-27 21:06:15'),
(709, 6, -1, 'restock', '2025-10-27 21:06:15', '2025-10-27 21:06:15'),
(710, 1, -6, 'restock', '2025-10-27 21:09:36', '2025-10-27 21:09:36'),
(711, 2, -4, 'restock', '2025-10-27 21:09:36', '2025-10-27 21:09:36'),
(712, 3, -20, 'restock', '2025-10-27 21:09:36', '2025-10-27 21:09:36'),
(713, 4, -3, 'restock', '2025-10-27 21:09:36', '2025-10-27 21:09:36'),
(714, 5, -3, 'restock', '2025-10-27 21:09:36', '2025-10-27 21:09:36'),
(715, 20, 0, 'restock', '2025-10-27 21:09:36', '2025-10-27 21:09:36'),
(716, 13, -3, 'restock', '2025-10-27 21:09:36', '2025-10-27 21:09:36'),
(717, 1, -16, 'restock', '2025-10-27 21:10:25', '2025-10-27 21:10:25'),
(718, 2, -12, 'restock', '2025-10-27 21:10:25', '2025-10-27 21:10:25'),
(719, 3, -40, 'restock', '2025-10-27 21:10:25', '2025-10-27 21:10:25'),
(720, 4, -6, 'restock', '2025-10-27 21:10:25', '2025-10-27 21:10:25'),
(722, 8, -1, 'restock', '2025-10-27 21:10:25', '2025-10-27 21:10:25'),
(723, 9, 0, 'restock', '2025-10-27 21:10:25', '2025-10-27 21:10:25'),
(724, 10, 0, 'restock', '2025-10-27 21:10:25', '2025-10-27 21:10:25'),
(725, 1, -16, 'restock', '2025-10-27 21:10:45', '2025-10-27 21:10:45'),
(726, 2, -8, 'restock', '2025-10-27 21:10:45', '2025-10-27 21:10:45'),
(727, 3, -40, 'restock', '2025-10-27 21:10:45', '2025-10-27 21:10:45'),
(728, 4, -6, 'restock', '2025-10-27 21:10:45', '2025-10-27 21:10:45'),
(729, 5, -6, 'restock', '2025-10-27 21:10:45', '2025-10-27 21:10:45'),
(730, 13, -10, 'restock', '2025-10-27 21:10:45', '2025-10-27 21:10:45'),
(731, 1, -8, 'restock', '2025-10-27 21:12:16', '2025-10-27 21:12:16'),
(732, 2, -5, 'restock', '2025-10-27 21:12:16', '2025-10-27 21:12:16'),
(733, 3, -20, 'restock', '2025-10-27 21:12:16', '2025-10-27 21:12:16'),
(734, 4, -5, 'restock', '2025-10-27 21:12:16', '2025-10-27 21:12:16'),
(735, 5, -3, 'restock', '2025-10-27 21:12:16', '2025-10-27 21:12:16'),
(737, 9, 0, 'restock', '2025-10-27 21:12:16', '2025-10-27 21:12:16'),
(738, 1, 199, 'restock', '2025-10-27 21:13:26', '2025-10-27 21:13:26'),
(739, 1, -10, 'restock', '2025-10-27 21:13:41', '2025-10-27 21:13:41'),
(740, 4, -4, 'restock', '2025-10-27 21:13:41', '2025-10-27 21:13:41'),
(743, 2, -3, 'restock', '2025-10-27 21:13:41', '2025-10-27 21:13:41'),
(744, 9, 0, 'restock', '2025-10-27 21:13:41', '2025-10-27 21:13:41'),
(745, 1, -1, 'restock', '2025-10-28 20:28:10', '2025-10-28 20:28:10');
INSERT INTO `raw_item_stock_history` (`history_id`, `raw_id`, `stock_change`, `reason`, `date_updated`, `created_at`) VALUES
(746, 2, -1, 'restock', '2025-10-28 20:28:10', '2025-10-28 20:28:10'),
(747, 3, -4, 'restock', '2025-10-28 20:28:10', '2025-10-28 20:28:10'),
(748, 4, 0, 'restock', '2025-10-28 20:28:10', '2025-10-28 20:28:10'),
(749, 5, 0, 'restock', '2025-10-28 20:28:10', '2025-10-28 20:28:10'),
(750, 6, 0, 'restock', '2025-10-28 20:28:10', '2025-10-28 20:28:10'),
(751, 7, 0, 'restock', '2025-10-28 20:28:10', '2025-10-28 20:28:10'),
(752, 8, 0, 'restock', '2025-10-28 20:28:10', '2025-10-28 20:28:10'),
(753, 9, 0, 'restock', '2025-10-28 20:28:10', '2025-10-28 20:28:10'),
(754, 10, 0, 'restock', '2025-10-28 20:28:10', '2025-10-28 20:28:10'),
(755, 1, -1, 'restock', '2025-10-28 20:39:34', '2025-10-28 20:39:34'),
(756, 11, 0, 'restock', '2025-10-28 20:39:34', '2025-10-28 20:39:34'),
(757, 2, -1, 'restock', '2025-10-28 20:39:34', '2025-10-28 20:39:34'),
(758, 3, -4, 'restock', '2025-10-28 20:39:34', '2025-10-28 20:39:34'),
(759, 4, 0, 'restock', '2025-10-28 20:39:34', '2025-10-28 20:39:34'),
(760, 5, 0, 'restock', '2025-10-28 20:39:34', '2025-10-28 20:39:34'),
(761, 12, 0, 'restock', '2025-10-28 20:39:34', '2025-10-28 20:39:34'),
(762, 9, 0, 'restock', '2025-10-28 20:39:34', '2025-10-28 20:39:34'),
(763, 10, 0, 'restock', '2025-10-28 20:39:34', '2025-10-28 20:39:34'),
(764, 1, 2, 'restock', '2025-10-28 20:48:36', '2025-10-28 20:48:36'),
(765, 1, 2, 'restock', '2025-10-28 20:51:31', '2025-10-28 20:51:31'),
(766, 1, 0, 'restock', '2025-10-28 20:52:25', '2025-10-28 20:52:25'),
(767, 3, 500, 'restock', '2025-10-30 15:11:00', '2025-10-30 15:11:00'),
(768, 31, 40, 'restock', '2025-10-30 15:11:46', '2025-10-30 15:11:46'),
(769, 41, 20, 'restock', '2025-10-30 15:24:50', '2025-10-30 15:24:50'),
(770, 8, 17, 'restock', '2025-10-30 15:26:26', '2025-10-30 15:26:26'),
(771, 39, 30, 'restock', '2025-10-30 15:26:52', '2025-10-30 15:26:52'),
(772, 38, 20, 'out of stock', '2025-10-30 15:27:15', '2025-10-30 15:27:15'),
(773, 37, 20, 'restock', '2025-10-30 15:27:37', '2025-10-30 15:27:37'),
(774, 33, 30, 'restock', '2025-10-30 15:27:58', '2025-10-30 15:27:58'),
(775, 32, 5, 'restock', '2025-10-30 15:30:48', '2025-10-30 15:30:48'),
(776, 27, 16, 'restock', '2025-10-30 15:31:05', '2025-10-30 15:31:05'),
(777, 26, 15, 'restock', '2025-10-30 15:31:22', '2025-10-30 15:31:22'),
(778, 25, 10, 'restock', '2025-10-30 15:32:10', '2025-10-30 15:32:10'),
(779, 22, 10, 'restock', '2025-10-30 15:32:25', '2025-10-30 15:32:25'),
(780, 21, 40, 'restock', '2025-10-30 15:32:50', '2025-10-30 15:32:50'),
(781, 20, 18, 'restock', '2025-10-30 15:33:00', '2025-10-30 15:33:00'),
(782, 19, 15, 'restock', '2025-10-30 15:33:15', '2025-10-30 15:33:15'),
(783, 17, 10, 'restock', '2025-10-30 15:33:27', '2025-10-30 15:33:27'),
(784, 15, 10, 'restock', '2025-10-30 15:33:37', '2025-10-30 15:33:37'),
(785, 13, 60, 'restock', '2025-10-30 15:33:50', '2025-10-30 15:33:50'),
(786, 10, 10, 'restock', '2025-10-30 15:34:00', '2025-10-30 15:34:00'),
(787, 9, 10, 'restock', '2025-10-30 15:34:09', '2025-10-30 15:34:09'),
(788, 48, 20, 'restock', '2025-10-30 16:04:07', '2025-10-30 16:04:07'),
(789, 1, -5, 'restock', '2025-10-31 15:32:45', '2025-10-31 15:32:45'),
(792, 10, 0, 'restock', '2025-10-31 15:32:45', '2025-10-31 15:32:45'),
(793, 1, -1, 'expire', '2025-11-01 23:29:34', '2025-11-01 23:29:34'),
(794, 17, 0, 'expire', '2025-11-01 23:29:34', '2025-11-01 23:29:34'),
(795, 2, 0, 'expire', '2025-11-01 23:29:34', '2025-11-01 23:29:34'),
(796, 3, -5, 'expire', '2025-11-01 23:29:34', '2025-11-01 23:29:34'),
(797, 4, 0, 'expire', '2025-11-01 23:29:34', '2025-11-01 23:29:34'),
(798, 5, 0, 'expire', '2025-11-01 23:29:34', '2025-11-01 23:29:34'),
(799, 18, 0, 'expire', '2025-11-01 23:29:34', '2025-11-01 23:29:34'),
(800, 8, 0, 'expire', '2025-11-01 23:29:34', '2025-11-01 23:29:34'),
(801, 1, -10, 'expiry', '2025-11-01 23:29:46', '2025-11-01 23:29:46'),
(802, 2, -5, 'expiry', '2025-11-01 23:29:46', '2025-11-01 23:29:46'),
(803, 4, -4, 'expiry', '2025-11-01 23:29:46', '2025-11-01 23:29:46'),
(804, 5, -3, 'expiry', '2025-11-01 23:29:46', '2025-11-01 23:29:46'),
(805, 3, -20, 'expiry', '2025-11-01 23:29:46', '2025-11-01 23:29:46'),
(806, 26, -5, 'expiry', '2025-11-01 23:29:46', '2025-11-01 23:29:46'),
(807, 9, 0, 'expiry', '2025-11-01 23:29:46', '2025-11-01 23:29:46'),
(808, 10, 0, 'expiry', '2025-11-01 23:29:46', '2025-11-01 23:29:46'),
(809, 1, -1, 'restock', '2025-11-01 23:29:57', '2025-11-01 23:29:57'),
(810, 21, 0, 'restock', '2025-11-01 23:29:57', '2025-11-01 23:29:57'),
(811, 2, 0, 'restock', '2025-11-01 23:29:57', '2025-11-01 23:29:57'),
(812, 3, -5, 'restock', '2025-11-01 23:29:57', '2025-11-01 23:29:57'),
(813, 4, 0, 'restock', '2025-11-01 23:29:57', '2025-11-01 23:29:57'),
(814, 5, 0, 'restock', '2025-11-01 23:29:57', '2025-11-01 23:29:57'),
(815, 22, 0, 'restock', '2025-11-01 23:29:57', '2025-11-01 23:29:57'),
(816, 1, -1, 'restock', '2025-11-01 23:30:06', '2025-11-01 23:30:06'),
(817, 2, 0, 'restock', '2025-11-01 23:30:06', '2025-11-01 23:30:06'),
(818, 3, -5, 'restock', '2025-11-01 23:30:06', '2025-11-01 23:30:06'),
(819, 4, 0, 'restock', '2025-11-01 23:30:06', '2025-11-01 23:30:06'),
(820, 5, 0, 'restock', '2025-11-01 23:30:06', '2025-11-01 23:30:06'),
(821, 11, 0, 'restock', '2025-11-01 23:30:06', '2025-11-01 23:30:06'),
(822, 16, 0, 'restock', '2025-11-01 23:30:06', '2025-11-01 23:30:06'),
(823, 6, 0, 'restock', '2025-11-01 23:30:06', '2025-11-01 23:30:06'),
(824, 1, 0, 'restock', '2025-11-01 23:30:15', '2025-11-01 23:30:15'),
(825, 2, 0, 'restock', '2025-11-01 23:30:15', '2025-11-01 23:30:15'),
(826, 3, -5, 'restock', '2025-11-01 23:30:15', '2025-11-01 23:30:15'),
(827, 4, 0, 'restock', '2025-11-01 23:30:15', '2025-11-01 23:30:15'),
(828, 5, 0, 'restock', '2025-11-01 23:30:15', '2025-11-01 23:30:15'),
(829, 13, 0, 'restock', '2025-11-01 23:30:15', '2025-11-01 23:30:15'),
(830, 24, -1, 'restock', '2025-11-01 23:30:15', '2025-11-01 23:30:15'),
(831, 1, 0, 'restock', '2025-11-01 23:30:30', '2025-11-01 23:30:30'),
(832, 2, 0, 'restock', '2025-11-01 23:30:30', '2025-11-01 23:30:30'),
(833, 3, -5, 'restock', '2025-11-01 23:30:30', '2025-11-01 23:30:30'),
(834, 4, 0, 'restock', '2025-11-01 23:30:30', '2025-11-01 23:30:30'),
(835, 5, 0, 'restock', '2025-11-01 23:30:30', '2025-11-01 23:30:30'),
(836, 13, 0, 'restock', '2025-11-01 23:30:30', '2025-11-01 23:30:30'),
(837, 23, 0, 'restock', '2025-11-01 23:30:30', '2025-11-01 23:30:30'),
(838, 1, -1, 'restock', '2025-11-01 23:30:40', '2025-11-01 23:30:40'),
(839, 2, 0, 'restock', '2025-11-01 23:30:40', '2025-11-01 23:30:40'),
(840, 3, -5, 'restock', '2025-11-01 23:30:40', '2025-11-01 23:30:40'),
(841, 4, 0, 'restock', '2025-11-01 23:30:40', '2025-11-01 23:30:40'),
(842, 5, 0, 'restock', '2025-11-01 23:30:40', '2025-11-01 23:30:40'),
(843, 25, 0, 'restock', '2025-11-01 23:30:40', '2025-11-01 23:30:40'),
(844, 6, 0, 'restock', '2025-11-01 23:30:40', '2025-11-01 23:30:40'),
(845, 1, 0, 'restock', '2025-11-01 23:30:48', '2025-11-01 23:30:48'),
(846, 2, 0, 'restock', '2025-11-01 23:30:48', '2025-11-01 23:30:48'),
(847, 3, -5, 'restock', '2025-11-01 23:30:48', '2025-11-01 23:30:48'),
(848, 4, 0, 'restock', '2025-11-01 23:30:48', '2025-11-01 23:30:48'),
(849, 5, 0, 'restock', '2025-11-01 23:30:48', '2025-11-01 23:30:48'),
(850, 14, 0, 'restock', '2025-11-01 23:30:48', '2025-11-01 23:30:48'),
(851, 15, 0, 'restock', '2025-11-01 23:30:48', '2025-11-01 23:30:48'),
(852, 1, -1, 'restock', '2025-11-01 23:30:57', '2025-11-01 23:30:57'),
(853, 2, 0, 'restock', '2025-11-01 23:30:57', '2025-11-01 23:30:57'),
(854, 3, -5, 'restock', '2025-11-01 23:30:57', '2025-11-01 23:30:57'),
(855, 4, 0, 'restock', '2025-11-01 23:30:57', '2025-11-01 23:30:57'),
(856, 5, 0, 'restock', '2025-11-01 23:30:57', '2025-11-01 23:30:57'),
(857, 11, 0, 'restock', '2025-11-01 23:30:57', '2025-11-01 23:30:57'),
(858, 20, 0, 'restock', '2025-11-01 23:30:57', '2025-11-01 23:30:57'),
(859, 13, 0, 'restock', '2025-11-01 23:30:57', '2025-11-01 23:30:57'),
(860, 1, 0, 'restock', '2025-11-01 23:31:04', '2025-11-01 23:31:04'),
(861, 2, 0, 'restock', '2025-11-01 23:31:04', '2025-11-01 23:31:04'),
(862, 3, -5, 'restock', '2025-11-01 23:31:04', '2025-11-01 23:31:04'),
(863, 4, 0, 'restock', '2025-11-01 23:31:04', '2025-11-01 23:31:04'),
(864, 5, 0, 'restock', '2025-11-01 23:31:04', '2025-11-01 23:31:04'),
(865, 13, 0, 'restock', '2025-11-01 23:31:04', '2025-11-01 23:31:04'),
(866, 8, 0, 'restock', '2025-11-01 23:31:04', '2025-11-01 23:31:04'),
(867, 1, -1, 'restock', '2025-11-01 23:31:17', '2025-11-01 23:31:17'),
(868, 11, 0, 'restock', '2025-11-01 23:31:17', '2025-11-01 23:31:17'),
(869, 2, 0, 'restock', '2025-11-01 23:31:17', '2025-11-01 23:31:17'),
(870, 3, -5, 'restock', '2025-11-01 23:31:17', '2025-11-01 23:31:17'),
(871, 4, 0, 'restock', '2025-11-01 23:31:17', '2025-11-01 23:31:17'),
(872, 5, 0, 'restock', '2025-11-01 23:31:17', '2025-11-01 23:31:17'),
(873, 12, 0, 'restock', '2025-11-01 23:31:17', '2025-11-01 23:31:17'),
(874, 9, 0, 'restock', '2025-11-01 23:31:17', '2025-11-01 23:31:17'),
(875, 10, 0, 'restock', '2025-11-01 23:31:17', '2025-11-01 23:31:17'),
(876, 1, -1, 'restock', '2025-11-01 23:31:28', '2025-11-01 23:31:28'),
(877, 2, 0, 'restock', '2025-11-01 23:31:28', '2025-11-01 23:31:28'),
(878, 3, -5, 'restock', '2025-11-01 23:31:28', '2025-11-01 23:31:28'),
(879, 4, 0, 'restock', '2025-11-01 23:31:28', '2025-11-01 23:31:28'),
(880, 5, 0, 'restock', '2025-11-01 23:31:28', '2025-11-01 23:31:28'),
(881, 6, 0, 'restock', '2025-11-01 23:31:28', '2025-11-01 23:31:28'),
(882, 7, 0, 'restock', '2025-11-01 23:31:28', '2025-11-01 23:31:28'),
(883, 8, 0, 'restock', '2025-11-01 23:31:28', '2025-11-01 23:31:28'),
(884, 9, 0, 'restock', '2025-11-01 23:31:28', '2025-11-01 23:31:28'),
(885, 10, 0, 'restock', '2025-11-01 23:31:28', '2025-11-01 23:31:28'),
(886, 1, -1, 'restock', '2025-11-01 23:31:37', '2025-11-01 23:31:37'),
(887, 2, -1, 'restock', '2025-11-01 23:31:37', '2025-11-01 23:31:37'),
(888, 3, -4, 'restock', '2025-11-01 23:31:37', '2025-11-01 23:31:37'),
(889, 4, 0, 'restock', '2025-11-01 23:31:37', '2025-11-01 23:31:37'),
(890, 5, 0, 'restock', '2025-11-01 23:31:37', '2025-11-01 23:31:37'),
(891, 6, 0, 'restock', '2025-11-01 23:31:37', '2025-11-01 23:31:37'),
(892, 7, 0, 'restock', '2025-11-01 23:31:37', '2025-11-01 23:31:37'),
(893, 8, 0, 'restock', '2025-11-01 23:31:37', '2025-11-01 23:31:37'),
(894, 9, 0, 'restock', '2025-11-01 23:31:37', '2025-11-01 23:31:37'),
(895, 10, 0, 'restock', '2025-11-01 23:31:37', '2025-11-01 23:31:37'),
(896, 1, -1, 'restock', '2025-11-01 23:31:54', '2025-11-01 23:31:54'),
(897, 11, 0, 'restock', '2025-11-01 23:31:54', '2025-11-01 23:31:54'),
(898, 2, -1, 'restock', '2025-11-01 23:31:54', '2025-11-01 23:31:54'),
(899, 3, -4, 'restock', '2025-11-01 23:31:54', '2025-11-01 23:31:54'),
(900, 4, 0, 'restock', '2025-11-01 23:31:54', '2025-11-01 23:31:54'),
(901, 5, 0, 'restock', '2025-11-01 23:31:54', '2025-11-01 23:31:54'),
(902, 12, 0, 'restock', '2025-11-01 23:31:54', '2025-11-01 23:31:54'),
(903, 9, 0, 'restock', '2025-11-01 23:31:54', '2025-11-01 23:31:54'),
(904, 10, 0, 'restock', '2025-11-01 23:31:54', '2025-11-01 23:31:54'),
(905, 1, -1, 'restock', '2025-11-01 23:33:41', '2025-11-01 23:33:41'),
(906, 2, -1, 'restock', '2025-11-01 23:33:41', '2025-11-01 23:33:41'),
(907, 3, -3, 'restock', '2025-11-01 23:33:41', '2025-11-01 23:33:41'),
(908, 4, 0, 'restock', '2025-11-01 23:33:41', '2025-11-01 23:33:41'),
(909, 5, 0, 'restock', '2025-11-01 23:33:41', '2025-11-01 23:33:41'),
(910, 13, -1, 'restock', '2025-11-01 23:33:41', '2025-11-01 23:33:41'),
(911, 8, 0, 'restock', '2025-11-01 23:33:41', '2025-11-01 23:33:41'),
(912, 1, -10, 'restock', '2025-11-02 10:53:48', '2025-11-02 10:53:48'),
(913, 4, -5, 'restock', '2025-11-02 10:53:48', '2025-11-02 10:53:48'),
(914, 2, -4, 'restock', '2025-11-02 10:53:48', '2025-11-02 10:53:48'),
(915, 3, -20, 'restock', '2025-11-02 10:53:48', '2025-11-02 10:53:48'),
(916, 5, -3, 'restock', '2025-11-02 10:53:48', '2025-11-02 10:53:48'),
(917, 9, 0, 'restock', '2025-11-02 10:53:48', '2025-11-02 10:53:48'),
(918, 10, 0, 'restock', '2025-11-02 10:53:48', '2025-11-02 10:53:48'),
(919, 1, -4, 'restock', '2025-11-02 10:53:59', '2025-11-02 10:53:59'),
(920, 2, -3, 'restock', '2025-11-02 10:53:59', '2025-11-02 10:53:59'),
(921, 3, -15, 'restock', '2025-11-02 10:53:59', '2025-11-02 10:53:59'),
(922, 4, -2, 'restock', '2025-11-02 10:53:59', '2025-11-02 10:53:59'),
(923, 5, -2, 'restock', '2025-11-02 10:53:59', '2025-11-02 10:53:59'),
(924, 6, -1, 'restock', '2025-11-02 10:53:59', '2025-11-02 10:53:59'),
(925, 27, 0, 'restock', '2025-11-02 10:53:59', '2025-11-02 10:53:59'),
(926, 9, 0, 'restock', '2025-11-02 10:53:59', '2025-11-02 10:53:59'),
(927, 1, -4, 'restock', '2025-11-02 10:54:10', '2025-11-02 10:54:10'),
(928, 2, -3, 'restock', '2025-11-02 10:54:10', '2025-11-02 10:54:10'),
(929, 3, -15, 'restock', '2025-11-02 10:54:10', '2025-11-02 10:54:10'),
(930, 4, -2, 'restock', '2025-11-02 10:54:10', '2025-11-02 10:54:10'),
(931, 5, -2, 'restock', '2025-11-02 10:54:10', '2025-11-02 10:54:10'),
(932, 6, -1, 'restock', '2025-11-02 10:54:10', '2025-11-02 10:54:10'),
(933, 28, 0, 'restock', '2025-11-02 10:54:10', '2025-11-02 10:54:10'),
(934, 9, 0, 'restock', '2025-11-02 10:54:10', '2025-11-02 10:54:10'),
(935, 1, -4, 'restock', '2025-11-02 10:54:18', '2025-11-02 10:54:18'),
(936, 2, -3, 'restock', '2025-11-02 10:54:18', '2025-11-02 10:54:18'),
(937, 3, -15, 'restock', '2025-11-02 10:54:18', '2025-11-02 10:54:18'),
(938, 4, -2, 'restock', '2025-11-02 10:54:18', '2025-11-02 10:54:18'),
(939, 5, -2, 'restock', '2025-11-02 10:54:18', '2025-11-02 10:54:18'),
(940, 6, -1, 'restock', '2025-11-02 10:54:18', '2025-11-02 10:54:18'),
(941, 15, 0, 'restock', '2025-11-02 10:54:18', '2025-11-02 10:54:18'),
(942, 9, 0, 'restock', '2025-11-02 10:54:18', '2025-11-02 10:54:18'),
(943, 1, -4, 'restock', '2025-11-02 10:54:27', '2025-11-02 10:54:27'),
(944, 2, -3, 'restock', '2025-11-02 10:54:27', '2025-11-02 10:54:27'),
(945, 3, -15, 'restock', '2025-11-02 10:54:27', '2025-11-02 10:54:27'),
(946, 4, -2, 'restock', '2025-11-02 10:54:27', '2025-11-02 10:54:27'),
(947, 5, -2, 'restock', '2025-11-02 10:54:27', '2025-11-02 10:54:27'),
(948, 6, -1, 'restock', '2025-11-02 10:54:27', '2025-11-02 10:54:27'),
(949, 11, 0, 'restock', '2025-11-02 10:54:27', '2025-11-02 10:54:27'),
(950, 9, 0, 'restock', '2025-11-02 10:54:27', '2025-11-02 10:54:27'),
(951, 1, -8, 'restock', '2025-11-02 10:54:35', '2025-11-02 10:54:35'),
(952, 2, -6, 'restock', '2025-11-02 10:54:35', '2025-11-02 10:54:35'),
(953, 3, -20, 'restock', '2025-11-02 10:54:35', '2025-11-02 10:54:35'),
(954, 4, -3, 'restock', '2025-11-02 10:54:35', '2025-11-02 10:54:35'),
(955, 5, -3, 'restock', '2025-11-02 10:54:35', '2025-11-02 10:54:35'),
(956, 29, -2, 'restock', '2025-11-02 10:54:35', '2025-11-02 10:54:35'),
(957, 9, 0, 'restock', '2025-11-02 10:54:35', '2025-11-02 10:54:35'),
(958, 6, 51, 'restock', '2025-11-02 10:56:55', '2025-11-02 10:56:55'),
(959, 4, 99, 'restock', '2025-11-02 10:57:13', '2025-11-02 10:57:13'),
(960, 1, -5, 'restock', '2025-11-02 10:57:27', '2025-11-02 10:57:27'),
(961, 2, -4, 'restock', '2025-11-02 10:57:27', '2025-11-02 10:57:27'),
(962, 3, -20, 'restock', '2025-11-02 10:57:27', '2025-11-02 10:57:27'),
(963, 4, -2, 'restock', '2025-11-02 10:57:27', '2025-11-02 10:57:27'),
(964, 5, -2, 'restock', '2025-11-02 10:57:27', '2025-11-02 10:57:27'),
(965, 30, -2, 'restock', '2025-11-02 10:57:27', '2025-11-02 10:57:27'),
(966, 8, 0, 'restock', '2025-11-02 10:57:27', '2025-11-02 10:57:27'),
(967, 9, 0, 'restock', '2025-11-02 10:57:27', '2025-11-02 10:57:27'),
(968, 1, -12, 'restock', '2025-11-02 10:57:36', '2025-11-02 10:57:36'),
(969, 2, -8, 'restock', '2025-11-02 10:57:36', '2025-11-02 10:57:36'),
(970, 3, -60, 'restock', '2025-11-02 10:57:36', '2025-11-02 10:57:36'),
(971, 4, -6, 'restock', '2025-11-02 10:57:36', '2025-11-02 10:57:36'),
(972, 5, -6, 'restock', '2025-11-02 10:57:36', '2025-11-02 10:57:36'),
(973, 11, -2, 'restock', '2025-11-02 10:57:36', '2025-11-02 10:57:36'),
(974, 8, -1, 'restock', '2025-11-02 10:57:36', '2025-11-02 10:57:36'),
(975, 9, 0, 'restock', '2025-11-02 10:57:36', '2025-11-02 10:57:36'),
(976, 1, -10, 'restock', '2025-11-02 10:57:46', '2025-11-02 10:57:46'),
(977, 2, -5, 'restock', '2025-11-02 10:57:46', '2025-11-02 10:57:46'),
(978, 3, -20, 'restock', '2025-11-02 10:57:46', '2025-11-02 10:57:46'),
(979, 4, -4, 'restock', '2025-11-02 10:57:46', '2025-11-02 10:57:46'),
(980, 5, -3, 'restock', '2025-11-02 10:57:46', '2025-11-02 10:57:46'),
(981, 9, 0, 'restock', '2025-11-02 10:57:46', '2025-11-02 10:57:46'),
(982, 10, 0, 'restock', '2025-11-02 10:57:46', '2025-11-02 10:57:46'),
(983, 1, -4, 'restock', '2025-11-02 10:57:54', '2025-11-02 10:57:54'),
(984, 2, -2, 'restock', '2025-11-02 10:57:54', '2025-11-02 10:57:54'),
(985, 3, -10, 'restock', '2025-11-02 10:57:54', '2025-11-02 10:57:54'),
(986, 4, -2, 'restock', '2025-11-02 10:57:54', '2025-11-02 10:57:54'),
(987, 5, -2, 'restock', '2025-11-02 10:57:54', '2025-11-02 10:57:54'),
(988, 6, -2, 'restock', '2025-11-02 10:57:54', '2025-11-02 10:57:54'),
(989, 31, -10, 'restock', '2025-11-02 10:58:06', '2025-11-02 10:58:06'),
(990, 32, -5, 'restock', '2025-11-02 10:58:06', '2025-11-02 10:58:06'),
(991, 33, 0, 'restock', '2025-11-02 10:58:06', '2025-11-02 10:58:06'),
(992, 34, 0, 'restock', '2025-11-02 10:58:06', '2025-11-02 10:58:06'),
(993, 31, -10, 'restock', '2025-11-02 10:58:14', '2025-11-02 10:58:14'),
(994, 35, -5, 'restock', '2025-11-02 10:58:14', '2025-11-02 10:58:14'),
(995, 33, 0, 'restock', '2025-11-02 10:58:14', '2025-11-02 10:58:14'),
(996, 36, 0, 'restock', '2025-11-02 10:58:14', '2025-11-02 10:58:14'),
(997, 1, -8, 'restock', '2025-11-02 10:58:22', '2025-11-02 10:58:22'),
(998, 2, -4, 'restock', '2025-11-02 10:58:22', '2025-11-02 10:58:22'),
(999, 3, -20, 'restock', '2025-11-02 10:58:22', '2025-11-02 10:58:22'),
(1000, 4, -3, 'restock', '2025-11-02 10:58:22', '2025-11-02 10:58:22'),
(1001, 5, -3, 'restock', '2025-11-02 10:58:22', '2025-11-02 10:58:22'),
(1002, 37, -4, 'restock', '2025-11-02 10:58:30', '2025-11-02 10:58:30'),
(1003, 38, -5, 'restock', '2025-11-02 10:58:30', '2025-11-02 10:58:30'),
(1004, 39, 0, 'restock', '2025-11-02 10:58:30', '2025-11-02 10:58:30'),
(1005, 40, 0, 'restock', '2025-11-02 10:58:30', '2025-11-02 10:58:30'),
(1006, 41, 0, 'restock', '2025-11-02 10:58:30', '2025-11-02 10:58:30'),
(1007, 1, -4, 'restock', '2025-11-02 10:58:40', '2025-11-02 10:58:40'),
(1008, 2, -2, 'restock', '2025-11-02 10:58:40', '2025-11-02 10:58:40'),
(1009, 3, -10, 'restock', '2025-11-02 10:58:40', '2025-11-02 10:58:40'),
(1010, 4, -2, 'restock', '2025-11-02 10:58:40', '2025-11-02 10:58:40'),
(1011, 5, -2, 'restock', '2025-11-02 10:58:40', '2025-11-02 10:58:40'),
(1012, 42, -2, 'restock', '2025-11-02 10:58:40', '2025-11-02 10:58:40'),
(1013, 43, -2, 'restock', '2025-11-02 10:58:40', '2025-11-02 10:58:40'),
(1014, 2, 148, 'restock', '2025-11-02 10:59:30', '2025-11-02 10:59:30'),
(1015, 1, -8, 'restock', '2025-11-02 10:59:44', '2025-11-02 10:59:44'),
(1016, 2, -5, 'restock', '2025-11-02 10:59:44', '2025-11-02 10:59:44'),
(1017, 3, -20, 'restock', '2025-11-02 10:59:44', '2025-11-02 10:59:44'),
(1018, 4, -4, 'restock', '2025-11-02 10:59:44', '2025-11-02 10:59:44'),
(1019, 5, -3, 'restock', '2025-11-02 10:59:44', '2025-11-02 10:59:44'),
(1020, 44, -5, 'restock', '2025-11-02 10:59:44', '2025-11-02 10:59:44'),
(1021, 43, -3, 'restock', '2025-11-02 10:59:44', '2025-11-02 10:59:44'),
(1022, 1, -8, 'restock', '2025-11-02 10:59:54', '2025-11-02 10:59:54'),
(1023, 2, -5, 'restock', '2025-11-02 10:59:54', '2025-11-02 10:59:54'),
(1024, 3, -20, 'restock', '2025-11-02 10:59:54', '2025-11-02 10:59:54'),
(1025, 4, -3, 'restock', '2025-11-02 10:59:54', '2025-11-02 10:59:54'),
(1026, 5, -2, 'restock', '2025-11-02 10:59:54', '2025-11-02 10:59:54'),
(1027, 44, -4, 'restock', '2025-11-02 10:59:54', '2025-11-02 10:59:54'),
(1028, 45, -1, 'restock', '2025-11-02 10:59:54', '2025-11-02 10:59:54'),
(1029, 1, -8, 'restock', '2025-11-02 11:00:02', '2025-11-02 11:00:02'),
(1030, 2, -5, 'restock', '2025-11-02 11:00:02', '2025-11-02 11:00:02'),
(1031, 3, -20, 'restock', '2025-11-02 11:00:02', '2025-11-02 11:00:02'),
(1032, 4, -3, 'restock', '2025-11-02 11:00:02', '2025-11-02 11:00:02'),
(1033, 5, -2, 'restock', '2025-11-02 11:00:02', '2025-11-02 11:00:02'),
(1034, 46, -4, 'restock', '2025-11-02 11:00:02', '2025-11-02 11:00:02'),
(1035, 45, 0, 'restock', '2025-11-02 11:00:02', '2025-11-02 11:00:02'),
(1036, 1, -8, 'restock', '2025-11-02 11:00:27', '2025-11-02 11:00:27'),
(1037, 2, -5, 'restock', '2025-11-02 11:00:27', '2025-11-02 11:00:27'),
(1038, 3, -20, 'restock', '2025-11-02 11:00:27', '2025-11-02 11:00:27'),
(1039, 4, -4, 'restock', '2025-11-02 11:00:27', '2025-11-02 11:00:27'),
(1040, 5, -3, 'restock', '2025-11-02 11:00:27', '2025-11-02 11:00:27'),
(1041, 47, -3, 'restock', '2025-11-02 11:00:27', '2025-11-02 11:00:27'),
(1042, 1, -8, 'restock', '2025-11-02 11:00:37', '2025-11-02 11:00:37'),
(1043, 48, -2, 'restock', '2025-11-02 11:00:37', '2025-11-02 11:00:37'),
(1046, 9, 0, 'restock', '2025-11-02 11:00:37', '2025-11-02 11:00:37'),
(1047, 1, -16, 'restock', '2025-11-02 11:00:53', '2025-11-02 11:00:53'),
(1048, 2, -12, 'restock', '2025-11-02 11:00:53', '2025-11-02 11:00:53'),
(1049, 3, -40, 'restock', '2025-11-02 11:00:53', '2025-11-02 11:00:53'),
(1050, 4, -6, 'restock', '2025-11-02 11:00:53', '2025-11-02 11:00:53'),
(1052, 8, -1, 'restock', '2025-11-02 11:00:53', '2025-11-02 11:00:53'),
(1053, 9, 0, 'restock', '2025-11-02 11:00:53', '2025-11-02 11:00:53'),
(1054, 10, 0, 'restock', '2025-11-02 11:00:53', '2025-11-02 11:00:53'),
(1055, 1, -16, 'restock', '2025-11-02 11:01:05', '2025-11-02 11:01:05'),
(1056, 2, -8, 'restock', '2025-11-02 11:01:05', '2025-11-02 11:01:05'),
(1057, 3, -40, 'restock', '2025-11-02 11:01:05', '2025-11-02 11:01:05'),
(1058, 4, -6, 'restock', '2025-11-02 11:01:05', '2025-11-02 11:01:05'),
(1059, 5, -6, 'restock', '2025-11-02 11:01:05', '2025-11-02 11:01:05'),
(1060, 13, -10, 'restock', '2025-11-02 11:01:05', '2025-11-02 11:01:05'),
(1061, 1, -10, 'restock', '2025-11-02 11:01:53', '2025-11-02 11:01:53'),
(1062, 4, -4, 'restock', '2025-11-02 11:01:53', '2025-11-02 11:01:53'),
(1065, 2, -3, 'restock', '2025-11-02 11:01:53', '2025-11-02 11:01:53'),
(1066, 9, 0, 'restock', '2025-11-02 11:01:53', '2025-11-02 11:01:53'),
(1067, 5, 100, 'restock', '2025-11-02 11:04:13', '2025-11-02 11:04:13'),
(1068, 1, -6, 'restock', '2025-11-02 11:04:35', '2025-11-02 11:04:35'),
(1069, 2, -4, 'restock', '2025-11-02 11:04:35', '2025-11-02 11:04:35'),
(1070, 3, -20, 'restock', '2025-11-02 11:04:35', '2025-11-02 11:04:35'),
(1071, 4, -3, 'restock', '2025-11-02 11:04:35', '2025-11-02 11:04:35'),
(1072, 5, -3, 'restock', '2025-11-02 11:04:35', '2025-11-02 11:04:35'),
(1073, 20, 0, 'restock', '2025-11-02 11:04:35', '2025-11-02 11:04:35'),
(1074, 13, -3, 'restock', '2025-11-02 11:04:35', '2025-11-02 11:04:35'),
(1075, 47, 6, 'restock', '2025-11-02 11:05:14', '2025-11-02 11:05:14'),
(1076, 35, 10, 'restock', '2025-11-02 11:05:28', '2025-11-02 11:05:28'),
(1077, 1, 198, 'restock', '2025-11-02 11:05:41', '2025-11-02 11:05:41'),
(1078, 1, -4, 'restock', '2025-11-02 11:06:09', '2025-11-02 11:06:09'),
(1079, 19, 0, 'restock', '2025-11-02 11:06:09', '2025-11-02 11:06:09'),
(1080, 2, -3, 'restock', '2025-11-02 11:06:09', '2025-11-02 11:06:09'),
(1081, 3, -15, 'restock', '2025-11-02 11:06:09', '2025-11-02 11:06:09'),
(1082, 4, -2, 'restock', '2025-11-02 11:06:09', '2025-11-02 11:06:09'),
(1083, 5, -2, 'restock', '2025-11-02 11:06:09', '2025-11-02 11:06:09'),
(1084, 6, -1, 'restock', '2025-11-02 11:06:09', '2025-11-02 11:06:09'),
(1085, 1, -8, 'restock', '2025-11-02 11:06:20', '2025-11-02 11:06:20'),
(1086, 2, -5, 'restock', '2025-11-02 11:06:20', '2025-11-02 11:06:20'),
(1087, 3, -20, 'restock', '2025-11-02 11:06:20', '2025-11-02 11:06:20'),
(1088, 4, -5, 'restock', '2025-11-02 11:06:20', '2025-11-02 11:06:20'),
(1089, 5, -3, 'restock', '2025-11-02 11:06:20', '2025-11-02 11:06:20'),
(1091, 9, 0, 'restock', '2025-11-02 11:06:20', '2025-11-02 11:06:20'),
(1092, 1, -5, 'restock', '2025-11-04 09:23:14', '2025-11-04 09:23:14'),
(1095, 10, 0, 'restock', '2025-11-04 09:23:14', '2025-11-04 09:23:14'),
(1096, 1, -1, 'restock', '2025-11-04 09:23:36', '2025-11-04 09:23:36'),
(1097, 2, -1, 'restock', '2025-11-04 09:23:36', '2025-11-04 09:23:36'),
(1098, 3, -4, 'restock', '2025-11-04 09:23:36', '2025-11-04 09:23:36'),
(1099, 4, 0, 'restock', '2025-11-04 09:23:36', '2025-11-04 09:23:36'),
(1100, 5, 0, 'restock', '2025-11-04 09:23:36', '2025-11-04 09:23:36'),
(1101, 6, 0, 'restock', '2025-11-04 09:23:36', '2025-11-04 09:23:36'),
(1102, 7, 0, 'restock', '2025-11-04 09:23:36', '2025-11-04 09:23:36'),
(1103, 8, 0, 'restock', '2025-11-04 09:23:36', '2025-11-04 09:23:36'),
(1104, 9, 0, 'restock', '2025-11-04 09:23:36', '2025-11-04 09:23:36'),
(1105, 10, 0, 'restock', '2025-11-04 09:23:36', '2025-11-04 09:23:36'),
(1106, 44, -5, 'Used for new product (ID: 68)', '2025-11-04 09:35:32', '2025-11-04 09:35:32'),
(1107, 29, -5, 'Used for new product (ID: 68)', '2025-11-04 09:35:32', '2025-11-04 09:35:32'),
(1108, 3, -5, 'Used for new product (ID: 68)', '2025-11-04 09:35:32', '2025-11-04 09:35:32'),
(1109, 5, -5, 'Used for new product (ID: 68)', '2025-11-04 09:35:32', '2025-11-04 09:35:32'),
(1110, 2, -5, 'Used for new product (ID: 68)', '2025-11-04 09:35:32', '2025-11-04 09:35:32'),
(1111, 13, -5, 'Used for new product (ID: 69)', '2025-11-04 09:49:32', '2025-11-04 09:49:32'),
(1112, 12, -5, 'Used for new product (ID: 69)', '2025-11-04 09:49:32', '2025-11-04 09:49:32'),
(1113, 3, -5, 'Used for new product (ID: 69)', '2025-11-04 09:49:32', '2025-11-04 09:49:32'),
(1114, 5, -5, 'Used for new product (ID: 69)', '2025-11-04 09:49:32', '2025-11-04 09:49:32'),
(1115, 2, -5, 'Used for new product (ID: 69)', '2025-11-04 09:49:32', '2025-11-04 09:49:32'),
(1116, 13, -5, 'restock', '2025-11-04 09:57:50', '2025-11-04 09:57:50'),
(1117, 12, -5, 'restock', '2025-11-04 09:57:50', '2025-11-04 09:57:50'),
(1118, 3, -5, 'restock', '2025-11-04 09:57:50', '2025-11-04 09:57:50'),
(1119, 5, -5, 'restock', '2025-11-04 09:57:50', '2025-11-04 09:57:50'),
(1120, 2, -5, 'restock', '2025-11-04 09:57:50', '2025-11-04 09:57:50'),
(1121, 1, 200, 'restock', '2025-11-04 10:12:34', '2025-11-04 10:12:34'),
(1122, 44, -9, 'Used for new product (ID: 70)', '2025-11-13 09:28:56', '2025-11-13 09:28:56'),
(1123, 3, -9, 'Used for new product (ID: 70)', '2025-11-13 09:28:56', '2025-11-13 09:28:56'),
(1124, 10, -9, 'Used for new product (ID: 70)', '2025-11-13 09:28:56', '2025-11-13 09:28:56'),
(1125, 2, -9, 'Used for new product (ID: 70)', '2025-11-13 09:28:56', '2025-11-13 09:28:56'),
(1126, 1, -1, 'restock', '2025-11-13 09:31:06', '2025-11-13 09:31:06'),
(1127, 17, 0, 'restock', '2025-11-13 09:31:06', '2025-11-13 09:31:06'),
(1128, 2, -1, 'restock', '2025-11-13 09:31:06', '2025-11-13 09:31:06'),
(1129, 3, -4, 'restock', '2025-11-13 09:31:06', '2025-11-13 09:31:06'),
(1130, 4, 0, 'restock', '2025-11-13 09:31:06', '2025-11-13 09:31:06'),
(1131, 5, 0, 'restock', '2025-11-13 09:31:06', '2025-11-13 09:31:06'),
(1132, 18, 0, 'restock', '2025-11-13 09:31:06', '2025-11-13 09:31:06'),
(1133, 8, 0, 'restock', '2025-11-13 09:31:06', '2025-11-13 09:31:06'),
(1134, 1, -1, 'restock', '2025-11-13 09:31:21', '2025-11-13 09:31:21'),
(1135, 17, 0, 'restock', '2025-11-13 09:31:21', '2025-11-13 09:31:21'),
(1136, 2, 0, 'restock', '2025-11-13 09:31:21', '2025-11-13 09:31:21'),
(1137, 3, -5, 'restock', '2025-11-13 09:31:21', '2025-11-13 09:31:21'),
(1138, 4, 0, 'restock', '2025-11-13 09:31:21', '2025-11-13 09:31:21'),
(1139, 5, 0, 'restock', '2025-11-13 09:31:21', '2025-11-13 09:31:21'),
(1140, 18, 0, 'restock', '2025-11-13 09:31:21', '2025-11-13 09:31:21'),
(1141, 8, 0, 'restock', '2025-11-13 09:31:21', '2025-11-13 09:31:21'),
(1142, 1, -10, 'restock', '2025-11-13 09:31:33', '2025-11-13 09:31:33'),
(1143, 2, -5, 'restock', '2025-11-13 09:31:33', '2025-11-13 09:31:33'),
(1144, 4, -4, 'restock', '2025-11-13 09:31:33', '2025-11-13 09:31:33'),
(1145, 5, -3, 'restock', '2025-11-13 09:31:33', '2025-11-13 09:31:33'),
(1146, 3, -20, 'restock', '2025-11-13 09:31:33', '2025-11-13 09:31:33'),
(1147, 26, -5, 'restock', '2025-11-13 09:31:33', '2025-11-13 09:31:33'),
(1148, 9, 0, 'restock', '2025-11-13 09:31:33', '2025-11-13 09:31:33'),
(1149, 10, 0, 'restock', '2025-11-13 09:31:33', '2025-11-13 09:31:33'),
(1150, 1, -1, 'restock', '2025-11-13 09:31:42', '2025-11-13 09:31:42'),
(1151, 21, 0, 'restock', '2025-11-13 09:31:42', '2025-11-13 09:31:42'),
(1152, 2, 0, 'restock', '2025-11-13 09:31:42', '2025-11-13 09:31:42'),
(1153, 3, -5, 'restock', '2025-11-13 09:31:42', '2025-11-13 09:31:42'),
(1154, 4, 0, 'restock', '2025-11-13 09:31:42', '2025-11-13 09:31:42'),
(1155, 5, 0, 'restock', '2025-11-13 09:31:42', '2025-11-13 09:31:42'),
(1156, 22, 0, 'restock', '2025-11-13 09:31:42', '2025-11-13 09:31:42'),
(1157, 1, -1, 'out of stock', '2025-11-13 09:31:57', '2025-11-13 09:31:57'),
(1158, 2, 0, 'out of stock', '2025-11-13 09:31:57', '2025-11-13 09:31:57'),
(1159, 3, -5, 'out of stock', '2025-11-13 09:31:57', '2025-11-13 09:31:57'),
(1160, 4, 0, 'out of stock', '2025-11-13 09:31:57', '2025-11-13 09:31:57'),
(1161, 5, 0, 'out of stock', '2025-11-13 09:31:57', '2025-11-13 09:31:57'),
(1162, 11, 0, 'out of stock', '2025-11-13 09:31:57', '2025-11-13 09:31:57'),
(1163, 16, 0, 'out of stock', '2025-11-13 09:31:57', '2025-11-13 09:31:57'),
(1164, 6, 0, 'out of stock', '2025-11-13 09:31:57', '2025-11-13 09:31:57'),
(1165, 1, 0, 'restock', '2025-11-13 09:32:08', '2025-11-13 09:32:08'),
(1166, 2, 0, 'restock', '2025-11-13 09:32:08', '2025-11-13 09:32:08'),
(1167, 3, -5, 'restock', '2025-11-13 09:32:08', '2025-11-13 09:32:08'),
(1168, 4, 0, 'restock', '2025-11-13 09:32:08', '2025-11-13 09:32:08'),
(1169, 5, 0, 'restock', '2025-11-13 09:32:08', '2025-11-13 09:32:08'),
(1170, 13, 0, 'restock', '2025-11-13 09:32:08', '2025-11-13 09:32:08'),
(1171, 24, -1, 'restock', '2025-11-13 09:32:08', '2025-11-13 09:32:08'),
(1172, 1, 0, 'restock', '2025-11-13 09:32:43', '2025-11-13 09:32:43'),
(1173, 2, 0, 'restock', '2025-11-13 09:32:43', '2025-11-13 09:32:43'),
(1174, 3, -5, 'restock', '2025-11-13 09:32:43', '2025-11-13 09:32:43'),
(1175, 4, 0, 'restock', '2025-11-13 09:32:43', '2025-11-13 09:32:43'),
(1176, 5, 0, 'restock', '2025-11-13 09:32:43', '2025-11-13 09:32:43'),
(1177, 13, 0, 'restock', '2025-11-13 09:32:43', '2025-11-13 09:32:43'),
(1178, 23, 0, 'restock', '2025-11-13 09:32:43', '2025-11-13 09:32:43'),
(1179, 1, -1, 'restock', '2025-11-13 09:33:07', '2025-11-13 09:33:07'),
(1180, 2, 0, 'restock', '2025-11-13 09:33:07', '2025-11-13 09:33:07'),
(1181, 3, -5, 'restock', '2025-11-13 09:33:07', '2025-11-13 09:33:07'),
(1182, 4, 0, 'restock', '2025-11-13 09:33:07', '2025-11-13 09:33:07'),
(1183, 5, 0, 'restock', '2025-11-13 09:33:07', '2025-11-13 09:33:07'),
(1184, 25, 0, 'restock', '2025-11-13 09:33:07', '2025-11-13 09:33:07'),
(1185, 6, 0, 'restock', '2025-11-13 09:33:07', '2025-11-13 09:33:07'),
(1186, 1, 0, 'restock', '2025-11-13 09:33:29', '2025-11-13 09:33:29'),
(1187, 2, 0, 'restock', '2025-11-13 09:33:29', '2025-11-13 09:33:29'),
(1188, 3, -5, 'restock', '2025-11-13 09:33:29', '2025-11-13 09:33:29'),
(1189, 4, 0, 'restock', '2025-11-13 09:33:29', '2025-11-13 09:33:29'),
(1190, 5, 0, 'restock', '2025-11-13 09:33:29', '2025-11-13 09:33:29'),
(1191, 14, 0, 'restock', '2025-11-13 09:33:29', '2025-11-13 09:33:29'),
(1192, 15, 0, 'restock', '2025-11-13 09:33:29', '2025-11-13 09:33:29'),
(1193, 1, -1, 'restock', '2025-11-13 09:33:39', '2025-11-13 09:33:39'),
(1194, 2, 0, 'restock', '2025-11-13 09:33:39', '2025-11-13 09:33:39'),
(1195, 3, -5, 'restock', '2025-11-13 09:33:39', '2025-11-13 09:33:39'),
(1196, 4, 0, 'restock', '2025-11-13 09:33:39', '2025-11-13 09:33:39'),
(1197, 5, 0, 'restock', '2025-11-13 09:33:39', '2025-11-13 09:33:39'),
(1198, 11, 0, 'restock', '2025-11-13 09:33:39', '2025-11-13 09:33:39'),
(1199, 20, 0, 'restock', '2025-11-13 09:33:39', '2025-11-13 09:33:39'),
(1200, 13, 0, 'restock', '2025-11-13 09:33:39', '2025-11-13 09:33:39'),
(1201, 1, 0, 'restock', '2025-11-13 09:33:51', '2025-11-13 09:33:51'),
(1202, 2, 0, 'restock', '2025-11-13 09:33:51', '2025-11-13 09:33:51'),
(1203, 3, -5, 'restock', '2025-11-13 09:33:51', '2025-11-13 09:33:51'),
(1204, 4, 0, 'restock', '2025-11-13 09:33:51', '2025-11-13 09:33:51'),
(1205, 5, 0, 'restock', '2025-11-13 09:33:51', '2025-11-13 09:33:51'),
(1206, 13, 0, 'restock', '2025-11-13 09:33:51', '2025-11-13 09:33:51'),
(1207, 8, 0, 'restock', '2025-11-13 09:33:51', '2025-11-13 09:33:51'),
(1208, 1, -4, 'restock', '2025-11-13 09:34:03', '2025-11-13 09:34:03'),
(1209, 2, -3, 'restock', '2025-11-13 09:34:03', '2025-11-13 09:34:03'),
(1210, 3, -15, 'restock', '2025-11-13 09:34:03', '2025-11-13 09:34:03'),
(1211, 4, -2, 'restock', '2025-11-13 09:34:03', '2025-11-13 09:34:03'),
(1212, 5, -2, 'restock', '2025-11-13 09:34:03', '2025-11-13 09:34:03'),
(1213, 6, -1, 'restock', '2025-11-13 09:34:03', '2025-11-13 09:34:03'),
(1214, 27, 0, 'restock', '2025-11-13 09:34:03', '2025-11-13 09:34:03'),
(1215, 9, 0, 'restock', '2025-11-13 09:34:03', '2025-11-13 09:34:03'),
(1216, 1, -4, 'nil', '2025-11-13 09:34:12', '2025-11-13 09:34:12'),
(1217, 2, -3, 'nil', '2025-11-13 09:34:12', '2025-11-13 09:34:12'),
(1218, 3, -15, 'nil', '2025-11-13 09:34:12', '2025-11-13 09:34:12'),
(1219, 4, -2, 'nil', '2025-11-13 09:34:12', '2025-11-13 09:34:12'),
(1220, 5, -2, 'nil', '2025-11-13 09:34:12', '2025-11-13 09:34:12'),
(1221, 6, -1, 'nil', '2025-11-13 09:34:12', '2025-11-13 09:34:12'),
(1222, 28, 0, 'nil', '2025-11-13 09:34:12', '2025-11-13 09:34:12'),
(1223, 9, 0, 'nil', '2025-11-13 09:34:12', '2025-11-13 09:34:12'),
(1224, 1, -4, 'restock', '2025-11-13 09:34:21', '2025-11-13 09:34:21'),
(1225, 2, -3, 'restock', '2025-11-13 09:34:21', '2025-11-13 09:34:21'),
(1226, 3, -15, 'restock', '2025-11-13 09:34:21', '2025-11-13 09:34:21'),
(1227, 4, -2, 'restock', '2025-11-13 09:34:21', '2025-11-13 09:34:21'),
(1228, 5, -2, 'restock', '2025-11-13 09:34:21', '2025-11-13 09:34:21'),
(1229, 6, -1, 'restock', '2025-11-13 09:34:21', '2025-11-13 09:34:21'),
(1230, 15, 0, 'restock', '2025-11-13 09:34:21', '2025-11-13 09:34:21'),
(1231, 9, 0, 'restock', '2025-11-13 09:34:21', '2025-11-13 09:34:21'),
(1232, 1, -4, 'restock', '2025-11-13 09:34:30', '2025-11-13 09:34:30'),
(1233, 2, -3, 'restock', '2025-11-13 09:34:30', '2025-11-13 09:34:30'),
(1234, 3, -15, 'restock', '2025-11-13 09:34:30', '2025-11-13 09:34:30'),
(1235, 4, -2, 'restock', '2025-11-13 09:34:30', '2025-11-13 09:34:30'),
(1236, 5, -2, 'restock', '2025-11-13 09:34:30', '2025-11-13 09:34:30'),
(1237, 6, -1, 'restock', '2025-11-13 09:34:30', '2025-11-13 09:34:30'),
(1238, 11, 0, 'restock', '2025-11-13 09:34:30', '2025-11-13 09:34:30'),
(1239, 9, 0, 'restock', '2025-11-13 09:34:30', '2025-11-13 09:34:30'),
(1240, 1, -12, 'restock', '2025-11-13 09:34:41', '2025-11-13 09:34:41'),
(1241, 2, -8, 'restock', '2025-11-13 09:34:41', '2025-11-13 09:34:41'),
(1242, 3, -60, 'restock', '2025-11-13 09:34:41', '2025-11-13 09:34:41'),
(1243, 4, -6, 'restock', '2025-11-13 09:34:41', '2025-11-13 09:34:41'),
(1244, 5, -6, 'restock', '2025-11-13 09:34:41', '2025-11-13 09:34:41'),
(1245, 11, -2, 'restock', '2025-11-13 09:34:41', '2025-11-13 09:34:41'),
(1246, 8, -1, 'restock', '2025-11-13 09:34:41', '2025-11-13 09:34:41'),
(1247, 9, 0, 'restock', '2025-11-13 09:34:41', '2025-11-13 09:34:41'),
(1248, 1, -1, 'nil', '2025-11-13 09:35:11', '2025-11-13 09:35:11'),
(1249, 21, -1, 'nil', '2025-11-13 09:35:11', '2025-11-13 09:35:11'),
(1250, 2, -1, 'nil', '2025-11-13 09:35:11', '2025-11-13 09:35:11'),
(1251, 3, -4, 'nil', '2025-11-13 09:35:11', '2025-11-13 09:35:11'),
(1252, 4, 0, 'nil', '2025-11-13 09:35:11', '2025-11-13 09:35:11'),
(1253, 5, 0, 'nil', '2025-11-13 09:35:11', '2025-11-13 09:35:11'),
(1254, 22, 0, 'nil', '2025-11-13 09:35:11', '2025-11-13 09:35:11'),
(1255, 9, 0, 'nil', '2025-11-13 09:35:11', '2025-11-13 09:35:11'),
(1256, 1, -1, 'restock', '2025-11-13 09:35:28', '2025-11-13 09:35:28'),
(1257, 2, -1, 'restock', '2025-11-13 09:35:28', '2025-11-13 09:35:28'),
(1258, 3, -4, 'restock', '2025-11-13 09:35:28', '2025-11-13 09:35:28'),
(1259, 4, 0, 'restock', '2025-11-13 09:35:28', '2025-11-13 09:35:28'),
(1260, 5, 0, 'restock', '2025-11-13 09:35:28', '2025-11-13 09:35:28'),
(1261, 11, 0, 'restock', '2025-11-13 09:35:28', '2025-11-13 09:35:28'),
(1262, 16, 0, 'restock', '2025-11-13 09:35:28', '2025-11-13 09:35:28'),
(1263, 6, 0, 'restock', '2025-11-13 09:35:28', '2025-11-13 09:35:28'),
(1264, 1, -1, 'nil', '2025-11-13 09:35:40', '2025-11-13 09:35:40'),
(1265, 2, -1, 'nil', '2025-11-13 09:35:40', '2025-11-13 09:35:40'),
(1266, 3, -3, 'nil', '2025-11-13 09:35:40', '2025-11-13 09:35:40'),
(1267, 4, 0, 'nil', '2025-11-13 09:35:40', '2025-11-13 09:35:40'),
(1268, 5, 0, 'nil', '2025-11-13 09:35:40', '2025-11-13 09:35:40'),
(1269, 13, -1, 'nil', '2025-11-13 09:35:40', '2025-11-13 09:35:40'),
(1270, 24, -2, 'nil', '2025-11-13 09:35:40', '2025-11-13 09:35:40'),
(1271, 1, -1, 'restock', '2025-11-13 09:35:52', '2025-11-13 09:35:52'),
(1272, 2, -1, 'restock', '2025-11-13 09:35:52', '2025-11-13 09:35:52'),
(1273, 3, -3, 'restock', '2025-11-13 09:35:52', '2025-11-13 09:35:52'),
(1274, 4, 0, 'restock', '2025-11-13 09:35:52', '2025-11-13 09:35:52'),
(1275, 5, 0, 'restock', '2025-11-13 09:35:52', '2025-11-13 09:35:52'),
(1276, 13, -1, 'restock', '2025-11-13 09:35:52', '2025-11-13 09:35:52'),
(1277, 23, 0, 'restock', '2025-11-13 09:35:52', '2025-11-13 09:35:52'),
(1278, 1, -8, 'restock', '2025-11-13 09:36:01', '2025-11-13 09:36:01'),
(1279, 2, -6, 'restock', '2025-11-13 09:36:01', '2025-11-13 09:36:01'),
(1280, 3, -20, 'restock', '2025-11-13 09:36:01', '2025-11-13 09:36:01'),
(1281, 4, -3, 'restock', '2025-11-13 09:36:01', '2025-11-13 09:36:01'),
(1282, 5, -3, 'restock', '2025-11-13 09:36:01', '2025-11-13 09:36:01'),
(1283, 29, -2, 'restock', '2025-11-13 09:36:01', '2025-11-13 09:36:01'),
(1284, 9, 0, 'restock', '2025-11-13 09:36:01', '2025-11-13 09:36:01'),
(1285, 1, -5, 'restock', '2025-11-13 09:36:16', '2025-11-13 09:36:16'),
(1286, 2, -4, 'restock', '2025-11-13 09:36:16', '2025-11-13 09:36:16'),
(1287, 3, -20, 'restock', '2025-11-13 09:36:16', '2025-11-13 09:36:16'),
(1288, 4, -2, 'restock', '2025-11-13 09:36:16', '2025-11-13 09:36:16'),
(1289, 5, -2, 'restock', '2025-11-13 09:36:16', '2025-11-13 09:36:16'),
(1290, 30, -2, 'restock', '2025-11-13 09:36:16', '2025-11-13 09:36:16'),
(1291, 8, 0, 'restock', '2025-11-13 09:36:16', '2025-11-13 09:36:16'),
(1292, 9, 0, 'restock', '2025-11-13 09:36:16', '2025-11-13 09:36:16'),
(1293, 1, -10, 'restock', '2025-11-13 09:36:25', '2025-11-13 09:36:25'),
(1294, 2, -5, 'restock', '2025-11-13 09:36:25', '2025-11-13 09:36:25'),
(1295, 3, -20, 'restock', '2025-11-13 09:36:25', '2025-11-13 09:36:25'),
(1296, 4, -4, 'restock', '2025-11-13 09:36:25', '2025-11-13 09:36:25'),
(1297, 5, -3, 'restock', '2025-11-13 09:36:25', '2025-11-13 09:36:25'),
(1298, 9, 0, 'restock', '2025-11-13 09:36:25', '2025-11-13 09:36:25'),
(1299, 10, 0, 'restock', '2025-11-13 09:36:25', '2025-11-13 09:36:25'),
(1300, 1, -4, 'restock', '2025-11-13 09:36:38', '2025-11-13 09:36:38'),
(1301, 2, -2, 'restock', '2025-11-13 09:36:38', '2025-11-13 09:36:38'),
(1302, 3, -10, 'restock', '2025-11-13 09:36:38', '2025-11-13 09:36:38'),
(1303, 4, -2, 'restock', '2025-11-13 09:36:38', '2025-11-13 09:36:38'),
(1304, 5, -2, 'restock', '2025-11-13 09:36:38', '2025-11-13 09:36:38'),
(1305, 6, -2, 'restock', '2025-11-13 09:36:38', '2025-11-13 09:36:38'),
(1306, 31, -10, 'restock', '2025-11-13 09:36:49', '2025-11-13 09:36:49'),
(1307, 32, -5, 'restock', '2025-11-13 09:36:49', '2025-11-13 09:36:49'),
(1308, 33, 0, 'restock', '2025-11-13 09:36:49', '2025-11-13 09:36:49'),
(1309, 34, 0, 'restock', '2025-11-13 09:36:49', '2025-11-13 09:36:49'),
(1310, 1, -10, 'restock', '2025-11-13 09:37:01', '2025-11-13 09:37:01'),
(1311, 4, -5, 'restock', '2025-11-13 09:37:01', '2025-11-13 09:37:01'),
(1312, 2, -4, 'restock', '2025-11-13 09:37:01', '2025-11-13 09:37:01'),
(1313, 3, -20, 'restock', '2025-11-13 09:37:01', '2025-11-13 09:37:01'),
(1314, 5, -3, 'restock', '2025-11-13 09:37:01', '2025-11-13 09:37:01'),
(1315, 9, 0, 'restock', '2025-11-13 09:37:01', '2025-11-13 09:37:01'),
(1316, 10, 0, 'restock', '2025-11-13 09:37:01', '2025-11-13 09:37:01'),
(1317, 1, -1, 'restock', '2025-11-13 09:37:09', '2025-11-13 09:37:09'),
(1318, 2, -1, 'restock', '2025-11-13 09:37:09', '2025-11-13 09:37:09'),
(1319, 3, -4, 'restock', '2025-11-13 09:37:09', '2025-11-13 09:37:09'),
(1320, 4, 0, 'restock', '2025-11-13 09:37:09', '2025-11-13 09:37:09'),
(1321, 5, 0, 'restock', '2025-11-13 09:37:09', '2025-11-13 09:37:09'),
(1322, 11, 0, 'restock', '2025-11-13 09:37:09', '2025-11-13 09:37:09'),
(1323, 20, 0, 'restock', '2025-11-13 09:37:09', '2025-11-13 09:37:09'),
(1324, 13, 0, 'restock', '2025-11-13 09:37:09', '2025-11-13 09:37:09'),
(1325, 9, 0, 'restock', '2025-11-13 09:37:09', '2025-11-13 09:37:09'),
(1326, 10, 0, 'restock', '2025-11-13 09:37:09', '2025-11-13 09:37:09'),
(1327, 1, -1, 'restock', '2025-11-13 09:37:20', '2025-11-13 09:37:20'),
(1328, 2, -1, 'restock', '2025-11-13 09:37:20', '2025-11-13 09:37:20'),
(1329, 3, -4, 'restock', '2025-11-13 09:37:20', '2025-11-13 09:37:20'),
(1330, 4, 0, 'restock', '2025-11-13 09:37:20', '2025-11-13 09:37:20'),
(1331, 5, 0, 'restock', '2025-11-13 09:37:20', '2025-11-13 09:37:20'),
(1332, 25, 0, 'restock', '2025-11-13 09:37:20', '2025-11-13 09:37:20'),
(1333, 6, 0, 'restock', '2025-11-13 09:37:20', '2025-11-13 09:37:20'),
(1334, 31, -10, 'nil', '2025-11-13 09:38:24', '2025-11-13 09:38:24'),
(1335, 35, -5, 'nil', '2025-11-13 09:38:24', '2025-11-13 09:38:24'),
(1336, 33, 0, 'nil', '2025-11-13 09:38:24', '2025-11-13 09:38:24'),
(1337, 36, 0, 'nil', '2025-11-13 09:38:24', '2025-11-13 09:38:24'),
(1338, 1, -8, 'restock', '2025-11-13 09:38:36', '2025-11-13 09:38:36'),
(1339, 2, -4, 'restock', '2025-11-13 09:38:36', '2025-11-13 09:38:36'),
(1340, 3, -20, 'restock', '2025-11-13 09:38:36', '2025-11-13 09:38:36'),
(1341, 4, -3, 'restock', '2025-11-13 09:38:36', '2025-11-13 09:38:36'),
(1342, 5, -3, 'restock', '2025-11-13 09:38:36', '2025-11-13 09:38:36'),
(1343, 1, 0, 'restock', '2025-11-13 09:38:46', '2025-11-13 09:38:46'),
(1344, 2, -1, 'restock', '2025-11-13 09:38:46', '2025-11-13 09:38:46'),
(1345, 3, -4, 'restock', '2025-11-13 09:38:46', '2025-11-13 09:38:46'),
(1346, 4, 0, 'restock', '2025-11-13 09:38:46', '2025-11-13 09:38:46'),
(1347, 5, 0, 'restock', '2025-11-13 09:38:46', '2025-11-13 09:38:46'),
(1348, 14, 0, 'restock', '2025-11-13 09:38:46', '2025-11-13 09:38:46'),
(1349, 15, 0, 'restock', '2025-11-13 09:38:46', '2025-11-13 09:38:46'),
(1350, 11, 0, 'restock', '2025-11-13 09:38:46', '2025-11-13 09:38:46'),
(1351, 1, -1, 'restock', '2025-11-13 09:38:56', '2025-11-13 09:38:56'),
(1352, 2, -1, 'restock', '2025-11-13 09:38:56', '2025-11-13 09:38:56'),
(1353, 3, -3, 'restock', '2025-11-13 09:38:56', '2025-11-13 09:38:56'),
(1354, 4, 0, 'restock', '2025-11-13 09:38:56', '2025-11-13 09:38:56'),
(1355, 5, 0, 'restock', '2025-11-13 09:38:56', '2025-11-13 09:38:56'),
(1356, 13, -1, 'restock', '2025-11-13 09:38:56', '2025-11-13 09:38:56'),
(1357, 8, 0, 'restock', '2025-11-13 09:38:56', '2025-11-13 09:38:56'),
(1358, 37, -4, 'restock', '2025-11-13 09:39:05', '2025-11-13 09:39:05'),
(1359, 38, -5, 'restock', '2025-11-13 09:39:05', '2025-11-13 09:39:05'),
(1360, 39, 0, 'restock', '2025-11-13 09:39:05', '2025-11-13 09:39:05'),
(1361, 40, 0, 'restock', '2025-11-13 09:39:05', '2025-11-13 09:39:05'),
(1362, 41, 0, 'restock', '2025-11-13 09:39:05', '2025-11-13 09:39:05'),
(1363, 1, -4, 'restock', '2025-11-13 09:39:14', '2025-11-13 09:39:14'),
(1364, 2, -2, 'restock', '2025-11-13 09:39:14', '2025-11-13 09:39:14'),
(1365, 3, -10, 'restock', '2025-11-13 09:39:14', '2025-11-13 09:39:14'),
(1366, 4, -2, 'restock', '2025-11-13 09:39:14', '2025-11-13 09:39:14'),
(1367, 5, -2, 'restock', '2025-11-13 09:39:14', '2025-11-13 09:39:14'),
(1368, 42, -2, 'restock', '2025-11-13 09:39:14', '2025-11-13 09:39:14'),
(1369, 43, -2, 'restock', '2025-11-13 09:39:14', '2025-11-13 09:39:14'),
(1370, 1, -8, 'restock', '2025-11-13 09:39:29', '2025-11-13 09:39:29'),
(1371, 2, -5, 'restock', '2025-11-13 09:39:29', '2025-11-13 09:39:29'),
(1372, 3, -20, 'restock', '2025-11-13 09:39:29', '2025-11-13 09:39:29'),
(1373, 4, -4, 'restock', '2025-11-13 09:39:29', '2025-11-13 09:39:29'),
(1374, 5, -3, 'restock', '2025-11-13 09:39:29', '2025-11-13 09:39:29'),
(1375, 44, -5, 'restock', '2025-11-13 09:39:29', '2025-11-13 09:39:29'),
(1376, 43, -3, 'restock', '2025-11-13 09:39:29', '2025-11-13 09:39:29'),
(1377, 1, -8, 'restock', '2025-11-13 09:39:39', '2025-11-13 09:39:39'),
(1378, 2, -5, 'restock', '2025-11-13 09:39:39', '2025-11-13 09:39:39'),
(1379, 3, -20, 'restock', '2025-11-13 09:39:39', '2025-11-13 09:39:39'),
(1380, 4, -3, 'restock', '2025-11-13 09:39:39', '2025-11-13 09:39:39'),
(1381, 5, -2, 'restock', '2025-11-13 09:39:39', '2025-11-13 09:39:39'),
(1382, 44, -4, 'restock', '2025-11-13 09:39:39', '2025-11-13 09:39:39'),
(1383, 45, -1, 'restock', '2025-11-13 09:39:39', '2025-11-13 09:39:39'),
(1384, 1, -8, 'restock', '2025-11-13 09:39:50', '2025-11-13 09:39:50'),
(1385, 2, -5, 'restock', '2025-11-13 09:39:50', '2025-11-13 09:39:50'),
(1386, 3, -20, 'restock', '2025-11-13 09:39:50', '2025-11-13 09:39:50'),
(1387, 4, -3, 'restock', '2025-11-13 09:39:50', '2025-11-13 09:39:50'),
(1388, 5, -2, 'restock', '2025-11-13 09:39:50', '2025-11-13 09:39:50'),
(1389, 46, -4, 'restock', '2025-11-13 09:39:50', '2025-11-13 09:39:50'),
(1390, 45, 0, 'restock', '2025-11-13 09:39:50', '2025-11-13 09:39:50'),
(1391, 1, -8, 'restock', '2025-11-13 09:40:01', '2025-11-13 09:40:01'),
(1392, 2, -5, 'restock', '2025-11-13 09:40:01', '2025-11-13 09:40:01'),
(1393, 3, -20, 'restock', '2025-11-13 09:40:01', '2025-11-13 09:40:01'),
(1394, 4, -4, 'restock', '2025-11-13 09:40:01', '2025-11-13 09:40:01'),
(1395, 5, -3, 'restock', '2025-11-13 09:40:01', '2025-11-13 09:40:01'),
(1396, 47, -3, 'restock', '2025-11-13 09:40:01', '2025-11-13 09:40:01'),
(1397, 1, -8, 'restock', '2025-11-13 09:40:10', '2025-11-13 09:40:10'),
(1398, 48, -2, 'restock', '2025-11-13 09:40:10', '2025-11-13 09:40:10'),
(1399, 9, 0, 'restock', '2025-11-13 09:40:10', '2025-11-13 09:40:10'),
(1400, 1, -1, 'restock', '2025-11-13 09:40:19', '2025-11-13 09:40:19'),
(1401, 11, 0, 'restock', '2025-11-13 09:40:19', '2025-11-13 09:40:19'),
(1402, 2, 0, 'restock', '2025-11-13 09:40:19', '2025-11-13 09:40:19'),
(1403, 3, -5, 'restock', '2025-11-13 09:40:19', '2025-11-13 09:40:19'),
(1404, 4, 0, 'restock', '2025-11-13 09:40:19', '2025-11-13 09:40:19'),
(1405, 5, 0, 'restock', '2025-11-13 09:40:19', '2025-11-13 09:40:19'),
(1406, 12, 0, 'restock', '2025-11-13 09:40:19', '2025-11-13 09:40:19'),
(1407, 9, 0, 'restock', '2025-11-13 09:40:19', '2025-11-13 09:40:19'),
(1408, 10, 0, 'restock', '2025-11-13 09:40:19', '2025-11-13 09:40:19'),
(1409, 1, -1, 'restock', '2025-11-13 09:40:31', '2025-11-13 09:40:31'),
(1410, 2, 0, 'restock', '2025-11-13 09:40:31', '2025-11-13 09:40:31'),
(1411, 3, -5, 'restock', '2025-11-13 09:40:31', '2025-11-13 09:40:31'),
(1412, 4, 0, 'restock', '2025-11-13 09:40:31', '2025-11-13 09:40:31'),
(1413, 5, 0, 'restock', '2025-11-13 09:40:31', '2025-11-13 09:40:31'),
(1414, 6, 0, 'restock', '2025-11-13 09:40:31', '2025-11-13 09:40:31'),
(1415, 7, 0, 'restock', '2025-11-13 09:40:31', '2025-11-13 09:40:31'),
(1416, 8, 0, 'restock', '2025-11-13 09:40:31', '2025-11-13 09:40:31'),
(1417, 9, 0, 'restock', '2025-11-13 09:40:31', '2025-11-13 09:40:31'),
(1418, 10, 0, 'restock', '2025-11-13 09:40:31', '2025-11-13 09:40:31'),
(1419, 1, -16, 'restock', '2025-11-13 09:40:41', '2025-11-13 09:40:41'),
(1420, 2, -12, 'restock', '2025-11-13 09:40:41', '2025-11-13 09:40:41'),
(1421, 3, -40, 'restock', '2025-11-13 09:40:41', '2025-11-13 09:40:41'),
(1422, 4, -6, 'restock', '2025-11-13 09:40:41', '2025-11-13 09:40:41'),
(1424, 8, -1, 'restock', '2025-11-13 09:40:41', '2025-11-13 09:40:41'),
(1425, 9, 0, 'restock', '2025-11-13 09:40:41', '2025-11-13 09:40:41'),
(1426, 10, 0, 'restock', '2025-11-13 09:40:41', '2025-11-13 09:40:41'),
(1427, 1, -16, 'restock', '2025-11-13 09:40:51', '2025-11-13 09:40:51'),
(1428, 2, -8, 'restock', '2025-11-13 09:40:51', '2025-11-13 09:40:51'),
(1429, 3, -40, 'restock', '2025-11-13 09:40:51', '2025-11-13 09:40:51'),
(1430, 4, -6, 'restock', '2025-11-13 09:40:51', '2025-11-13 09:40:51'),
(1431, 5, -6, 'restock', '2025-11-13 09:40:51', '2025-11-13 09:40:51'),
(1432, 13, -10, 'restock', '2025-11-13 09:40:51', '2025-11-13 09:40:51'),
(1433, 1, -8, 'restock', '2025-11-13 09:40:59', '2025-11-13 09:40:59'),
(1434, 2, -5, 'restock', '2025-11-13 09:40:59', '2025-11-13 09:40:59'),
(1435, 3, -20, 'restock', '2025-11-13 09:40:59', '2025-11-13 09:40:59'),
(1436, 4, -5, 'restock', '2025-11-13 09:40:59', '2025-11-13 09:40:59'),
(1437, 5, -3, 'restock', '2025-11-13 09:40:59', '2025-11-13 09:40:59'),
(1439, 9, 0, 'restock', '2025-11-13 09:40:59', '2025-11-13 09:40:59'),
(1440, 1, -10, 'restock', '2025-11-13 09:41:08', '2025-11-13 09:41:08'),
(1441, 4, -4, 'restock', '2025-11-13 09:41:08', '2025-11-13 09:41:08'),
(1444, 2, -3, 'restock', '2025-11-13 09:41:08', '2025-11-13 09:41:08'),
(1445, 9, 0, 'restock', '2025-11-13 09:41:08', '2025-11-13 09:41:08'),
(1446, 1, -6, 'restock', '2025-11-13 09:41:16', '2025-11-13 09:41:16'),
(1447, 2, -4, 'restock', '2025-11-13 09:41:16', '2025-11-13 09:41:16'),
(1448, 3, -20, 'restock', '2025-11-13 09:41:16', '2025-11-13 09:41:16'),
(1449, 4, -3, 'restock', '2025-11-13 09:41:16', '2025-11-13 09:41:16'),
(1450, 5, -3, 'restock', '2025-11-13 09:41:16', '2025-11-13 09:41:16'),
(1451, 20, 0, 'restock', '2025-11-13 09:41:16', '2025-11-13 09:41:16'),
(1452, 13, -3, 'restock', '2025-11-13 09:41:16', '2025-11-13 09:41:16'),
(1453, 1, -4, 'restock', '2025-11-13 09:41:25', '2025-11-13 09:41:25'),
(1454, 19, 0, 'restock', '2025-11-13 09:41:25', '2025-11-13 09:41:25'),
(1455, 2, -3, 'restock', '2025-11-13 09:41:25', '2025-11-13 09:41:25'),
(1456, 3, -15, 'restock', '2025-11-13 09:41:25', '2025-11-13 09:41:25'),
(1457, 4, -2, 'restock', '2025-11-13 09:41:25', '2025-11-13 09:41:25'),
(1458, 5, -2, 'restock', '2025-11-13 09:41:25', '2025-11-13 09:41:25'),
(1459, 6, -1, 'restock', '2025-11-13 09:41:25', '2025-11-13 09:41:25'),
(1460, 1, -1, 'restock', '2025-11-13 09:41:52', '2025-11-13 09:41:52'),
(1461, 11, 0, 'restock', '2025-11-13 09:41:52', '2025-11-13 09:41:52'),
(1462, 2, -1, 'restock', '2025-11-13 09:41:52', '2025-11-13 09:41:52'),
(1463, 3, -4, 'restock', '2025-11-13 09:41:52', '2025-11-13 09:41:52'),
(1464, 4, 0, 'restock', '2025-11-13 09:41:52', '2025-11-13 09:41:52'),
(1465, 5, 0, 'restock', '2025-11-13 09:41:52', '2025-11-13 09:41:52'),
(1466, 12, 0, 'restock', '2025-11-13 09:41:52', '2025-11-13 09:41:52'),
(1467, 9, 0, 'restock', '2025-11-13 09:41:52', '2025-11-13 09:41:52'),
(1468, 10, 0, 'restock', '2025-11-13 09:41:52', '2025-11-13 09:41:52'),
(1469, 44, 1, 'restock', '2025-11-13 09:50:25', '2025-11-13 09:50:25'),
(1470, 44, 40, 'restock', '2025-11-13 09:51:35', '2025-11-13 09:51:35'),
(1471, 41, 1, 'restock', '2025-11-13 10:05:29', '2025-11-13 10:05:29'),
(1472, 41, 1, 'restock', '2025-11-13 10:06:32', '2025-11-13 10:06:32');
INSERT INTO `raw_item_stock_history` (`history_id`, `raw_id`, `stock_change`, `reason`, `date_updated`, `created_at`) VALUES
(1473, 41, 18, 'restock', '2025-11-13 10:12:56', '2025-11-13 10:12:56'),
(1474, 39, 30, 'restock', '2025-11-13 10:13:57', '2025-11-13 10:13:57'),
(1475, 1, 200, 'restock', '2025-11-13 10:26:27', '2025-11-13 10:26:27'),
(1476, 38, 20, 'restock', '2025-11-13 10:27:22', '2025-11-13 10:27:22'),
(1477, 33, 30, 'restock', '2025-11-13 10:28:17', '2025-11-13 10:28:17'),
(1478, 32, 30, 'restock', '2025-11-13 10:29:08', '2025-11-13 10:29:08'),
(1479, 37, 20, 'restock', '2025-11-13 10:29:56', '2025-11-13 10:29:56'),
(1480, 31, 40, 'restock', '2025-11-13 10:30:39', '2025-11-13 10:30:39'),
(1481, 23, 30, 'restock', '2025-11-13 10:31:19', '2025-11-13 10:31:19'),
(1482, 21, 40, 'restock', '2025-11-13 10:31:57', '2025-11-13 10:31:57'),
(1483, 16, 30, 'restock', '2025-11-13 10:32:32', '2025-11-13 10:32:32'),
(1484, 13, 60, 'restock', '2025-11-13 10:33:02', '2025-11-13 10:33:02'),
(1485, 5, 100, 'restock', '2025-11-13 10:33:59', '2025-11-13 10:33:59'),
(1486, 4, 100, 'restock', '2025-11-13 10:35:13', '2025-11-13 10:35:13'),
(1487, 3, 1000, 'restock', '2025-11-13 10:35:46', '2025-11-13 10:35:46'),
(1488, 2, 150, 'restock', '2025-11-13 10:36:27', '2025-11-13 10:36:27'),
(1489, 1, -8, 'restock', '2025-11-13 10:37:18', '2025-11-13 10:37:18'),
(1490, 2, -6, 'restock', '2025-11-13 10:37:18', '2025-11-13 10:37:18'),
(1491, 3, -20, 'restock', '2025-11-13 10:37:18', '2025-11-13 10:37:18'),
(1492, 4, -3, 'restock', '2025-11-13 10:37:18', '2025-11-13 10:37:18'),
(1493, 5, -3, 'restock', '2025-11-13 10:37:18', '2025-11-13 10:37:18'),
(1494, 29, -2, 'restock', '2025-11-13 10:37:18', '2025-11-13 10:37:18'),
(1495, 9, 0, 'restock', '2025-11-13 10:37:18', '2025-11-13 10:37:18'),
(1496, 1, -8, 'restock', '2025-11-13 10:38:53', '2025-11-13 10:38:53'),
(1497, 2, -6, 'restock', '2025-11-13 10:38:53', '2025-11-13 10:38:53'),
(1498, 3, -20, 'restock', '2025-11-13 10:38:53', '2025-11-13 10:38:53'),
(1499, 4, -3, 'restock', '2025-11-13 10:38:53', '2025-11-13 10:38:53'),
(1500, 5, -3, 'restock', '2025-11-13 10:38:53', '2025-11-13 10:38:53'),
(1501, 29, -2, 'restock', '2025-11-13 10:38:53', '2025-11-13 10:38:53'),
(1502, 9, 0, 'restock', '2025-11-13 10:38:53', '2025-11-13 10:38:53'),
(1503, 1, -8, 'restock', '2025-11-13 10:41:37', '2025-11-13 10:41:37'),
(1504, 2, -6, 'restock', '2025-11-13 10:41:37', '2025-11-13 10:41:37'),
(1505, 3, -20, 'restock', '2025-11-13 10:41:37', '2025-11-13 10:41:37'),
(1506, 4, -3, 'restock', '2025-11-13 10:41:37', '2025-11-13 10:41:37'),
(1507, 5, -3, 'restock', '2025-11-13 10:41:37', '2025-11-13 10:41:37'),
(1508, 29, -2, 'restock', '2025-11-13 10:41:37', '2025-11-13 10:41:37'),
(1509, 9, 0, 'restock', '2025-11-13 10:41:37', '2025-11-13 10:41:37'),
(1510, 1, -8, 'restock', '2025-11-13 10:47:12', '2025-11-13 10:47:12'),
(1511, 2, -6, 'restock', '2025-11-13 10:47:12', '2025-11-13 10:47:12'),
(1512, 3, -20, 'restock', '2025-11-13 10:47:12', '2025-11-13 10:47:12'),
(1513, 4, -3, 'restock', '2025-11-13 10:47:12', '2025-11-13 10:47:12'),
(1514, 5, -3, 'restock', '2025-11-13 10:47:12', '2025-11-13 10:47:12'),
(1515, 29, -2, 'restock', '2025-11-13 10:47:12', '2025-11-13 10:47:12'),
(1516, 9, 0, 'restock', '2025-11-13 10:47:12', '2025-11-13 10:47:12'),
(1517, 1, -8, 'restock', '2025-11-13 10:49:42', '2025-11-13 10:49:42'),
(1518, 2, -6, 'restock', '2025-11-13 10:49:42', '2025-11-13 10:49:42'),
(1519, 3, -20, 'restock', '2025-11-13 10:49:42', '2025-11-13 10:49:42'),
(1520, 4, -3, 'restock', '2025-11-13 10:49:42', '2025-11-13 10:49:42'),
(1521, 5, -3, 'restock', '2025-11-13 10:49:42', '2025-11-13 10:49:42'),
(1522, 29, -2, 'restock', '2025-11-13 10:49:42', '2025-11-13 10:49:42'),
(1523, 9, 0, 'restock', '2025-11-13 10:49:42', '2025-11-13 10:49:42'),
(1524, 1, -8, 'restock', '2025-11-13 10:52:51', '2025-11-13 10:52:51'),
(1525, 2, -6, 'restock', '2025-11-13 10:52:51', '2025-11-13 10:52:51'),
(1526, 3, -20, 'restock', '2025-11-13 10:52:51', '2025-11-13 10:52:51'),
(1527, 4, -3, 'restock', '2025-11-13 10:52:51', '2025-11-13 10:52:51'),
(1528, 5, -3, 'restock', '2025-11-13 10:52:51', '2025-11-13 10:52:51'),
(1529, 29, -2, 'restock', '2025-11-13 10:52:51', '2025-11-13 10:52:51'),
(1530, 9, 0, 'restock', '2025-11-13 10:52:51', '2025-11-13 10:52:51'),
(1531, 1, -8, 'restock', '2025-11-13 10:54:24', '2025-11-13 10:54:24'),
(1532, 2, -6, 'restock', '2025-11-13 10:54:24', '2025-11-13 10:54:24'),
(1533, 3, -20, 'restock', '2025-11-13 10:54:24', '2025-11-13 10:54:24'),
(1534, 4, -3, 'restock', '2025-11-13 10:54:24', '2025-11-13 10:54:24'),
(1535, 5, -3, 'restock', '2025-11-13 10:54:24', '2025-11-13 10:54:24'),
(1536, 29, -2, 'restock', '2025-11-13 10:54:24', '2025-11-13 10:54:24'),
(1537, 9, 0, 'restock', '2025-11-13 10:54:24', '2025-11-13 10:54:24'),
(1538, 1, -8, 'restock', '2025-11-13 10:54:47', '2025-11-13 10:54:47'),
(1539, 2, -6, 'restock', '2025-11-13 10:54:47', '2025-11-13 10:54:47'),
(1540, 3, -20, 'restock', '2025-11-13 10:54:47', '2025-11-13 10:54:47'),
(1541, 4, -3, 'restock', '2025-11-13 10:54:47', '2025-11-13 10:54:47'),
(1542, 5, -3, 'restock', '2025-11-13 10:54:47', '2025-11-13 10:54:47'),
(1543, 29, -2, 'restock', '2025-11-13 10:54:47', '2025-11-13 10:54:47'),
(1544, 9, 0, 'restock', '2025-11-13 10:54:47', '2025-11-13 10:54:47'),
(1545, 1, -8, 'restock', '2025-11-13 10:56:16', '2025-11-13 10:56:16'),
(1546, 2, -6, 'restock', '2025-11-13 10:56:16', '2025-11-13 10:56:16'),
(1547, 3, -20, 'restock', '2025-11-13 10:56:16', '2025-11-13 10:56:16'),
(1548, 4, -3, 'restock', '2025-11-13 10:56:16', '2025-11-13 10:56:16'),
(1549, 5, -3, 'restock', '2025-11-13 10:56:16', '2025-11-13 10:56:16'),
(1550, 29, -2, 'restock', '2025-11-13 10:56:16', '2025-11-13 10:56:16'),
(1551, 9, 0, 'restock', '2025-11-13 10:56:16', '2025-11-13 10:56:16'),
(1552, 1, -8, 'restock', '2025-11-13 10:58:50', '2025-11-13 10:58:50'),
(1553, 2, -6, 'restock', '2025-11-13 10:58:50', '2025-11-13 10:58:50'),
(1554, 3, -20, 'restock', '2025-11-13 10:58:50', '2025-11-13 10:58:50'),
(1555, 4, -3, 'restock', '2025-11-13 10:58:50', '2025-11-13 10:58:50'),
(1556, 5, -3, 'restock', '2025-11-13 10:58:50', '2025-11-13 10:58:50'),
(1557, 29, -2, 'restock', '2025-11-13 10:58:50', '2025-11-13 10:58:50'),
(1558, 9, 0, 'restock', '2025-11-13 10:58:50', '2025-11-13 10:58:50'),
(1559, 1, -8, 'restock', '2025-11-13 11:03:51', '2025-11-13 11:03:51'),
(1560, 2, -6, 'restock', '2025-11-13 11:03:51', '2025-11-13 11:03:51'),
(1561, 3, -20, 'restock', '2025-11-13 11:03:51', '2025-11-13 11:03:51'),
(1562, 4, -3, 'restock', '2025-11-13 11:03:51', '2025-11-13 11:03:51'),
(1563, 5, -3, 'restock', '2025-11-13 11:03:51', '2025-11-13 11:03:51'),
(1564, 29, -2, 'restock', '2025-11-13 11:03:51', '2025-11-13 11:03:51'),
(1565, 9, 0, 'restock', '2025-11-13 11:03:51', '2025-11-13 11:03:51'),
(1566, 1, -8, 'restock', '2025-11-13 11:06:20', '2025-11-13 11:06:20'),
(1567, 2, -6, 'restock', '2025-11-13 11:06:20', '2025-11-13 11:06:20'),
(1568, 3, -20, 'restock', '2025-11-13 11:06:20', '2025-11-13 11:06:20'),
(1569, 4, -3, 'restock', '2025-11-13 11:06:20', '2025-11-13 11:06:20'),
(1570, 5, -3, 'restock', '2025-11-13 11:06:20', '2025-11-13 11:06:20'),
(1571, 29, -2, 'restock', '2025-11-13 11:06:20', '2025-11-13 11:06:20'),
(1572, 9, 0, 'restock', '2025-11-13 11:06:20', '2025-11-13 11:06:20'),
(1573, 1, -8, 'restock', '2025-11-13 11:22:55', '2025-11-13 11:22:55'),
(1574, 2, -6, 'restock', '2025-11-13 11:22:55', '2025-11-13 11:22:55'),
(1575, 3, -20, 'restock', '2025-11-13 11:22:55', '2025-11-13 11:22:55'),
(1576, 4, -3, 'restock', '2025-11-13 11:22:55', '2025-11-13 11:22:55'),
(1577, 5, -3, 'restock', '2025-11-13 11:22:55', '2025-11-13 11:22:55'),
(1578, 29, -2, 'restock', '2025-11-13 11:22:55', '2025-11-13 11:22:55'),
(1579, 9, 0, 'restock', '2025-11-13 11:22:55', '2025-11-13 11:22:55'),
(1580, 1, -8, 'restock', '2025-11-13 11:23:26', '2025-11-13 11:23:26'),
(1581, 2, -6, 'restock', '2025-11-13 11:23:26', '2025-11-13 11:23:26'),
(1582, 3, -20, 'restock', '2025-11-13 11:23:26', '2025-11-13 11:23:26'),
(1583, 4, -3, 'restock', '2025-11-13 11:23:26', '2025-11-13 11:23:26'),
(1584, 5, -3, 'restock', '2025-11-13 11:23:26', '2025-11-13 11:23:26'),
(1585, 29, -2, 'restock', '2025-11-13 11:23:26', '2025-11-13 11:23:26'),
(1586, 9, 0, 'restock', '2025-11-13 11:23:26', '2025-11-13 11:23:26'),
(1587, 1, -8, 'restock', '2025-11-13 11:23:56', '2025-11-13 11:23:56'),
(1588, 2, -6, 'restock', '2025-11-13 11:23:56', '2025-11-13 11:23:56'),
(1589, 3, -20, 'restock', '2025-11-13 11:23:56', '2025-11-13 11:23:56'),
(1590, 4, -3, 'restock', '2025-11-13 11:23:56', '2025-11-13 11:23:56'),
(1591, 5, -3, 'restock', '2025-11-13 11:23:56', '2025-11-13 11:23:56'),
(1592, 29, -2, 'restock', '2025-11-13 11:23:56', '2025-11-13 11:23:56'),
(1593, 9, 0, 'restock', '2025-11-13 11:23:56', '2025-11-13 11:23:56'),
(1594, 1, -8, 'restock', '2025-11-13 11:30:03', '2025-11-13 11:30:03'),
(1595, 2, -6, 'restock', '2025-11-13 11:30:03', '2025-11-13 11:30:03'),
(1596, 3, -20, 'restock', '2025-11-13 11:30:03', '2025-11-13 11:30:03'),
(1597, 4, -3, 'restock', '2025-11-13 11:30:03', '2025-11-13 11:30:03'),
(1598, 5, -3, 'restock', '2025-11-13 11:30:03', '2025-11-13 11:30:03'),
(1599, 29, -2, 'restock', '2025-11-13 11:30:03', '2025-11-13 11:30:03'),
(1600, 9, 0, 'restock', '2025-11-13 11:30:03', '2025-11-13 11:30:03'),
(1601, 2, 120, 'restock', '2025-11-13 11:33:27', '2025-11-13 11:33:27'),
(1602, 1, -8, 'restock', '2025-11-13 11:35:02', '2025-11-13 11:35:02'),
(1603, 2, -6, 'restock', '2025-11-13 11:35:02', '2025-11-13 11:35:02'),
(1604, 3, -20, 'restock', '2025-11-13 11:35:02', '2025-11-13 11:35:02'),
(1605, 4, -3, 'restock', '2025-11-13 11:35:02', '2025-11-13 11:35:02'),
(1606, 5, -3, 'restock', '2025-11-13 11:35:02', '2025-11-13 11:35:02'),
(1607, 29, -2, 'restock', '2025-11-13 11:35:02', '2025-11-13 11:35:02'),
(1608, 9, 0, 'restock', '2025-11-13 11:35:02', '2025-11-13 11:35:02'),
(1609, 41, 500, 'restock', '2025-11-13 12:07:32', '2025-11-13 12:07:32'),
(1610, 1, -8, 'restock', '2025-11-13 12:08:16', '2025-11-13 12:08:16'),
(1611, 2, -6, 'restock', '2025-11-13 12:08:16', '2025-11-13 12:08:16'),
(1612, 3, -20, 'restock', '2025-11-13 12:08:16', '2025-11-13 12:08:16'),
(1613, 4, -3, 'restock', '2025-11-13 12:08:16', '2025-11-13 12:08:16'),
(1614, 5, -3, 'restock', '2025-11-13 12:08:16', '2025-11-13 12:08:16'),
(1615, 29, -2, 'restock', '2025-11-13 12:08:16', '2025-11-13 12:08:16'),
(1616, 9, 0, 'restock', '2025-11-13 12:08:16', '2025-11-13 12:08:16'),
(1617, 41, -25, 'restock', '2025-11-13 12:08:16', '2025-11-13 12:08:16'),
(1618, 41, 505, 'restock', '2025-11-13 12:09:49', '2025-11-13 12:09:49'),
(1619, 1, -8, 'restock', '2025-11-13 12:10:51', '2025-11-13 12:10:51'),
(1620, 2, -6, 'restock', '2025-11-13 12:10:51', '2025-11-13 12:10:51'),
(1621, 3, -20, 'restock', '2025-11-13 12:10:51', '2025-11-13 12:10:51'),
(1622, 4, -3, 'restock', '2025-11-13 12:10:51', '2025-11-13 12:10:51'),
(1623, 5, -3, 'restock', '2025-11-13 12:10:51', '2025-11-13 12:10:51'),
(1624, 29, -2, 'restock', '2025-11-13 12:10:51', '2025-11-13 12:10:51'),
(1625, 9, 0, 'restock', '2025-11-13 12:10:51', '2025-11-13 12:10:51'),
(1626, 41, -25, 'restock', '2025-11-13 12:10:51', '2025-11-13 12:10:51'),
(1627, 1, -8, 'restock', '2025-11-13 12:36:56', '2025-11-13 12:36:56'),
(1628, 2, -5, 'restock', '2025-11-13 12:36:56', '2025-11-13 12:36:56'),
(1629, 3, -20, 'restock', '2025-11-13 12:36:56', '2025-11-13 12:36:56'),
(1630, 4, -5, 'restock', '2025-11-13 12:36:56', '2025-11-13 12:36:56'),
(1631, 5, -3, 'restock', '2025-11-13 12:36:56', '2025-11-13 12:36:56'),
(1632, 9, 0, 'restock', '2025-11-13 12:36:56', '2025-11-13 12:36:56'),
(1633, 1, -1, 'restock', '2025-11-13 13:03:40', '2025-11-13 13:03:40'),
(1634, 2, -1, 'restock', '2025-11-13 13:03:40', '2025-11-13 13:03:40'),
(1635, 3, -4, 'restock', '2025-11-13 13:03:40', '2025-11-13 13:03:40'),
(1636, 4, 0, 'restock', '2025-11-13 13:03:40', '2025-11-13 13:03:40'),
(1637, 5, 0, 'restock', '2025-11-13 13:03:40', '2025-11-13 13:03:40'),
(1638, 25, 0, 'restock', '2025-11-13 13:03:40', '2025-11-13 13:03:40'),
(1639, 6, 0, 'restock', '2025-11-13 13:03:40', '2025-11-13 13:03:40'),
(1640, 3, 4, 'restock', '2025-11-13 13:04:22', '2025-11-13 13:04:22'),
(1641, 2, 1, 'restock', '2025-11-13 13:06:00', '2025-11-13 13:06:00'),
(1642, 1, 1, 'restock', '2025-11-13 13:06:13', '2025-11-13 13:06:13'),
(1643, 29, -5, 'Used for new product (ID: 71)', '2025-11-13 13:25:38', '2025-11-13 13:25:38'),
(1644, 13, -5, 'Used for new product (ID: 71)', '2025-11-13 13:25:38', '2025-11-13 13:25:38'),
(1645, 5, -5, 'Used for new product (ID: 71)', '2025-11-13 13:25:38', '2025-11-13 13:25:38'),
(1646, 2, -5, 'Used for new product (ID: 71)', '2025-11-13 13:25:38', '2025-11-13 13:25:38'),
(1647, 8, -5, 'Used for new product (ID: 71)', '2025-11-13 13:25:38', '2025-11-13 13:25:38'),
(1648, 29, -5, 'restock', '2025-11-13 13:28:52', '2025-11-13 13:28:52'),
(1649, 13, -5, 'restock', '2025-11-13 13:28:52', '2025-11-13 13:28:52'),
(1650, 5, -5, 'restock', '2025-11-13 13:28:52', '2025-11-13 13:28:52'),
(1651, 2, -5, 'restock', '2025-11-13 13:28:52', '2025-11-13 13:28:52'),
(1652, 8, -5, 'restock', '2025-11-13 13:28:52', '2025-11-13 13:28:52'),
(1653, 29, -2, 'Used for new product (ID: 72)', '2025-11-13 13:33:17', '2025-11-13 13:33:17'),
(1654, 3, -2, 'Used for new product (ID: 72)', '2025-11-13 13:33:17', '2025-11-13 13:33:17'),
(1655, 5, -2, 'Used for new product (ID: 72)', '2025-11-13 13:33:17', '2025-11-13 13:33:17'),
(1656, 7, -2, 'Used for new product (ID: 72)', '2025-11-13 13:33:17', '2025-11-13 13:33:17'),
(1657, 2, -2, 'Used for new product (ID: 72)', '2025-11-13 13:33:17', '2025-11-13 13:33:17'),
(1658, 8, -2, 'Used for new product (ID: 72)', '2025-11-13 13:33:17', '2025-11-13 13:33:17'),
(1659, 13, -5, 'restock', '2025-11-14 11:44:03', '2025-11-14 11:44:03'),
(1660, 12, -5, 'restock', '2025-11-14 11:44:03', '2025-11-14 11:44:03'),
(1661, 3, -5, 'restock', '2025-11-14 11:44:03', '2025-11-14 11:44:03'),
(1662, 5, -5, 'restock', '2025-11-14 11:44:03', '2025-11-14 11:44:03'),
(1663, 2, -5, 'restock', '2025-11-14 11:44:03', '2025-11-14 11:44:03'),
(1664, 1, -1, 'restock', '2025-11-14 15:57:51', '2025-11-14 15:57:51'),
(1665, 17, 0, 'restock', '2025-11-14 15:57:51', '2025-11-14 15:57:51'),
(1666, 2, -1, 'restock', '2025-11-14 15:57:51', '2025-11-14 15:57:51'),
(1667, 3, -4, 'restock', '2025-11-14 15:57:51', '2025-11-14 15:57:51'),
(1668, 4, 0, 'restock', '2025-11-14 15:57:51', '2025-11-14 15:57:51'),
(1669, 5, 0, 'restock', '2025-11-14 15:57:51', '2025-11-14 15:57:51'),
(1670, 18, 0, 'restock', '2025-11-14 15:57:51', '2025-11-14 15:57:51'),
(1671, 8, 0, 'restock', '2025-11-14 15:57:51', '2025-11-14 15:57:51'),
(1672, 1, -5, 'restock', '2025-11-14 16:03:23', '2025-11-14 16:03:23'),
(1673, 10, 0, 'restock', '2025-11-14 16:03:23', '2025-11-14 16:03:23'),
(1674, 1, -1, 'restock', '2025-11-14 16:27:14', '2025-11-14 16:27:14'),
(1675, 21, -1, 'restock', '2025-11-14 16:27:14', '2025-11-14 16:27:14'),
(1676, 2, -1, 'restock', '2025-11-14 16:27:14', '2025-11-14 16:27:14'),
(1677, 3, -4, 'restock', '2025-11-14 16:27:14', '2025-11-14 16:27:14'),
(1678, 4, 0, 'restock', '2025-11-14 16:27:14', '2025-11-14 16:27:14'),
(1679, 5, 0, 'restock', '2025-11-14 16:27:14', '2025-11-14 16:27:14'),
(1680, 22, 0, 'restock', '2025-11-14 16:27:14', '2025-11-14 16:27:14'),
(1681, 9, 0, 'restock', '2025-11-14 16:27:14', '2025-11-14 16:27:14'),
(1682, 29, -2, 'restock', '2025-11-14 21:10:21', '2025-11-14 21:10:21'),
(1683, 3, -2, 'restock', '2025-11-14 21:10:21', '2025-11-14 21:10:21'),
(1684, 5, -2, 'restock', '2025-11-14 21:10:21', '2025-11-14 21:10:21'),
(1685, 7, -2, 'restock', '2025-11-14 21:10:21', '2025-11-14 21:10:21'),
(1686, 2, -2, 'restock', '2025-11-14 21:10:21', '2025-11-14 21:10:21'),
(1687, 8, -2, 'restock', '2025-11-14 21:10:21', '2025-11-14 21:10:21'),
(1688, 1, -2, 'restock', '2025-11-14 21:10:27', '2025-11-14 21:10:27'),
(1689, 17, -2, 'restock', '2025-11-14 21:10:27', '2025-11-14 21:10:27'),
(1690, 2, -2, 'restock', '2025-11-14 21:10:27', '2025-11-14 21:10:27'),
(1691, 3, -2, 'restock', '2025-11-14 21:10:27', '2025-11-14 21:10:27'),
(1692, 4, -2, 'restock', '2025-11-14 21:10:27', '2025-11-14 21:10:27'),
(1693, 5, -2, 'restock', '2025-11-14 21:10:27', '2025-11-14 21:10:27'),
(1694, 18, -2, 'restock', '2025-11-14 21:10:27', '2025-11-14 21:10:27'),
(1695, 8, -2, 'restock', '2025-11-14 21:10:27', '2025-11-14 21:10:27'),
(1696, 1, -2, 'restock', '2025-11-14 21:10:47', '2025-11-14 21:10:47'),
(1697, 21, -2, 'restock', '2025-11-14 21:10:47', '2025-11-14 21:10:47'),
(1698, 2, -2, 'restock', '2025-11-14 21:10:47', '2025-11-14 21:10:47'),
(1699, 3, -2, 'restock', '2025-11-14 21:10:47', '2025-11-14 21:10:47'),
(1700, 4, -2, 'restock', '2025-11-14 21:10:47', '2025-11-14 21:10:47'),
(1701, 5, -2, 'restock', '2025-11-14 21:10:47', '2025-11-14 21:10:47'),
(1702, 22, -2, 'restock', '2025-11-14 21:10:47', '2025-11-14 21:10:47'),
(1703, 9, -2, 'restock', '2025-11-14 21:10:47', '2025-11-14 21:10:47'),
(1704, 1, -2, 'restock', '2025-11-14 21:10:59', '2025-11-14 21:10:59'),
(1705, 2, -2, 'restock', '2025-11-14 21:10:59', '2025-11-14 21:10:59'),
(1706, 3, -2, 'restock', '2025-11-14 21:10:59', '2025-11-14 21:10:59'),
(1707, 4, -2, 'restock', '2025-11-14 21:10:59', '2025-11-14 21:10:59'),
(1708, 5, -2, 'restock', '2025-11-14 21:10:59', '2025-11-14 21:10:59'),
(1709, 11, -2, 'restock', '2025-11-14 21:10:59', '2025-11-14 21:10:59'),
(1710, 16, -2, 'restock', '2025-11-14 21:10:59', '2025-11-14 21:10:59'),
(1711, 6, -2, 'restock', '2025-11-14 21:10:59', '2025-11-14 21:10:59'),
(1712, 1, -2, 'restock', '2025-11-14 21:12:10', '2025-11-14 21:12:10'),
(1713, 2, -2, 'restock', '2025-11-14 21:12:10', '2025-11-14 21:12:10'),
(1714, 3, -2, 'restock', '2025-11-14 21:12:10', '2025-11-14 21:12:10'),
(1715, 4, -2, 'restock', '2025-11-14 21:12:10', '2025-11-14 21:12:10'),
(1716, 5, -2, 'restock', '2025-11-14 21:12:10', '2025-11-14 21:12:10'),
(1717, 13, -2, 'restock', '2025-11-14 21:12:10', '2025-11-14 21:12:10'),
(1718, 24, -2, 'restock', '2025-11-14 21:12:10', '2025-11-14 21:12:10'),
(1719, 1, -2, 'restock', '2025-11-14 21:12:32', '2025-11-14 21:12:32'),
(1720, 2, -2, 'restock', '2025-11-14 21:12:32', '2025-11-14 21:12:32'),
(1721, 3, -2, 'restock', '2025-11-14 21:12:32', '2025-11-14 21:12:32'),
(1722, 4, -2, 'restock', '2025-11-14 21:12:32', '2025-11-14 21:12:32'),
(1723, 5, -2, 'restock', '2025-11-14 21:12:32', '2025-11-14 21:12:32'),
(1724, 13, -2, 'restock', '2025-11-14 21:12:32', '2025-11-14 21:12:32'),
(1725, 23, -2, 'restock', '2025-11-14 21:12:32', '2025-11-14 21:12:32'),
(1726, 1, -2, 'restock', '2025-11-14 21:12:42', '2025-11-14 21:12:42'),
(1727, 2, -2, 'restock', '2025-11-14 21:12:42', '2025-11-14 21:12:42'),
(1728, 3, -2, 'restock', '2025-11-14 21:12:42', '2025-11-14 21:12:42'),
(1729, 4, -2, 'restock', '2025-11-14 21:12:42', '2025-11-14 21:12:42'),
(1730, 5, -2, 'restock', '2025-11-14 21:12:42', '2025-11-14 21:12:42'),
(1731, 25, -2, 'restock', '2025-11-14 21:12:42', '2025-11-14 21:12:42'),
(1732, 6, -2, 'restock', '2025-11-14 21:12:42', '2025-11-14 21:12:42'),
(1733, 1, -2, 'restock', '2025-11-14 21:12:49', '2025-11-14 21:12:49'),
(1734, 2, -2, 'restock', '2025-11-14 21:12:49', '2025-11-14 21:12:49'),
(1735, 3, -2, 'restock', '2025-11-14 21:12:49', '2025-11-14 21:12:49'),
(1736, 4, -2, 'restock', '2025-11-14 21:12:49', '2025-11-14 21:12:49'),
(1737, 5, -2, 'restock', '2025-11-14 21:12:49', '2025-11-14 21:12:49'),
(1738, 14, -2, 'restock', '2025-11-14 21:12:49', '2025-11-14 21:12:49'),
(1739, 15, -2, 'restock', '2025-11-14 21:12:49', '2025-11-14 21:12:49'),
(1740, 11, -2, 'restock', '2025-11-14 21:12:49', '2025-11-14 21:12:49'),
(1741, 1, -2, 'restock', '2025-11-14 21:12:57', '2025-11-14 21:12:57'),
(1742, 2, -2, 'restock', '2025-11-14 21:12:57', '2025-11-14 21:12:57'),
(1743, 3, -2, 'restock', '2025-11-14 21:12:57', '2025-11-14 21:12:57'),
(1744, 4, -2, 'restock', '2025-11-14 21:12:57', '2025-11-14 21:12:57'),
(1745, 5, -2, 'restock', '2025-11-14 21:12:57', '2025-11-14 21:12:57'),
(1746, 11, -2, 'restock', '2025-11-14 21:12:57', '2025-11-14 21:12:57'),
(1747, 20, -2, 'restock', '2025-11-14 21:12:57', '2025-11-14 21:12:57'),
(1748, 13, -2, 'restock', '2025-11-14 21:12:57', '2025-11-14 21:12:57'),
(1749, 9, -2, 'restock', '2025-11-14 21:12:57', '2025-11-14 21:12:57'),
(1750, 10, -2, 'restock', '2025-11-14 21:12:57', '2025-11-14 21:12:57'),
(1751, 1, -2, 'restock', '2025-11-14 21:13:09', '2025-11-14 21:13:09'),
(1752, 2, -2, 'restock', '2025-11-14 21:13:09', '2025-11-14 21:13:09'),
(1753, 3, -2, 'restock', '2025-11-14 21:13:09', '2025-11-14 21:13:09'),
(1754, 4, -2, 'restock', '2025-11-14 21:13:09', '2025-11-14 21:13:09'),
(1755, 5, -2, 'restock', '2025-11-14 21:13:09', '2025-11-14 21:13:09'),
(1756, 13, -2, 'restock', '2025-11-14 21:13:09', '2025-11-14 21:13:09'),
(1757, 8, -2, 'restock', '2025-11-14 21:13:09', '2025-11-14 21:13:09'),
(1758, 1, -2, 'restock', '2025-11-14 21:14:35', '2025-11-14 21:14:35'),
(1759, 11, -2, 'restock', '2025-11-14 21:14:35', '2025-11-14 21:14:35'),
(1760, 2, -2, 'restock', '2025-11-14 21:14:35', '2025-11-14 21:14:35'),
(1761, 3, -2, 'restock', '2025-11-14 21:14:35', '2025-11-14 21:14:35'),
(1762, 4, -2, 'restock', '2025-11-14 21:14:35', '2025-11-14 21:14:35'),
(1763, 5, -2, 'restock', '2025-11-14 21:14:35', '2025-11-14 21:14:35'),
(1764, 12, -2, 'restock', '2025-11-14 21:14:35', '2025-11-14 21:14:35'),
(1765, 9, -2, 'restock', '2025-11-14 21:14:35', '2025-11-14 21:14:35'),
(1766, 10, -2, 'restock', '2025-11-14 21:14:35', '2025-11-14 21:14:35'),
(1767, 1, -2, 'restock', '2025-11-14 21:14:52', '2025-11-14 21:14:52'),
(1768, 2, -2, 'restock', '2025-11-14 21:14:52', '2025-11-14 21:14:52'),
(1769, 3, -2, 'restock', '2025-11-14 21:14:52', '2025-11-14 21:14:52'),
(1770, 4, -2, 'restock', '2025-11-14 21:14:52', '2025-11-14 21:14:52'),
(1771, 5, -2, 'restock', '2025-11-14 21:14:52', '2025-11-14 21:14:52'),
(1772, 6, -2, 'restock', '2025-11-14 21:14:52', '2025-11-14 21:14:52'),
(1773, 7, -2, 'restock', '2025-11-14 21:14:52', '2025-11-14 21:14:52'),
(1774, 8, -2, 'restock', '2025-11-14 21:14:52', '2025-11-14 21:14:52'),
(1775, 9, -2, 'restock', '2025-11-14 21:14:52', '2025-11-14 21:14:52'),
(1776, 10, -2, 'restock', '2025-11-14 21:14:52', '2025-11-14 21:14:52');

-- --------------------------------------------------------

--
-- Table structure for table `users`
--

CREATE TABLE `users` (
  `users_id` int(11) NOT NULL,
  `fullname` varchar(100) NOT NULL,
  `email` varchar(100) NOT NULL,
  `password` varchar(100) NOT NULL,
  `role` enum('customer','admin','superadmin') DEFAULT 'customer',
  `created_at` timestamp NOT NULL DEFAULT current_timestamp(),
  `phone` varchar(100) NOT NULL,
  `profile_image` varchar(255) DEFAULT NULL,
  `otp_code` varchar(6) DEFAULT NULL,
  `otp_expiry` datetime DEFAULT NULL
) ENGINE=InnoDB DEFAULT CHARSET=utf8mb4 COLLATE=utf8mb4_general_ci;

--
-- Dumping data for table `users`
--

INSERT INTO `users` (`users_id`, `fullname`, `email`, `password`, `role`, `created_at`, `phone`, `profile_image`, `otp_code`, `otp_expiry`) VALUES
(22, 'Seiko Matsuda', 'seikomatsuda62@gmail.com', 'seiko', 'customer', '2025-08-26 16:48:13', '0113952875', '1759323994_Matsuda_Seiko.jpg', NULL, NULL),
(32, 'Keiko Yamamura', 'Keikokay@gmail.com', 'keiko', 'customer', '2025-08-29 08:39:30', '0127376077', '1759323844_Screenshot 2025-10-01 194354.png', NULL, NULL),
(38, 'Rachel Ng Ker Xin', 'rngkxxx@gmail.com', 'rngkx@0668', 'superadmin', '2025-09-01 16:02:20', '0173930450', NULL, NULL, NULL),
(41, 'Ayaka Hirahara', 'ayakahirahara@gmail.com', 'ayaka', 'admin', '2025-09-02 01:07:28', '0123456789', '1759812610_Screenshot 2025-06-16 000322.png', NULL, NULL),
(43, 'Ng Kah Song', 'kasong.ng@gmail.com', 'song', 'customer', '2025-09-02 12:42:48', '0124897949', '1759319565_Screenshot 2025-10-01 195226.png', NULL, NULL),
(47, 'Girl\'s Generation', 'girlgeneration@gmail.com', 'snsd', 'admin', '2025-09-23 01:06:18', '0124086296', '1759327044_20a0efcb4c6b2fbdd60a544b6ab15268.1000x1000x1.png', NULL, NULL),
(50, 'Jessica Jung', 'Jessica@gmail.com', 'jung', 'customer', '2025-09-30 04:40:25', '0173930450', '1759326143_jessica.jpg', NULL, NULL),
(51, 'Sandy Ip    ', 'sandy@gmail.com', 'sandy', 'customer', '2025-10-01 14:55:23', '01293783134', NULL, NULL, NULL),
(64, 'Lee Ya Qian', 'leeyaqian@gmail.com', 'yaqian', 'customer', '2025-10-07 02:01:46', '0123456789', '1759802885_2.PNG', NULL, NULL),
(65, 'Eunice Choo', 'eunicechoo@gmail.com', 'eunice', 'admin', '2025-10-09 06:26:44', '0123456789', '1759991619_514410175_24205874899007551_7673328052839128537_n.jpg', '757789', '2025-10-15 15:22:10'),
(88, 'Ev Chong', 'evchong@gmail.com', 'chong', 'admin', '2025-10-13 07:20:56', '0124745022', NULL, NULL, NULL),
(104, 'Yang Shu', 'yangshu@gmail.com', 'yangshu', 'admin', '2025-10-13 02:01:42', '0173930450', NULL, NULL, NULL),
(109, 'Ya Han', 'yahan@gmail.com', 'yahan', 'admin', '2025-10-13 02:30:38', '0173930451', '', NULL, NULL),
(110, 'Lee Sora  ', 'leesora@gmail.com', 'sora', 'admin', '2025-10-15 11:54:26', '0173930450', NULL, NULL, NULL),
(111, 'Miri', 'miri@gmail.com', 'miri', 'admin', '2025-10-27 06:44:54', '0173930450', '1761548507_35922956_407002199801883_1050348855125606400_n.jpg', NULL, NULL),
(112, 'Sophia', 'sophia@gmail.com', 'sophia123', 'customer', '2025-10-27 08:20:43', '0173930450', '1761553633_29066331_2088451071171507_1927923897626263552_n.jpg', NULL, NULL),
(113, 'Sakura', 'sakura123@gmail.com', 'sakura123', 'customer', '2025-11-01 15:12:06', '0173930450', '1762009948_FRONT INSIDE.jpg', NULL, NULL),
(114, 'Mona Ooi', 'monaooi@gmail.com', 'mona', 'admin', '2025-11-01 15:39:44', '0123456789', '1762011658_Screenshot 2025-11-01 234029.jpg', NULL, NULL),
(117, 'Renoken', 'renoken@gmail.com', 'reno', 'customer', '2025-11-04 01:18:45', '0173930450', NULL, NULL, NULL),
(118, 'Meyoki', 'meyoki@gmail.com', 'meyo', 'customer', '2025-11-04 01:19:23', '0173930450', NULL, NULL, NULL),
(120, 'tina cheah', 'tinacheah@gmail.com', 'tina', 'admin', '2025-11-06 13:44:08', '0124073963', '1763091788_Screenshot 2025-11-14 114224.jpg', NULL, NULL);

--
-- Indexes for dumped tables
--

--
-- Indexes for table `audit_logs`
--
ALTER TABLE `audit_logs`
  ADD PRIMARY KEY (`log_id`);

--
-- Indexes for table `cart`
--
ALTER TABLE `cart`
  ADD PRIMARY KEY (`cart_id`),
  ADD KEY `users_id` (`users_id`),
  ADD KEY `products_id` (`products_id`);

--
-- Indexes for table `customer_payments`
--
ALTER TABLE `customer_payments`
  ADD PRIMARY KEY (`payment_id`),
  ADD KEY `fk_customer_payments_order` (`order_id`),
  ADD KEY `fk_customer_paymnts_users` (`users_id`);

--
-- Indexes for table `messages`
--
ALTER TABLE `messages`
  ADD PRIMARY KEY (`users_id`);

--
-- Indexes for table `orders`
--
ALTER TABLE `orders`
  ADD PRIMARY KEY (`order_id`),
  ADD KEY `users_id` (`users_id`);

--
-- Indexes for table `order_items`
--
ALTER TABLE `order_items`
  ADD PRIMARY KEY (`order_item_id`),
  ADD KEY `order_id` (`order_id`),
  ADD KEY `products_id` (`products_id`);

--
-- Indexes for table `products`
--
ALTER TABLE `products`
  ADD PRIMARY KEY (`products_id`);

--
-- Indexes for table `product_recipes`
--
ALTER TABLE `product_recipes`
  ADD PRIMARY KEY (`recipe_id`),
  ADD KEY `products_id` (`products_id`),
  ADD KEY `raw_id` (`raw_id`);

--
-- Indexes for table `product_stock`
--
ALTER TABLE `product_stock`
  ADD PRIMARY KEY (`stock_id`),
  ADD KEY `products_id` (`products_id`);

--
-- Indexes for table `raw_items`
--
ALTER TABLE `raw_items`
  ADD PRIMARY KEY (`raw_id`);

--
-- Indexes for table `raw_item_stock_history`
--
ALTER TABLE `raw_item_stock_history`
  ADD PRIMARY KEY (`history_id`),
  ADD KEY `raw_id` (`raw_id`);

--
-- Indexes for table `users`
--
ALTER TABLE `users`
  ADD PRIMARY KEY (`users_id`),
  ADD UNIQUE KEY `email` (`email`);

--
-- AUTO_INCREMENT for dumped tables
--

--
-- AUTO_INCREMENT for table `audit_logs`
--
ALTER TABLE `audit_logs`
  MODIFY `log_id` int(11) NOT NULL AUTO_INCREMENT, AUTO_INCREMENT=36;

--
-- AUTO_INCREMENT for table `cart`
--
ALTER TABLE `cart`
  MODIFY `cart_id` int(11) NOT NULL AUTO_INCREMENT, AUTO_INCREMENT=393;

--
-- AUTO_INCREMENT for table `customer_payments`
--
ALTER TABLE `customer_payments`
  MODIFY `payment_id` int(11) NOT NULL AUTO_INCREMENT, AUTO_INCREMENT=208;

--
-- AUTO_INCREMENT for table `messages`
--
ALTER TABLE `messages`
  MODIFY `users_id` int(11) NOT NULL AUTO_INCREMENT, AUTO_INCREMENT=41;

--
-- AUTO_INCREMENT for table `orders`
--
ALTER TABLE `orders`
  MODIFY `order_id` int(11) NOT NULL AUTO_INCREMENT, AUTO_INCREMENT=353;

--
-- AUTO_INCREMENT for table `order_items`
--
ALTER TABLE `order_items`
  MODIFY `order_item_id` int(11) NOT NULL AUTO_INCREMENT, AUTO_INCREMENT=499;

--
-- AUTO_INCREMENT for table `products`
--
ALTER TABLE `products`
  MODIFY `products_id` int(11) NOT NULL AUTO_INCREMENT, AUTO_INCREMENT=73;

--
-- AUTO_INCREMENT for table `product_recipes`
--
ALTER TABLE `product_recipes`
  MODIFY `recipe_id` int(11) NOT NULL AUTO_INCREMENT, AUTO_INCREMENT=431;

--
-- AUTO_INCREMENT for table `product_stock`
--
ALTER TABLE `product_stock`
  MODIFY `stock_id` int(11) NOT NULL AUTO_INCREMENT, AUTO_INCREMENT=281;

--
-- AUTO_INCREMENT for table `raw_items`
--
ALTER TABLE `raw_items`
  MODIFY `raw_id` int(11) NOT NULL AUTO_INCREMENT, AUTO_INCREMENT=53;

--
-- AUTO_INCREMENT for table `raw_item_stock_history`
--
ALTER TABLE `raw_item_stock_history`
  MODIFY `history_id` int(11) NOT NULL AUTO_INCREMENT, AUTO_INCREMENT=1777;

--
-- AUTO_INCREMENT for table `users`
--
ALTER TABLE `users`
  MODIFY `users_id` int(11) NOT NULL AUTO_INCREMENT, AUTO_INCREMENT=121;

--
-- Constraints for dumped tables
--

--
-- Constraints for table `cart`
--
ALTER TABLE `cart`
  ADD CONSTRAINT `cart_ibfk_1` FOREIGN KEY (`users_id`) REFERENCES `users` (`users_id`) ON DELETE CASCADE,
  ADD CONSTRAINT `cart_ibfk_2` FOREIGN KEY (`products_id`) REFERENCES `products` (`products_id`) ON DELETE CASCADE;

--
-- Constraints for table `customer_payments`
--
ALTER TABLE `customer_payments`
  ADD CONSTRAINT `fk_customer_payments_order` FOREIGN KEY (`order_id`) REFERENCES `orders` (`order_id`) ON DELETE CASCADE ON UPDATE CASCADE,
  ADD CONSTRAINT `fk_customer_paymnts_users` FOREIGN KEY (`users_id`) REFERENCES `users` (`users_id`) ON DELETE CASCADE ON UPDATE CASCADE;

--
-- Constraints for table `orders`
--
ALTER TABLE `orders`
  ADD CONSTRAINT `orders_ibfk_1` FOREIGN KEY (`users_id`) REFERENCES `users` (`users_id`);

--
-- Constraints for table `order_items`
--
ALTER TABLE `order_items`
  ADD CONSTRAINT `order_items_ibfk_1` FOREIGN KEY (`order_id`) REFERENCES `orders` (`order_id`) ON DELETE CASCADE,
  ADD CONSTRAINT `order_items_ibfk_2` FOREIGN KEY (`products_id`) REFERENCES `products` (`products_id`) ON DELETE CASCADE;

--
-- Constraints for table `product_recipes`
--
ALTER TABLE `product_recipes`
  ADD CONSTRAINT `product_recipes_ibfk_1` FOREIGN KEY (`products_id`) REFERENCES `products` (`products_id`) ON DELETE CASCADE,
  ADD CONSTRAINT `product_recipes_ibfk_2` FOREIGN KEY (`raw_id`) REFERENCES `raw_items` (`raw_id`) ON DELETE CASCADE;

--
-- Constraints for table `product_stock`
--
ALTER TABLE `product_stock`
  ADD CONSTRAINT `product_stock_ibfk_1` FOREIGN KEY (`products_id`) REFERENCES `products` (`products_id`) ON DELETE CASCADE;

--
-- Constraints for table `raw_item_stock_history`
--
ALTER TABLE `raw_item_stock_history`
  ADD CONSTRAINT `raw_item_stock_history_ibfk_1` FOREIGN KEY (`raw_id`) REFERENCES `raw_items` (`raw_id`) ON DELETE CASCADE;
COMMIT;

/*!40101 SET CHARACTER_SET_CLIENT=@OLD_CHARACTER_SET_CLIENT */;
/*!40101 SET CHARACTER_SET_RESULTS=@OLD_CHARACTER_SET_RESULTS */;
/*!40101 SET COLLATION_CONNECTION=@OLD_COLLATION_CONNECTION */;
